time,fragment_size,fragment_fraction,mean_holevo_norm,mean_ci_low,mean_ci_high,q10_holevo_norm,q10_ci_low,q10_ci_high,fragment_samples_per_realization,crosses_q10_threshold
36.0,0,0.0,0.0,0.0,0.0,0.0,0.0,0.0,0,False
36.0,1,0.0625,0.46197874615587686,0.43835522024702994,0.4862102764871033,0.09352474841935465,0.06343910485981821,0.13180281818436743,16,False
36.0,2,0.125,0.6963636539214336,0.6709904510777617,0.7216391132077732,0.39328564782752257,0.3307775513775359,0.45528130032961245,64,False
36.0,3,0.1875,0.8201939214831326,0.8012153547205647,0.8392487596929837,0.6175928628128887,0.5717267944488571,0.6661697459139752,64,False
36.0,4,0.25,0.8924631884168462,0.8749300250705773,0.9090434703535466,0.7772490663160826,0.737258600344705,0.8140660163997492,64,False
36.0,5,0.3125,0.9395935964210601,0.9283339726192915,0.9502267166743203,0.8721081771755879,0.8455611390571324,0.896275387786083,64,False
36.0,6,0.375,0.9629213908533923,0.9546612719316169,0.9708545415870958,0.9215231677900392,0.9037358950657497,0.9392320809052105,64,True
36.0,7,0.4375,0.9786527969130444,0.9726939178268735,0.9840366284996164,0.9545131987684347,0.9418098334933981,0.9661306671460638,64,True
36.0,8,0.5,0.9871166208744313,0.9829484259878983,0.9908531779445308,0.9724328561588867,0.9632190226821078,0.9806833700821178,64,True
36.0,9,0.5625,0.9923552003762807,0.9895606150875659,0.9948254760031983,0.9827835877286365,0.9763812403277385,0.9886144987867409,64,True
36.0,10,0.625,0.9954308300101701,0.9935857793984494,0.9970395834650496,0.9906195920664619,0.9869746858720808,0.9939353213726926,64,True
36.0,11,0.6875,0.9973652970385377,0.996070287169018,0.9984227093560796,0.9944954169266714,0.9917623787476962,0.996694317082823,64,True
36.0,12,0.75,0.9984712588627723,0.9976619374712409,0.9991334161517592,0.9969499344200772,0.9954362529416739,0.9982252945869129,64,True
36.0,13,0.8125,0.9991512326787321,0.9986652173684148,0.9995285246115809,0.9981938734093583,0.9970157385925944,0.9990497170152032,64,True
36.0,14,0.875,0.9995095675108295,0.9992096232233927,0.9997442541804069,0.999123836116683,0.9986263358601871,0.9995201845574136,64,True
36.0,15,0.9375,0.9997253908273458,0.9995371713561504,0.9998669836654422,0.9995124317307398,0.9991599931755927,0.9997737410849308,16,True
36.0,16,1.0,0.999847274899452,0.9997335775585644,0.9999310375153162,0.999847274899452,0.9997335775585644,0.9999310375153162,1,True
