time,fragment_size,fragment_fraction,mean_holevo_norm
0.0,0,0.0,0.0
1.0,0,0.0,0.0
2.0,0,0.0,0.0
3.0,0,0.0,0.0
4.0,0,0.0,0.0
5.0,0,0.0,0.0
6.0,0,0.0,0.0
7.0,0,0.0,0.0
8.0,0,0.0,0.0
9.0,0,0.0,0.0
10.0,0,0.0,0.0
11.0,0,0.0,0.0
12.0,0,0.0,0.0
13.0,0,0.0,0.0
14.0,0,0.0,0.0
15.0,0,0.0,0.0
16.0,0,0.0,0.0
17.0,0,0.0,0.0
18.0,0,0.0,0.0
19.0,0,0.0,0.0
20.0,0,0.0,0.0
21.0,0,0.0,0.0
22.0,0,0.0,0.0
23.0,0,0.0,0.0
24.0,0,0.0,0.0
25.0,0,0.0,0.0
26.0,0,0.0,0.0
27.0,0,0.0,0.0
28.0,0,0.0,0.0
29.0,0,0.0,0.0
30.0,0,0.0,0.0
31.0,0,0.0,0.0
32.0,0,0.0,0.0
33.0,0,0.0,0.0
34.0,0,0.0,0.0
35.0,0,0.0,0.0
36.0,0,0.0,0.0
37.0,0,0.0,0.0
38.0,0,0.0,0.0
39.0,0,0.0,0.0
40.0,0,0.0,0.0
0.0,1,0.0625,0.0
1.0,1,0.0625,0.036549010053461874
2.0,1,0.0625,0.10781294955180631
3.0,1,0.0625,0.1892443905138744
4.0,1,0.0625,0.26665625540714066
5.0,1,0.0625,0.3311964258302612
6.0,1,0.0625,0.3785458161232921
7.0,1,0.0625,0.4089814826460454
8.0,1,0.0625,0.4268527643537153
9.0,1,0.0625,0.43681220048791486
10.0,1,0.0625,0.4421973226767487
11.0,1,0.0625,0.4460812217840333
12.0,1,0.0625,0.44987017407865126
13.0,1,0.0625,0.45235658097701653
14.0,1,0.0625,0.4540516245086283
15.0,1,0.0625,0.45605721619762174
16.0,1,0.0625,0.4575927200435522
17.0,1,0.0625,0.45929428890069623
18.0,1,0.0625,0.4600830486932542
19.0,1,0.0625,0.45955985793282095
20.0,1,0.0625,0.45753803103140944
21.0,1,0.0625,0.4565145994258465
22.0,1,0.0625,0.4573089750694718
23.0,1,0.0625,0.4581832924218394
24.0,1,0.0625,0.4587402195084069
25.0,1,0.0625,0.45849697075889145
26.0,1,0.0625,0.45654604486794614
27.0,1,0.0625,0.4539666464176267
28.0,1,0.0625,0.45226089081596677
29.0,1,0.0625,0.4503245939906365
30.0,1,0.0625,0.4471373705529934
31.0,1,0.0625,0.44393297501725176
32.0,1,0.0625,0.44256486322901933
33.0,1,0.0625,0.44437744211858177
34.0,1,0.0625,0.44832062701993813
35.0,1,0.0625,0.45488064328966704
36.0,1,0.0625,0.46197874615587675
37.0,1,0.0625,0.46659511470091386
38.0,1,0.0625,0.4676041819146283
39.0,1,0.0625,0.46451814653323303
40.0,1,0.0625,0.4595602021905451
0.0,2,0.125,0.0
1.0,2,0.125,0.06715273957407879
2.0,2,0.125,0.1915926168327883
3.0,2,0.125,0.32457726475963117
4.0,2,0.125,0.44138640399310997
5.0,2,0.125,0.5308922369725025
6.0,2,0.125,0.5915898059373718
7.0,2,0.125,0.628460311146934
8.0,2,0.125,0.6495849378706763
9.0,2,0.125,0.6620827807871418
10.0,2,0.125,0.6696490566304717
11.0,2,0.125,0.6751309039701352
12.0,2,0.125,0.6797996513710541
13.0,2,0.125,0.6832701486560645
14.0,2,0.125,0.6857337055638826
15.0,2,0.125,0.6877584885109045
16.0,2,0.125,0.6899366005031329
17.0,2,0.125,0.6918590016965185
18.0,2,0.125,0.6917351888768827
19.0,2,0.125,0.6888036199416815
20.0,2,0.125,0.6847006275188434
21.0,2,0.125,0.6823871100751491
22.0,2,0.125,0.6832698929099482
23.0,2,0.125,0.686422527879612
24.0,2,0.125,0.6898049392701762
25.0,2,0.125,0.6920548993208556
26.0,2,0.125,0.6924752275984191
27.0,2,0.125,0.691289420526557
28.0,2,0.125,0.6892474917889623
29.0,2,0.125,0.6850270220192133
30.0,2,0.125,0.6785807461403334
31.0,2,0.125,0.6723443134832022
32.0,2,0.125,0.6694866240118538
33.0,2,0.125,0.6716640612362548
34.0,2,0.125,0.6782223373505067
35.0,2,0.125,0.6875204879291837
36.0,2,0.125,0.6963636539214337
37.0,2,0.125,0.7012139779408838
38.0,2,0.125,0.7008658841424856
39.0,2,0.125,0.6959814691865728
40.0,2,0.125,0.6892927600166943
0.0,3,0.1875,0.0
1.0,3,0.1875,0.0957612283423335
2.0,3,0.1875,0.2647756823689034
3.0,3,0.1875,0.43374640593356056
4.0,3,0.1875,0.5709717732679808
5.0,3,0.1875,0.6679226637468586
6.0,3,0.1875,0.7289717773530242
7.0,3,0.1875,0.7638703798979859
8.0,3,0.1875,0.7826768543688439
9.0,3,0.1875,0.7922742346160248
10.0,3,0.1875,0.7967933463476561
11.0,3,0.1875,0.7992773322921769
12.0,3,0.1875,0.8012820493837673
13.0,3,0.1875,0.8029322006303319
14.0,3,0.1875,0.8047274756129011
15.0,3,0.1875,0.8078702605503248
16.0,3,0.1875,0.8131536561853339
17.0,3,0.1875,0.8187042957708627
18.0,3,0.1875,0.8216428898084355
19.0,3,0.1875,0.821305003537985
20.0,3,0.1875,0.8194213735659228
21.0,3,0.1875,0.8178973624293756
22.0,3,0.1875,0.8174696715933393
23.0,3,0.1875,0.8179350023437244
24.0,3,0.1875,0.817894243366375
25.0,3,0.1875,0.8160627063517966
26.0,3,0.1875,0.8124374260581703
27.0,3,0.1875,0.8084868435537507
28.0,3,0.1875,0.8053667048370804
29.0,3,0.1875,0.801552255489283
30.0,3,0.1875,0.7965072397413635
31.0,3,0.1875,0.7917611852285599
32.0,3,0.1875,0.7895688753602988
33.0,3,0.1875,0.7918830542367054
34.0,3,0.1875,0.7991172839988638
35.0,3,0.1875,0.809860761894576
36.0,3,0.1875,0.8201939214831326
37.0,3,0.1875,0.8264562958832963
38.0,3,0.1875,0.8275644151181956
39.0,3,0.1875,0.8247419159729639
40.0,3,0.1875,0.8201733405430742
0.0,4,0.25,0.0
1.0,4,0.25,0.12079163045978861
2.0,4,0.25,0.3258671223497019
3.0,4,0.25,0.5192734918859498
4.0,4,0.25,0.6648735634112701
5.0,4,0.25,0.7595014982340262
6.0,4,0.25,0.8148728854453088
7.0,4,0.25,0.8451531320567375
8.0,4,0.25,0.8613530153822176
9.0,4,0.25,0.8703799781611472
10.0,4,0.25,0.8760051379839429
11.0,4,0.25,0.8798140362231461
12.0,4,0.25,0.8821408038791068
13.0,4,0.25,0.8828175235130085
14.0,4,0.25,0.8825361024423531
15.0,4,0.25,0.8828078900663916
16.0,4,0.25,0.8846843152305287
17.0,4,0.25,0.8876052750460691
18.0,4,0.25,0.8896989411153619
19.0,4,0.25,0.8899190181313793
20.0,4,0.25,0.8889776969398584
21.0,4,0.25,0.8878290503239101
22.0,4,0.25,0.887104533145335
23.0,4,0.25,0.8870786708360436
24.0,4,0.25,0.8872118655690323
25.0,4,0.25,0.886695140923368
26.0,4,0.25,0.88502112829044
27.0,4,0.25,0.8826802028158771
28.0,4,0.25,0.8803100683666238
29.0,4,0.25,0.8772516054249412
30.0,4,0.25,0.8732097376186162
31.0,4,0.25,0.8697065187474744
32.0,4,0.25,0.8687667083129045
33.0,4,0.25,0.8712169284271971
34.0,4,0.25,0.8768567338275038
35.0,4,0.25,0.8846983337488818
36.0,4,0.25,0.8924631884168461
37.0,4,0.25,0.8975432506101376
38.0,4,0.25,0.8988659947669981
39.0,4,0.25,0.8971377429750624
40.0,4,0.25,0.8934946428553603
0.0,5,0.3125,0.0
1.0,5,0.3125,0.14564006942488444
2.0,5,0.3125,0.3822163292885254
3.0,5,0.3125,0.591574849643886
4.0,5,0.3125,0.7380902525767261
5.0,5,0.3125,0.8271010400041336
6.0,5,0.3125,0.8765216354912398
7.0,5,0.3125,0.9024631714757112
8.0,5,0.3125,0.916248629772526
9.0,5,0.3125,0.9245218654959195
10.0,5,0.3125,0.9297750529504599
11.0,5,0.3125,0.9325502513294088
12.0,5,0.3125,0.9330860929193038
13.0,5,0.3125,0.9318124345623103
14.0,5,0.3125,0.9300762112459263
15.0,5,0.3125,0.9298011280502648
16.0,5,0.3125,0.9317466474636462
17.0,5,0.3125,0.9347559183319866
18.0,5,0.3125,0.9369879852727342
19.0,5,0.3125,0.9374890152473218
20.0,5,0.3125,0.9369368724209087
21.0,5,0.3125,0.9362731951373443
22.0,5,0.3125,0.9356461815879411
23.0,5,0.3125,0.9349536813339815
24.0,5,0.3125,0.9340675321287895
25.0,5,0.3125,0.9328411991277643
26.0,5,0.3125,0.9312829048319593
27.0,5,0.3125,0.9297199566529186
28.0,5,0.3125,0.9279770935988633
29.0,5,0.3125,0.9253756488884048
30.0,5,0.3125,0.9220619064141202
31.0,5,0.3125,0.919364610097882
32.0,5,0.3125,0.9185612894896333
33.0,5,0.3125,0.9201867277435005
34.0,5,0.3125,0.924872089549924
35.0,5,0.3125,0.932223969882895
36.0,5,0.3125,0.9395935964210601
37.0,5,0.3125,0.9440729189444987
38.0,5,0.3125,0.9449380504413493
39.0,5,0.3125,0.9432322196448065
40.0,5,0.3125,0.9400782041528082
0.0,6,0.375,0.0
1.0,6,0.375,0.1699229228867987
2.0,6,0.375,0.43527288596102254
3.0,6,0.375,0.6559399182297805
4.0,6,0.375,0.798189390887517
5.0,6,0.375,0.8769814877326372
6.0,6,0.375,0.9170947270817725
7.0,6,0.375,0.9366896218605288
8.0,6,0.375,0.9464106480843102
9.0,6,0.375,0.9519821340954282
10.0,6,0.375,0.9558180469925706
11.0,6,0.375,0.9581516955359626
12.0,6,0.375,0.9585299186015259
13.0,6,0.375,0.9573047279354044
14.0,6,0.375,0.9559010691576038
15.0,6,0.375,0.9559447621318233
16.0,6,0.375,0.9578457125430809
17.0,6,0.375,0.9601889956988682
18.0,6,0.375,0.961355033898916
19.0,6,0.375,0.9611448734158057
20.0,6,0.375,0.9605430299729597
21.0,6,0.375,0.96016737654586
22.0,6,0.375,0.959839804118414
23.0,6,0.375,0.9593306360713706
24.0,6,0.375,0.9584388358639881
25.0,6,0.375,0.957050784960282
26.0,6,0.375,0.9554227841322672
27.0,6,0.375,0.9539949991784304
28.0,6,0.375,0.9527087074203098
29.0,6,0.375,0.950938992911004
30.0,6,0.375,0.9484959577594936
31.0,6,0.375,0.9464267615874477
32.0,6,0.375,0.946031349817818
33.0,6,0.375,0.9477218016554724
34.0,6,0.375,0.951568854449594
35.0,6,0.375,0.95732005471216
36.0,6,0.375,0.9629213908533923
37.0,6,0.375,0.9658492289495132
38.0,6,0.375,0.9656733929464025
39.0,6,0.375,0.9638192768259064
40.0,6,0.375,0.961718542295076
0.0,7,0.4375,0.0
1.0,7,0.4375,0.1905186827481056
2.0,7,0.4375,0.4770787534797057
3.0,7,0.4375,0.7021665841574142
4.0,7,0.4375,0.8376908091168122
5.0,7,0.4375,0.9078614494508848
6.0,7,0.4375,0.9418088298466663
7.0,7,0.4375,0.9582793936309161
8.0,7,0.4375,0.9666783953015398
9.0,7,0.4375,0.9711873532880702
10.0,7,0.4375,0.9735923815251359
11.0,7,0.4375,0.9746983606611188
12.0,7,0.4375,0.9745321336759999
13.0,7,0.4375,0.9731827775051701
14.0,7,0.4375,0.9717723470205385
15.0,7,0.4375,0.9715690563262278
16.0,7,0.4375,0.972765770250225
17.0,7,0.4375,0.9744446389086314
18.0,7,0.4375,0.9754599624670501
19.0,7,0.4375,0.9753946849092684
20.0,7,0.4375,0.9748758931032925
21.0,7,0.4375,0.9746077610069638
22.0,7,0.4375,0.974534567592073
23.0,7,0.4375,0.974477618636087
24.0,7,0.4375,0.9741614874750479
25.0,7,0.4375,0.9729825028410467
26.0,7,0.4375,0.9708991541467085
27.0,7,0.4375,0.968713443605415
28.0,7,0.4375,0.9668365143038656
29.0,7,0.4375,0.9650006698065176
30.0,7,0.4375,0.9633359634107374
31.0,7,0.4375,0.9627004272835414
32.0,7,0.4375,0.9638457485038784
33.0,7,0.4375,0.9667101186944543
34.0,7,0.4375,0.9706829545955494
35.0,7,0.4375,0.9750283086204685
36.0,7,0.4375,0.9786527969130445
37.0,7,0.4375,0.9804859723757684
38.0,7,0.4375,0.9804269945690071
39.0,7,0.4375,0.9793360902282456
40.0,7,0.4375,0.9779621695198306
0.0,8,0.5,0.0
1.0,8,0.5,0.20957585858413835
2.0,8,0.5,0.5141119520948709
3.0,8,0.5,0.7409107194239477
4.0,8,0.5,0.8688274969603712
5.0,8,0.5,0.9308829663233428
6.0,8,0.5,0.9594979693059295
7.0,8,0.5,0.9729273693771522
8.0,8,0.5,0.9794599367246747
9.0,8,0.5,0.982682436936809
10.0,8,0.5,0.9842898214602653
11.0,8,0.5,0.985112343073395
12.0,8,0.5,0.9850492087279893
13.0,8,0.5,0.9838951729367765
14.0,8,0.5,0.982339587612592
15.0,8,0.5,0.9815844194232253
16.0,8,0.5,0.982273745410177
17.0,8,0.5,0.9838880345596955
18.0,8,0.5,0.9852337096459749
19.0,8,0.5,0.9855821881461367
20.0,8,0.5,0.985381020521991
21.0,8,0.5,0.9852210958067151
22.0,8,0.5,0.9850153422567001
23.0,8,0.5,0.9848408566696752
24.0,8,0.5,0.9846709493391403
25.0,8,0.5,0.9839164574309655
26.0,8,0.5,0.9824566364531225
27.0,8,0.5,0.9808830066409545
28.0,8,0.5,0.9795562660966024
29.0,8,0.5,0.9782738483191173
30.0,8,0.5,0.977005801042704
31.0,8,0.5,0.9764141472260501
32.0,8,0.5,0.9770437039724321
33.0,8,0.5,0.9787351736562706
34.0,8,0.5,0.9811801612649341
35.0,8,0.5,0.984254918746642
36.0,8,0.5,0.9871166208744314
37.0,8,0.5,0.9885353674548367
38.0,8,0.5,0.9883151941349156
39.0,8,0.5,0.9872273727214418
40.0,8,0.5,0.9859501609816232
