ratio,eta,h0,width,mean_holevo,mean_remainder,mean_minimum,persistent,conditional_redundancy,defined_realizations
0,0,0.0,0.0,7.487789776514732e-15,6.4709783754397935e-15,0.0,0,nan,0
0.05,0,0.005000000000000001,0.0,0.4418968189494792,0.20565131237197787,0.22888845740890562,0,nan,0
0.05,0.25,0.004841229182759272,0.0012500000000000002,0.442303016669158,0.2055431543164119,0.2160632494627269,0,nan,0
0.05,0.5,0.004330127018922194,0.0025000000000000005,0.43591709605933077,0.2053488913050213,0.1926459386650905,0,nan,0
0.05,0.75,0.003307189138830739,0.0037500000000000007,0.4235972654210974,0.20613946761445848,0.16782085234805533,0,nan,0
0.05,1,0.0,0.005000000000000001,0.4043812228371005,0.20811331256822316,0.15215632002540555,0,nan,0
0.1,0,0.010000000000000002,0.0,0.8543520631278083,0.11653341624137496,0.565209807017829,0,2.1845238095238098,24
0.1,0.25,0.009682458365518544,0.0025000000000000005,0.8528922842659522,0.11698923049639444,0.5405246384512813,0,2.130434782608696,23
0.1,0.5,0.008660254037844388,0.005000000000000001,0.8391655266727266,0.1252938382376407,0.49323155665167856,0,2.142857142857143,13
0.1,0.75,0.006614378277661478,0.0075000000000000015,0.8150841413631289,0.13886457443437286,0.43798018572472897,0,2.090909090909091,11
0.1,1,0.0,0.010000000000000002,0.7873262957525647,0.16063718867362234,0.40283082564445155,0,2.0,8
0.15,0,0.015,0.0,0.9826726825328956,0.016408924312011415,0.8125625191347351,0,3.2611111111111115,24
0.15,0.25,0.014523687548277812,0.00375,0.981339216809857,0.017192395865871374,0.7882634525574336,0,3.022222222222222,24
0.15,0.5,0.012990381056766578,0.0075,0.9726296397029618,0.024805947618991745,0.7390993428305358,0,2.7718253968253967,24
0.15,0.75,0.009921567416492215,0.01125,0.9542501960905319,0.040734145695116804,0.6721822684071501,1,2.4887445887445883,22
0.15,1,0.0,0.015,0.9345635332942438,0.0590304469571894,0.6277080604252974,0,2.2893424036281176,21
0.2,0,0.020000000000000004,0.0,0.999165802166791,0.0007898506380200759,0.9387194382672241,22,4.611111111111111,24
0.2,0.25,0.019364916731037088,0.005000000000000001,0.9988776039794679,0.0010180291572256083,0.9233936318435664,20,4.177777777777777,24
0.2,0.5,0.017320508075688777,0.010000000000000002,0.9963835678407301,0.0035551896370106593,0.8875569244708656,10,3.3333333333333335,24
0.2,0.75,0.013228756555322956,0.015000000000000003,0.9875838988720597,0.01301914304076166,0.8281780148035232,6,2.857936507936508,24
0.2,1,0.0,0.020000000000000004,0.9752044290917459,0.022859879148460712,0.7887433793157946,5,2.76969696969697,22
0.25,0,0.025,0.0,0.9999850406832089,1.4404788969067214e-05,0.9849547758198399,24,6.5555555555555545,24
0.25,0.25,0.024206145913796356,0.00625,0.9999583643184412,3.9985240391896396e-05,0.9783886595116599,24,5.277777777777778,24
0.25,0.5,0.021650635094610966,0.0125,0.9992974692963376,0.0007979658348561005,0.9583236817394022,22,3.9666666666666663,24
0.25,0.75,0.016535945694153693,0.018750000000000003,0.9951650319842913,0.005643247618497905,0.915969083546056,16,3.119047619047619,24
0.25,1,0.0,0.025,0.9872454622503396,0.012706661488149461,0.880716477831118,14,2.937698412698413,24
0.5,0,0.05,0.0,0.9976375156432612,0.002189223672273905,0.5996643656177992,0,4.8999999999999995,24
0.5,0.25,0.04841229182759271,0.0125,0.9981795990636048,0.001736261902061183,0.954450855621929,21,3.711111111111111,24
0.5,0.5,0.04330127018922193,0.025,0.996532494105063,0.00351324905580448,0.9718735221123517,22,3.4285714285714284,24
0.5,0.75,0.033071891388307385,0.037500000000000006,0.9933764042250762,0.006170471090686638,0.9637546736440022,22,3.2960317460317463,24
0.5,1,0.0,0.05,0.9949781166332379,0.004268205570827816,0.9528861969232757,22,3.123809523809524,24
1,0,0.1,0.0,0.9931687324213928,0.0064619818217643695,0.6968396351388915,0,3.8388888888888886,24
1,0.25,0.09682458365518543,0.025,0.9926349535837725,0.007924050003237692,0.9220143459869407,17,2.892063492063492,24
1,0.5,0.08660254037844387,0.05,0.993974535362479,0.006734749612473438,0.9447424608713129,19,3.0115079365079365,24
1,0.75,0.06614378277661477,0.07500000000000001,0.9908034911052573,0.007604682977542197,0.9348696344678183,20,2.947619047619048,24
1,1,0.0,0.1,0.9911182194340856,0.009730485746938107,0.9377516725136598,19,2.9317460317460315,24
2,0,0.2,0.0,0.9894192777538958,0.012268165995406019,0.8036800678073835,5,2.9468253968253966,24
2,0.25,0.19364916731037085,0.05,0.9905630663501442,0.010543130019836628,0.9159149283238534,15,2.7984126984126987,24
2,0.5,0.17320508075688773,0.1,0.9918772801107146,0.009051003465309357,0.9258882468027494,18,2.7801587301587305,24
2,0.75,0.13228756555322954,0.15000000000000002,0.9926389374039201,0.008302221498861138,0.930523273155381,18,2.9174603174603173,24
2,1,0.0,0.2,0.9874372865192096,0.010497506386969618,0.9200631994493667,17,2.7027777777777775,24
5,0,0.5,0.0,0.961283788833294,0.0362074167231157,0.7512480053615956,6,2.4090702947845806,21
5,0.25,0.4841229182759271,0.125,0.9587706105780368,0.0385533650081245,0.7785787458562158,6,2.3428571428571425,21
5,0.5,0.4330127018922193,0.25,0.9639051340437312,0.036245934315414945,0.8104323873193793,8,2.3580086580086577,22
5,0.75,0.33071891388307384,0.375,0.9711403901238818,0.029326896162845867,0.8271504204743328,9,2.489855072463768,23
5,1,0.0,0.5,0.9850221150578857,0.015460071421510235,0.8772114923472117,13,2.571428571428571,24
10,0,1.0,0.0,0.8964142577358457,0.09387200152059912,0.5690203957737884,1,2.257142857142857,15
10,0.25,0.9682458365518543,0.25,0.8977606507377013,0.09081369691329245,0.5839921065785172,0,2.392517006802721,14
10,0.5,0.8660254037844386,0.5,0.9193821104158116,0.06879888188806624,0.6430284153249121,2,2.2359788359788357,18
10,0.75,0.6614378277661477,0.75,0.9266995312490541,0.06801130623865655,0.6847125710664798,3,2.157894736842105,19
10,1,0.0,1.0,0.9469636099182797,0.05135454638348249,0.7123516588330839,2,2.319047619047619,20
20,0,2.0,0.0,0.7041609402427961,0.18422037305729733,0.272822991719979,0,2.114285714285714,5
20,0.25,1.9364916731037085,0.5,0.7493873050857878,0.17620453507872055,0.32032664857065496,0,2.142857142857143,6
20,0.5,1.7320508075688772,1.0,0.8250935480948325,0.1507755506397078,0.415684235194729,0,2.1587301587301586,6
20,0.75,1.3228756555322954,1.5,0.8605445702018439,0.1255148909550786,0.48824218569103667,0,2.142857142857143,8
20,1,0.0,2.0,0.8521157619266293,0.11515758956347873,0.5030204999439568,2,2.2389610389610386,11
30,0,3.0,0.0,0.516722072933374,0.21034538722729967,0.16935921364948267,0,nan,0
30,0.25,2.904737509655563,0.75,0.572859941554094,0.21092570510930297,0.19371716408117648,0,2.0,1
30,0.5,2.598076211353316,1.5,0.7304680670592405,0.1985848744882153,0.2849236178841399,0,2.0952380952380953,3
30,0.75,1.984313483298443,2.25,0.8040876514046333,0.1673694787117538,0.35813149994614796,0,2.0476190476190474,3
30,1,0.0,3.0,0.7869646994266546,0.1501024513974438,0.37163481874680765,0,2.1714285714285717,5
