preparation,theta,h,p_mix,chi_z,separation,coherence,distance_free,distance_z,basis_gain
pure,0.0,0.0,0.1,0.7219280948873621,0.6399999999999997,0.3600000000000004,0.6691759783879554,0.71526607059334,0.046090092205384625
pure,0.0,0.15,0.1,0.6500463707723579,0.555583060634702,0.4444169393652981,0.7077585993735802,0.823949478102626,0.11619087872904577
pure,0.0,0.3,0.1,0.5928334778626139,0.4910793382234444,0.5089206617765556,0.713453225606632,0.9052109173542167,0.1917576917475846
pure,0.0,0.44999999999999996,0.1,0.5561202990489678,0.45097826422907816,0.549021735770922,0.7098369570847642,0.9551976211250901,0.24536066404032586
pure,0.0,0.6,0.1,0.5410539917456061,0.43481971591270474,0.5651802840872955,0.7068755692150896,0.9752495006534873,0.2683739314383976
pure,0.0,0.75,0.1,0.54385695289039,0.43781261524803694,0.5621873847519631,0.7074898251758698,0.9715389768733934,0.26404915169752363
pure,0.0,0.8999999999999999,0.1,0.5572568215058847,0.4522042659260922,0.5477957340739078,0.7100262083742006,0.9536742712304187,0.2436480628562181
pure,0.0,1.05,0.1,0.5727884665369045,0.46905771302232535,0.5309422869776746,0.7121242313499747,0.9327034506233836,0.22057921927340884
pure,0.0,1.2,0.1,0.5828195334730624,0.4800399884489698,0.5199600115510302,0.712987253185926,0.9190064204921364,0.2060191673062104
pure,0.0,1.3499999999999999,0.1,0.5817479120271976,0.4788631148911592,0.521136885108841,0.7129138014688178,0.9204754739179607,0.20756167244914292
pure,0.0,1.5,0.1,0.5664292559624075,0.46213505304801517,0.5378649469519848,0.7113759168030576,0.9413242288179795,0.22994831201492194
pure,0.0,1.65,0.1,0.536090668794752,0.42953499801338413,0.5704650019866159,0.7057175164785634,0.9817976368123232,0.27608012033375984
pure,0.0,1.7999999999999998,0.1,0.49194943978501415,0.3833849085897575,0.6166150914102427,0.6915373546137291,1.0387966539870357,0.3472592993733066
pure,0.0,1.95,0.1,0.4366826682393884,0.3278091798391042,0.6721908201608959,0.6426078607574193,1.1070422396373978,0.4644343788799785
pure,0.0,2.1,0.1,0.3738478337677399,0.2677325034770768,0.7322674965229231,0.5820287478645798,1.1801753710482816,0.5981466231837018
pure,0.0,2.25,0.1,0.3073330113808196,0.20795609998013498,0.7920439000198648,0.5125838065500641,1.2510277606181464,0.7384439540680823
pure,0.0,2.4,0.1,0.24090377748729458,0.1524866444258277,0.847513355574172,0.43696604023716157,1.3090907888663064,0.8721247486291448
pure,0.0,2.55,0.1,0.17790064364199099,0.10419536144640928,0.8958046385535906,0.3580739736779601,1.3425594774363372,0.9844855037583771
pure,0.0,2.6999999999999997,0.1,0.12112060265877526,0.06478684927596168,0.9352131507240381,0.2786808511906735,1.3691689586340987,1.0904881074434252
pure,0.0,2.85,0.1,0.07289175549060554,0.03498435719164783,0.965015642808352,0.2012614805157243,1.3896960785958994,1.1884345980801752
pure,0.0,3.0,0.1,0.035341381073869874,0.014806118441167082,0.9851938815588331,0.12818264669887522,1.403783097298498,1.2756004505996228
pure,0.0,0.0,0.25,0.3545789026652698,0.24999999999999978,0.7499999999999999,0.5624999999999999,1.201515163104036,0.639015163104036
pure,0.0,0.15,0.25,0.28648417119523695,0.1900739152365889,0.8099260847634108,0.4895779238269984,1.2711869664457103,0.7816090426187119
pure,0.0,0.3,0.25,0.2723441839111587,0.17818839836865097,0.8218116016313489,0.47360910488501984,1.2840312667493228,0.8104221618643029
pure,0.0,0.44999999999999996,0.25,0.3116590901302936,0.21171902058708225,0.7882809794129177,0.5172797944338492,1.2466936122799486,0.7294138178460994
pure,0.0,0.6,0.25,0.387561704196148,0.28055347598985925,0.7194465240101408,0.5956489284731679,1.1646543371452458,0.5690054086720779
pure,0.0,0.75,0.25,0.4783235627905736,0.36945181104975977,0.6305481889502403,0.6802702712601787,1.0559458893424924,0.37567561808231376
pure,0.0,0.8999999999999999,0.25,0.5655820755782742,0.4612151350102798,0.53878486498972,0.7112645799921076,0.942469066172722,0.2312044861806144
pure,0.0,1.05,0.25,0.6363681401322318,0.539942111986075,0.4600578880139249,0.7105384623616028,0.843769034045119,0.13323057168351626
pure,0.0,1.2,0.25,0.6828836707440142,0.5936871907701464,0.40631280922985363,0.6962768973516467,0.7752885608020267,0.07901166345038002
pure,0.0,1.3499999999999999,0.25,0.7018319418045654,0.6160274019991702,0.38397259800082983,0.685358790957818,0.7464703214053869,0.061111530447568896
pure,0.0,1.5,0.25,0.6936403614477252,0.606337975828138,0.39366202417186213,0.6905594634273007,0.7589982992914764,0.06843883586417576
pure,0.0,1.65,0.25,0.6615917498273616,0.568891278668007,0.4311087213319929,0.7045808598939398,0.8070184076905345,0.10243754779659464
pure,0.0,1.7999999999999998,0.25,0.6108668165247682,0.5111489365323828,0.4888510634676173,0.7132579945019022,0.8800543113674469,0.16679631686554475
pure,0.0,1.95,0.25,0.5475403025902446,0.4417547968918092,0.5582452031081908,0.7082531842744935,0.9666491703782273,0.2583959861037338
pure,0.0,2.1,0.25,0.4776166189933789,0.3687330114491807,0.6312669885508194,0.679646814861274,1.0568299014556461,0.37718308659437216
pure,0.0,2.25,0.25,0.4062263781450846,0.2982663636782119,0.7017336363217882,0.6138236104670377,1.1431208722790203,0.5292972618119826
pure,0.0,2.4,0.25,0.3371195657287879,0.23422226964059412,0.765777730359406,0.5443985798329537,1.2203252270478362,0.6759266472148825
pure,0.0,2.55,0.25,0.2725638001416596,0.17837147597235847,0.8216285240276416,0.4738594651243858,1.2838378661113348,0.809978400986949
pure,0.0,2.6999999999999997,0.25,0.21367327781025217,0.13106895576544286,0.8689310442345574,0.403843205718212,1.3247796645610763,0.9209364588428643
pure,0.0,2.85,0.25,0.161072956848387,0.09208039838254967,0.90791960161745,0.3355169364800118,1.3506731666103347,1.015156230130323
pure,0.0,3.0,0.25,0.11569969168184832,0.061254276792473084,0.9387457232075269,0.2705430574224993,1.3715843148856806,1.1010412574631814
pure,0.0,0.0,0.5,0.0,0.0,1.0,6.408056160686631e-11,1.4142135623730954,1.4142135623090148
pure,0.0,0.15,0.5,0.06619664118722855,0.031164949058146818,0.9688350509418533,0.189367578260941,1.392351017500079,1.202983439239138
pure,0.0,0.3,0.5,0.19832743977790362,0.11935969056134232,0.8806403094386575,0.38454608902189247,1.3324891574073745,0.947943068385482
pure,0.0,0.44999999999999996,0.5,0.35430278890647704,0.24974832340686692,0.7502516765931331,0.5622167767028122,1.2018167062749217,0.6395999295721094
pure,0.0,0.6,0.5,0.508884557367913,0.400908884153506,0.5990911158464942,0.6977936612492248,1.0171899912940723,0.31939633004484747
pure,0.0,0.75,0.5,0.6443027392687761,0.5489986010633905,0.45100139893660923,0.7090482975009395,0.8323030683293309,0.12325477082839142
pure,0.0,0.8999999999999999,0.5,0.7485578695468705,0.6722047796163301,0.3277952203836699,0.6409059513991067,0.6728097710129296,0.03190381961382294
pure,0.0,1.05,0.5,0.81485607049162,0.754519218396419,0.2454807816035811,0.5477767350726277,0.5604710550582714,0.012694319985643743
pure,0.0,1.2,0.5,0.8412088075553441,0.7880719764719217,0.21192802352807824,0.5039491690758506,0.5124264955477266,0.008477326471875934
pure,0.0,1.3499999999999999,0.5,0.8299123834219677,0.7736316771890881,0.22636832281091207,0.5231829967719768,0.5333092837339173,0.010126286961940512
pure,0.0,1.5,0.5,0.7868068460762008,0.7193250292867781,0.280674970713222,0.5903937495361189,0.6093033076737403,0.018909558137621407
pure,0.0,1.65,0.5,0.7202884270404664,0.6380333465787758,0.3619666534212243,0.6706772615462744,0.7178379262789019,0.04716066473262748
pure,0.0,1.7999999999999998,0.5,0.6400944254107153,0.5441895217827256,0.45581047821727433,0.7098794931324666,0.8383949643283035,0.12851547119583695
pure,0.0,1.95,0.5,0.5559245005377379,0.4507671504391182,0.5492328495608819,0.7098038658558485,0.9554599087581567,0.24565604290230814
pure,0.0,2.1,0.5,0.4760295605575161,0.3671208102426864,0.6328791897573137,0.6782451982525541,1.0588124078377337,0.38056720958517953
pure,0.0,2.25,0.5,0.406002432341315,0.2980520557676224,0.7019479442323776,0.6136079835130455,1.143381917971184,0.5297739344581385
pure,0.0,2.4,0.5,0.3481138795100325,0.24412527252141047,0.7558747274785894,0.555843014307859,1.2085422554285592,0.6526992411207002
pure,0.0,2.55,0.5,0.30153194580291465,0.20293828762603694,0.7970617123739631,0.5062453647577615,1.2567634546272695,0.750518089869508
pure,0.0,2.6999999999999997,0.5,0.2634878392302331,0.170846039212588,0.829153960787412,0.46344993585900757,1.291648081382954,0.8281981455239464
pure,0.0,2.85,0.5,0.23097730133185482,0.144586319110815,0.855413680889185,0.42504911917788174,1.315558705815067,0.8905095866371853
pure,0.0,3.0,0.5,0.2022967121360098,0.12236275251116668,0.8776372474888334,0.3895837708383606,1.3305063465387064,0.9409225757003458
pure,0.39269908169872414,0.0,0.1,0.9551017377186402,0.9384062043356596,0.06159379566434049,0.2556797394739452,0.25609435525630975,0.0004146157823645691
pure,0.39269908169872414,0.15,0.1,0.9222899908393797,0.8942196631381475,0.10578033686185255,0.34179854116744024,0.3433119131033699,0.0015133719359296527
pure,0.39269908169872414,0.3,0.1,0.8907065672266065,0.8523536520880334,0.14764634791196657,0.4109242765639832,0.4143139567306965,0.0033896801667132603
pure,0.39269908169872414,0.44999999999999996,0.1,0.8656454785087606,0.8196029805325684,0.18039701946743159,0.45993425997542825,0.46551618637077286,0.005581926395344605
pure,0.39269908169872414,0.6,0.1,0.849853296289094,0.7991803210495507,0.2008196789504493,0.4887661529509598,0.4961217340345342,0.00735558108357437
pure,0.39269908169872414,0.75,0.1,0.8429006509783602,0.7902420757790816,0.20975792422091855,0.501009807482359,0.5092584956490325,0.008248688166673457
pure,0.39269908169872414,0.8999999999999999,0.1,0.8413848111861488,0.788297643619405,0.21170235638059504,0.5036441069191279,0.5120974350431675,0.00845332812403965
pure,0.39269908169872414,1.05,0.1,0.839889272341191,0.7863807679664817,0.21361923203351832,0.5062309644756358,0.5148898029353449,0.008658838459709162
pure,0.39269908169872414,1.2,0.1,0.8323169933171075,0.7766982940161271,0.22330170598387278,0.5191454251894981,0.528902138297914,0.00975671310841586
pure,0.39269908169872414,1.3499999999999999,0.1,0.8131632617070439,0.7523799870488386,0.24762001295116148,0.5504678853424931,0.5634806024347869,0.01301271709229379
pure,0.39269908169872414,1.5,0.1,0.7784563962551274,0.7089515750687466,0.2910484249312534,0.6022320555642886,0.6234485334138546,0.02121647784956604
pure,0.39269908169872414,1.65,0.1,0.7262871891735144,0.6452376075633947,0.35476239243660523,0.6650376447347277,0.7084056418187558,0.043367997084028054
pure,0.39269908169872414,1.7999999999999998,0.1,0.6569646814450222,0.5635460824078387,0.43645391759216134,0.705952950444424,0.8138265092302324,0.1078735587858084
pure,0.39269908169872414,1.95,0.1,0.5728773744388908,0.46915471656199537,0.5308452834380047,0.7121335945305913,0.9325825817473958,0.2204489872168045
pure,0.39269908169872414,2.1,0.1,0.4781427155288685,0.3692678924145748,0.630732107585425,0.6801108331926559,1.056172087337448,0.3760612541447922
pure,0.39269908169872414,2.25,0.1,0.3781213445362267,0.27171002133259414,0.728289978667406,0.5862975979640774,1.1753671858896282,0.5890695879255508
pure,0.39269908169872414,2.4,0.1,0.2788678838534053,0.18364728549698972,0.8163527145030103,0.48101433772614255,1.278200958852802,0.7971866211266595
pure,0.39269908169872414,2.55,0.1,0.18659055911139105,0.11058642221677328,0.8894135777832267,0.3694510784953254,1.3383035949832762,0.9688525164879509
pure,0.39269908169872414,2.6999999999999997,0.1,0.10720181452993909,0.05580455682548102,0.9441954431745192,0.25754080780860866,1.375319975464448,1.1177791676558395
pure,0.39269908169872414,2.85,0.1,0.04608318610731489,0.020247193901697935,0.9797528060983022,0.15097571840922105,1.3999698429100182,1.2489941245007972
pure,0.39269908169872414,3.0,0.1,0.008413393025948198,0.00282382691787908,0.997176173082121,0.05447657730141675,1.4122182268200278,1.3577416495186112
pure,0.39269908169872414,0.0,0.25,0.7130796668201863,0.6294095225512605,0.37059047744873935,0.6769037184486655,0.729089705972227,0.05218598752356152
pure,0.39269908169872414,0.15,0.25,0.6504596317309497,0.5560577482366447,0.4439422517633552,0.707658652120685,0.8233466680767567,0.1156880159560717
pure,0.39269908169872414,0.3,0.25,0.6128320747817015,0.5133507632494918,0.4866492367505081,0.7131534407064607,0.877287987165497,0.16413454645903636
pure,0.39269908169872414,0.44999999999999996,0.25,0.6068293720704702,0.5066344998557194,0.4933655001442805,0.7134204776622751,0.8857220626520947,0.17230158498981962
pure,0.39269908169872414,0.6,0.25,0.6310236766815706,0.5338680142584558,0.46613198574154396,0.711361811593199,0.8514443163718459,0.14008250477864692
pure,0.39269908169872414,0.75,0.25,0.6763734647760247,0.5860709336637016,0.41392906633629833,0.6991997706295042,0.7850616352543613,0.08586186462485712
pure,0.39269908169872414,0.8999999999999999,0.25,0.7295866938742027,0.6492109732703666,0.35078902672963336,0.6617678321099901,0.7031902073522643,0.04142237524227421
pure,0.39269908169872414,1.05,0.25,0.7769602973170491,0.7070980966236594,0.29290190337634064,0.6043089916086173,0.6259653641874272,0.021656372578809924
pure,0.39269908169872414,1.2,0.25,0.8070207073542985,0.7446339072448878,0.2553660927551122,0.5601067623841738,0.5743303635596084,0.014223601175434641
pure,0.39269908169872414,1.3499999999999999,0.25,0.8118373060678121,0.7507057149957894,0.2492942850042105,0.5525653523639005,0.5658319872283197,0.013266634864419258
pure,0.39269908169872414,1.5,0.25,0.7874487190092099,0.7201243879502025,0.2798756120497975,0.5894669105035537,0.6082090071355646,0.018742096632010874
pure,0.39269908169872414,1.65,0.25,0.7337626851234476,0.6542507988793991,0.34574920112060076,0.6574675008046835,0.6965609257407632,0.0390934249360797
pure,0.39269908169872414,1.7999999999999998,0.25,0.6541234491700995,0.5602715911413196,0.4397284088586802,0.7067290773102497,0.8179919632523454,0.11126288594209566
pure,0.39269908169872414,1.95,0.25,0.554647010494393,0.4493904581003435,0.5506095418996565,0.70958445124109,0.9571701053697692,0.24758565412867917
pure,0.39269908169872414,2.1,0.25,0.4433919854743902,0.33442213833389345,0.6655778616661064,0.6488066063474334,1.0989448113003795,0.4501382049529461
pure,0.39269908169872414,2.25,0.25,0.3294326246868688,0.22736440393598722,0.7726355960640127,0.5363028452833283,1.2284294921917365,0.6921266469084082
pure,0.39269908169872414,2.4,0.25,0.22191566413785033,0.13746680171065295,0.8625331982893469,0.4140146077782146,1.3205921089235884,0.9065775011453738
pure,0.39269908169872414,2.55,0.25,0.12921397431101184,0.07013985120024246,0.9298601487997575,0.29062132445074224,1.3655181786874562,1.0748968542367139
pure,0.39269908169872414,2.6999999999999997,0.25,0.0583634502230366,0.026809336726475896,0.973190663273524,0.17494541687587284,1.395385275500197,1.2204398586243241
pure,0.39269908169872414,2.85,0.25,0.015271218152142996,0.005583895393203364,0.9944161046067964,0.0773087849332226,1.4102706793737712,1.3329618944405486
pure,0.39269908169872414,3.0,0.25,0.007372338001024884,0.0024304436927022888,0.997569556307298,0.05045484232976773,1.4124960246567566,1.362041182326989
pure,0.39269908169872414,0.0,0.5,0.23332662865093512,0.14644660940672627,0.8535533905932737,0.427885391495455,1.3141100016948577,0.8862246101994027
pure,0.39269908169872414,0.15,0.5,0.18683036858917337,0.1107640654868377,0.8892359345131625,0.36976256562140786,1.338185542901095,0.9684229772796871
pure,0.39269908169872414,0.3,0.5,0.21390641957621348,0.1312488906360727,0.8687511093639271,0.4041327193559543,1.3246616511475882,0.9205289317916339
pure,0.39269908169872414,0.44999999999999996,0.5,0.30365270212394446,0.2047689575608339,0.7952310424391662,0.5085681058083774,1.254677060577648,0.7461089547692706
pure,0.39269908169872414,0.6,0.5,0.42758916988335427,0.3189063521142089,0.681093647885791,0.6341250472128931,1.1179322046344793,0.4838071574215862
pure,0.39269908169872414,0.75,0.5,0.5589727953088623,0.45405721631352036,0.5459427836864796,0.7103027900790231,0.9513713740034655,0.24106858392444241
pure,0.39269908169872414,0.8999999999999999,0.5,0.6771832014314542,0.5870165814510492,0.4129834185489509,0.6988562727798825,0.7838495417500586,0.08499326897017612
pure,0.39269908169872414,1.05,0.5,0.7673958626742119,0.695285463666884,0.30471453633311596,0.6172543735194594,0.6419345184978639,0.024680144978404428
pure,0.39269908169872414,1.2,0.5,0.8201115677978283,0.76117308119995,0.23882691880005,0.5393264582738757,0.5510720777707097,0.011745619496833948
pure,0.39269908169872414,1.3499999999999999,0.5,0.8308477330560805,0.7748240713258467,0.22517592867415323,0.5216160676652477,0.5315973545224277,0.009981286857180027
pure,0.39269908169872414,1.5,0.5,0.7998015916339032,0.7355630990232986,0.2644369009767012,0.5711792721261284,0.5869451724649658,0.015765900338837402
pure,0.39269908169872414,1.65,0.5,0.7313596177730255,0.6513491437067462,0.348650856293254,0.6599637544181551,0.7003796409938751,0.04041588657571993
pure,0.39269908169872414,1.7999999999999998,0.5,0.6334008963257823,0.5365671834912199,0.46343281650878004,0.7110130028789436,0.8480350569627753,0.1370220540838316
pure,0.39269908169872414,1.95,0.5,0.5163896114541584,0.40874761984041175,0.5912523801595881,0.7002434354351648,1.0075108616243573,0.30726742618919256
pure,0.39269908169872414,2.1,0.5,0.39228480923554643,0.2850071953234474,0.7149928046765528,0.600287185756018,1.1592487229902697,0.5589615372342517
pure,0.39269908169872414,2.25,0.5,0.2733254861803462,0.17900681141168295,0.8209931885883169,0.4747271995185617,1.2831655027149735,0.8084383031964119
pure,0.39269908169872414,2.4,0.5,0.17078850287799358,0.09903243570629472,0.9009675642937053,0.3486279455390854,1.3460098632288442,0.9973819176897588
pure,0.39269908169872414,2.55,0.5,0.09387643132701912,0.04748445170757576,0.952515548292424,0.23647784868255178,1.3810452091582004,1.1445673604756486
pure,0.39269908169872414,2.6999999999999997,0.5,0.048854815819961414,0.021698132487197097,0.978301867512803,0.15655382749911412,1.3989548041230775,1.2424009766239634
pure,0.39269908169872414,2.85,0.5,0.03716528158248654,0.015708434843080155,0.9842915651569198,0.1322031175022284,1.4031499867223962,1.2709468692201678
pure,0.39269908169872414,3.0,0.5,0.05016584065895072,0.022390753552704812,0.9776092464472952,0.15915555414127697,1.3984705355277418,1.2393149813864648
pure,0.7853981633974483,0.0,0.1,0.985524570863745,0.98,0.019999999999999983,0.1428279966220905,0.142854977286811,2.698066472051064e-05
pure,0.7853981633974483,0.15,0.1,0.9952974758339128,0.9934880034231368,0.00651199657686316,0.08095925436132023,0.08096093824937439,1.6838880541603096e-06
pure,0.7853981633974483,0.3,0.1,0.9990169921828072,0.9986375713434497,0.0013624286565502976,0.03693622700411277,0.03693626114126799,3.41371552206593e-08
pure,0.7853981633974483,0.44999999999999996,0.1,0.9991747395253752,0.9988561642174532,0.001143835782546887,0.033839978466098763,0.033840000506424536,2.2040325772798575e-08
pure,0.7853981633974483,0.6,0.1,0.9973411220431811,0.9963162774559392,0.0036837225440608276,0.06080536301879254,0.060805771076739554,4.080579470155943e-07
pure,0.7853981633974483,0.75,0.1,0.9937069487273025,0.9912886706616172,0.008711329338382912,0.09374012367906881,0.09374359067946253,3.4670003937198324e-06
pure,0.7853981633974483,0.8999999999999999,0.1,0.9869599949491199,0.9819772452311928,0.018022754768807287,0.13545282185767354,0.13547371228923538,2.0890431561837453e-05
pure,0.7853981633974483,1.05,0.1,0.974531581456739,0.9649015300245141,0.03509846997548592,0.190601143245999,0.19070776941492498,0.00010662616892598287
pure,0.7853981633974483,1.2,0.1,0.9531387730906641,0.9357430270972186,0.06425697290278143,0.26147189311316776,0.261930830284022,0.00045893717085421226
pure,0.7853981633974483,1.3499999999999999,0.1,0.9194752553073319,0.8904619068811974,0.1095380931188026,0.3483828075876439,0.35002835616053884,0.0016455485728949504
pure,0.7853981633974483,1.5,0.1,0.8708939032618291,0.8264272115017818,0.17357278849821817,0.45001978717503865,0.4550835193303907,0.005063732155352052
pure,0.7853981633974483,1.65,0.1,0.8059620971996976,0.7433015407555714,0.2566984592444286,0.5617478168663642,0.5761892626854384,0.014441445819074139
pure,0.7853981633974483,1.7999999999999998,0.1,0.7248252515682372,0.6434795457251304,0.35652045427486945,0.6664489946583139,0.7107102320912531,0.04426123743293919
pure,0.7853981633974483,1.95,0.1,0.6293612987596031,0.5319829692289741,0.46801703077102597,0.7115894275221998,0.8538239346172014,0.14223450709500163
pure,0.7853981633974483,2.1,0.1,0.5231413235057296,0.41583741161715926,0.5841625883828407,0.7022762619217013,0.9987486331637616,0.2964723712420603
pure,0.7853981633974483,2.25,0.1,0.4112319771174563,0.30306775140774955,0.6969322485922504,0.618627964083677,1.137269490800774,0.5186415267170971
pure,0.7853981633974483,2.4,0.1,0.29989060610734003,0.201524429615069,0.7984755703849308,0.504443297148954,1.2583696534872542,0.7539263563383002
pure,0.7853981633974483,2.55,0.1,0.19622459007345908,0.11777605123470436,0.8822239487652956,0.38186368527152115,1.3335363121321557,0.9516726268606346
pure,0.7853981633974483,2.6999999999999997,0.1,0.10793902478086118,0.05627299406807629,0.9437270059319237,0.25868127234657257,1.3749984224446345,1.116317150098062
pure,0.7853981633974483,2.85,0.1,0.04350313276894711,0.01891325060739113,0.9810867493926088,0.14568155300978752,1.400903711835241,1.2552221588254535
pure,0.7853981633974483,3.0,0.1,0.013984249945516536,0.005046422991044186,0.9949535770089559,0.07338214695589554,1.4106497156994435,1.337267568743548
pure,0.7853981633974483,0.0,0.25,0.9511243982217248,0.9330127018922192,0.06698729810778066,0.2673065767926018,0.26781366397970335,0.0005070871871015736
pure,0.7853981633974483,0.15,0.25,0.9272250731920788,0.9008206755689916,0.09917932443100844,0.33000920488616037,0.33130610266556804,0.0012968977794076686
pure,0.7853981633974483,0.3,0.25,0.9092826095389293,0.8768979343012755,0.12310206569872433,0.37146338447829375,0.37364253833296224,0.002179153854668492
pure,0.7853981633974483,0.44999999999999996,0.25,0.9017167050178136,0.8668737198861978,0.13312628011380215,0.3879063674503459,0.3905399010897337,0.002633533639387786
pure,0.7853981633974483,0.6,0.25,0.9059618336746491,0.8724935301274788,0.12750646987252126,0.37874775314510467,0.38112003578415765,0.0023722826390529805
pure,0.7853981633974483,0.75,0.25,0.9198362957303327,0.8909436162188182,0.1090563837811816,0.34754367278532494,0.34917190814694476,0.001628235361619823
pure,0.7853981633974483,0.8999999999999999,0.25,0.9379373758916987,0.9152039274226642,0.0847960725773356,0.3031980521553201,0.30408956436915324,0.0008915122138331566
pure,0.7853981633974483,1.05,0.25,0.9528745659445703,0.935384765141635,0.06461523485836497,0.26224332295670993,0.262708420678442,0.0004650977217320884
pure,0.7853981633974483,1.2,0.25,0.956842430581264,0.9407699145592308,0.059230085440769194,0.2504498117648689,0.2508272442999735,0.00037743253510458263
pure,0.7853981633974483,1.3499999999999999,0.25,0.9430684275511838,0.9221198409863458,0.07788015901365414,0.2896636915726285,0.2903910587531589,0.0007273671805304027
pure,0.7853981633974483,1.5,0.25,0.9068907044032932,0.8737247764846868,0.12627522351531312,0.3767210912103337,0.3790383711365437,0.002317279926210003
pure,0.7853981633974483,1.65,0.25,0.8464140102924318,0.7947547529629271,0.20524524703707284,0.49485602756734115,0.5026442363083798,0.0077882087410386935
pure,0.7853981633974483,1.7999999999999998,0.25,0.7627879152095389,0.6896169587540886,0.31038304124591143,0.6232765763939854,0.6495558154352268,0.02627923904124141
pure,0.7853981633974483,1.95,0.25,0.6601801374395269,0.5672589355072835,0.4327410644927166,0.7050140305181276,0.80909863642873,0.10408460591060242
pure,0.7853981633974483,2.1,0.25,0.5455211287057503,0.43959243627755806,0.5604075637224418,0.7078408956664273,0.9693316599498804,0.2614907642834531
pure,0.7853981633974483,2.25,0.25,0.4280952848543884,0.3194000303797746,0.6805999696202254,0.6345996463158754,1.1173286961973483,0.4827290498814729
pure,0.7853981633974483,2.4,0.25,0.31904177562353814,0.21818166108361803,0.781818338916382,0.5252337893835222,1.2391926291564346,0.7139588397729124
pure,0.7853981633974483,2.55,0.25,0.23071992862855745,0.14438288156868717,0.8556171184313127,0.42473779447335025,1.3157140606568551,0.8909762661835049
pure,0.7853981633974483,2.6999999999999997,0.25,0.17534127836602784,0.10233034623271386,0.8976696537672862,0.3546890346521735,1.3438046016049654,0.9891155669527919
pure,0.7853981633974483,2.85,0.25,0.16098471272359405,0.09201779619360395,0.9079822038063962,0.33539671119432535,1.3507152484625031,1.0153185372681777
pure,0.7853981633974483,3.0,0.25,0.1853738160623029,0.10968614514166641,0.8903138548583336,0.3678686379671937,1.3389020726523304,0.9710334346851367
pure,0.7853981633974483,0.0,0.5,0.6008760366928562,0.5000000000000001,0.4999999999999999,0.713533790001229,0.8940417957613243,0.1805080057600953
pure,0.7853981633974483,0.15,0.5,0.5520076891802986,0.44655015421675315,0.553449845783247,0.709111893468773,0.960697360355459,0.25158546688668604
pure,0.7853981633974483,0.3,0.5,0.5335600853917899,0.42684791376787545,0.5731520862321245,0.7050926069756378,0.9851253344565242,0.28003272748088637
pure,0.7853981633974483,0.44999999999999996,0.5,0.5507663715730681,0.4452161636427955,0.5547838363572044,0.7088806986735845,0.9623534755613454,0.25347277688776093
pure,0.7853981633974483,0.6,0.5,0.6005202246622061,0.4996043154450762,0.5003956845549239,0.7135358603502995,0.8945376319357395,0.18100177158544006
pure,0.7853981633974483,0.75,0.5,0.6724447751626483,0.581489530689975,0.41851046931002495,0.7007902380244773,0.7909286094650659,0.09013837144058867
pure,0.7853981633974483,0.8999999999999999,0.5,0.752588647859415,0.677122627896912,0.32287737210308803,0.6360689033626387,0.6662649927382023,0.030196089375563617
pure,0.7853981633974483,1.05,0.5,0.8269917611835167,0.76991224172507,0.23008775827492997,0.5280461962265333,0.538635646617855,0.010589450391321753
pure,0.7853981633974483,1.2,0.5,0.8839401598103291,0.8434699695361654,0.15653003046383454,0.4245903350187715,0.4285042209871315,0.003913885968359954
pure,0.7853981633974483,1.3499999999999999,0.5,0.9151330820475068,0.88467516912795,0.11532483087204994,0.35835537938540774,0.36021755468251404,0.0018621752971063055
pure,0.7853981633974483,1.5,0.5,0.9162057417900297,0.886103532749489,0.113896467250511,0.35591192081470296,0.35771912789949084,0.0018072070847878763
pure,0.7853981633974483,1.65,0.5,0.886863170660608,0.8473038965247739,0.1526961034752262,0.4187289854762392,0.422410642231422,0.003681656755182783
pure,0.7853981633974483,1.7999999999999998,0.5,0.8307262231556936,0.7746691357426293,0.22533086425737073,0.521819884681596,0.5318199185045768,0.010000033822980758
pure,0.7853981633974483,1.95,0.5,0.7549142184447077,0.6799651421058805,0.32003485789411945,0.6332201570761107,0.6624740303552357,0.029253873279124987
pure,0.7853981633974483,2.1,0.5,0.6693416556032659,0.577878723434876,0.42212127656512405,0.7019610850998164,0.7955465682998417,0.09358548320002535
pure,0.7853981633974483,2.25,0.5,0.5856469486243263,0.4831492682477173,0.5168507317522829,0.7131593026642327,0.91512370528735,0.20196440262311732
pure,0.7853981633974483,2.4,0.5,0.5155929838865385,0.40791346617893987,0.59208653382106,0.6999928758723538,1.0085412892585808,0.30854841338622696
pure,0.7853981633974483,2.55,0.5,0.46880424989164016,0.3598068558155343,0.6401931441844658,0.6718293560508208,1.0678019251503463,0.3959725690995255
pure,0.7853981633974483,2.6999999999999997,0.5,0.45018733899234065,0.34115802042018717,0.6588419795798126,0.6550333096436999,1.090689968106708,0.43565665846300805
pure,0.7853981633974483,2.85,0.5,0.4583882685606169,0.3493379694984543,0.6506620305015456,0.6624793920694622,1.0806565360072282,0.41817714393776606
pure,0.7853981633974483,3.0,0.5,0.486758562095743,0.3780593861956725,0.6219406138043274,0.6876672264903687,1.0453545337237173,0.35768730723334863
pure,1.413716694115407,0.0,0.1,0.614463048603409,0.5151802450186541,0.48481975498134605,0.7130538656894454,0.874988458507372,0.16193459281792655
pure,1.413716694115407,0.15,0.1,0.6259865337256596,0.5281624336743418,0.4718375663256581,0.7120109241504398,0.8586435285335019,0.14663260438306214
pure,1.413716694115407,0.3,0.1,0.633547449963179,0.5367337210369275,0.4632662789630725,0.7109905920158763,0.847824632505962,0.13683404049008563
pure,1.413716694115407,0.44999999999999996,0.1,0.6366511909186833,0.5402643903035416,0.45973560969645827,0.7104908910155339,0.8433614734825055,0.1328705824669716
pure,1.413716694115407,0.6,0.1,0.6349381023500338,0.5383147867998661,0.4616852132001339,0.7107726438394198,0.8458264793502285,0.13505383551080863
pure,1.413716694115407,0.75,0.1,0.6281772768697309,0.5306415946481893,0.4693584053518109,0.711743461939121,0.8555165783266105,0.14377311638748957
pure,1.413716694115407,0.8999999999999999,0.1,0.6162699847013333,0.5172094113120764,0.4827905886879237,0.712929869403055,0.8724368553191543,0.15950698591609924
pure,1.413716694115407,1.05,0.1,0.5992659526681914,0.49821024430569827,0.5017897556943018,0.7135389672340935,0.8962842417100169,0.18274527447592337
pure,1.413716694115407,1.2,0.1,0.577391932912087,0.4740882431937463,0.5259117568062538,0.7125689070434815,0.9264326494702818,0.21386374242680029
pure,1.413716694115407,1.3499999999999999,0.1,0.5510882500068055,0.44556195863594483,0.5544380413640551,0.7089411969740744,0.961924211100798,0.2529830141267235
pure,1.413716694115407,1.5,0.1,0.5210458836786098,0.41363321597469893,0.5863667840253012,0.7016627676213174,1.00147360269498,0.2998108350736626
pure,1.413716694115407,1.65,0.1,0.48823449426497134,0.37957140261127476,0.6204285973887251,0.6889535970755726,1.0434930172770298,0.35453942020145723
pure,1.413716694115407,1.7999999999999998,0.1,0.45391066349465115,0.3448649534109979,0.655135046589002,0.65842318942334,1.0861442674473762,0.42772107802403625
pure,1.413716694115407,1.95,0.1,0.4195952919886412,0.3111375715207705,0.6888624284792297,0.626590043046451,1.1274233655524724,0.5008333225060213
pure,1.413716694115407,2.1,0.1,0.3870094428673847,0.2800339835536243,0.7199660164463756,0.5951048405315345,1.165284431257191,0.5701795907256566
pure,1.413716694115407,2.25,0.1,0.3579596267006978,0.2530870938244161,0.746912906175584,0.5659599423105417,1.1978130189892715,0.6318530766787298
pure,1.413716694115407,2.4,0.1,0.33416909014697416,0.23158355443412537,0.7684164455658747,0.5413004408578929,1.223449472480366,0.6821490316224731
pure,1.413716694115407,2.55,0.1,0.31706560112165494,0.21644671284207528,0.7835532871579246,0.5231120415734215,1.2412129115806982,0.7181008700072767
pure,1.413716694115407,2.6999999999999997,0.1,0.30756115052038874,0.20815409477107705,0.791845905228923,0.5128321077498208,1.2508003783384893,0.7379682705886685
pure,1.413716694115407,2.85,0.1,0.3058859177310139,0.20670137163774904,0.7932986283622511,0.5110071186690971,1.2524669146048928,0.7414597959357957
pure,1.413716694115407,3.0,0.1,0.31154239429604746,0.2116172821117649,0.788382717888235,0.517153463126135,1.2468111371999908,0.7296576740738558
pure,1.413716694115407,0.0,0.25,0.9052666483684564,0.8715724127386972,0.12842758726130257,0.3802591269380793,0.38267307812167595,0.002413951183596663
pure,1.413716694115407,0.15,0.25,0.9116325812211896,0.880019128519147,0.11998087148085294,0.36624163506640384,0.3682899448036929,0.002048309737289089
pure,1.413716694115407,0.3,0.25,0.9154708193057863,0.8851248216781082,0.11487517832189179,0.35758742221397427,0.35943218637655694,0.0018447641625826683
pure,1.413716694115407,0.44999999999999996,0.25,0.9165691684363472,0.8865876463847384,0.11341235361526139,0.3550811182702691,0.35686991674250534,0.0017887984722362305
pure,1.413716694115407,0.6,0.25,0.9147381481677589,0.8841494618589824,0.11585053814101752,0.3592517859414576,0.3611344424038473,0.0018826564623896647
pure,1.413716694115407,0.75,0.25,0.9097854547725845,0.8775654996702683,0.12243450032973156,0.37035079529549664,0.37250154877711994,0.002150753481623302
pure,1.413716694115407,0.8999999999999999,0.25,0.9015175821683736,0.8666104076853338,0.1333895923146661,0.38833189444661065,0.3909780854277536,0.0026461909811429374
pure,1.413716694115407,1.05,0.25,0.889773169090212,0.8511263810175558,0.14887361898244433,0.41283014556274455,0.41628935937205047,0.0034592138093059166
pure,1.413716694115407,1.2,0.25,0.8744844225995656,0.8311063363173681,0.16889366368263173,0.4431357314300457,0.4478638670450181,0.0047281356149724285
pure,1.413716694115407,1.3499999999999999,0.25,0.8557552652904459,0.8067932881172831,0.19320671188271676,0.4781608119804116,0.48481393614650803,0.006653124166096425
pure,1.413716694115407,1.5,0.25,0.8339393153903261,0.7787694592112323,0.22123054078876775,0.5164041825004259,0.5259173892529958,0.009513206752569947
pure,1.413716694115407,1.65,0.25,0.8096983919985596,0.748007448719244,0.2519925512807558,0.5559293557120897,0.5696141520184544,0.013684796306364766
pure,1.413716694115407,1.7999999999999998,0.25,0.7840231729940546,0.7158616473271876,0.2841383526728124,0.5943857282074962,0.6140373652316424,0.019651637024146185
pure,1.413716694115407,1.95,0.25,0.7582017621416498,0.683989878649201,0.31601012135079914,0.6291232675592495,0.6570959856623144,0.027972718103064897
pure,1.413716694115407,2.1,0.25,0.7337291370086874,0.6542102623181925,0.34578973768180754,0.6575027464224767,0.6966143103889078,0.03911156396643101
pure,1.413716694115407,2.25,0.25,0.7121608357856567,0.6283129673559869,0.3716870326440129,0.677652527792656,0.7305174686386288,0.05286494084597282
pure,1.413716694115407,2.4,0.25,0.6949275101391064,0.6078573142054651,0.3921426857945349,0.6897933813068235,0.7570368738934488,0.06724349258662521
pure,1.413716694115407,2.55,0.25,0.6831411009980657,0.5939889827241898,0.40601101727580996,0.6961534850110971,0.7749007877025991,0.07874730269150199
pure,1.413716694115407,2.6999999999999997,0.25,0.6774334004199493,0.5873088707590418,0.4126911292409581,0.6987490201407626,0.7834748206240368,0.08472580048327427
pure,1.413716694115407,2.85,0.25,0.6778667512176859,0.5878152295566546,0.4121847704433455,0.6985619993222604,0.782825572184795,0.08426357286253461
pure,1.413716694115407,3.0,0.25,0.6839405299231267,0.5949264763670213,0.4050735236329787,0.6957662697666454,0.7736959439908322,0.07792967422418684
pure,1.413716694115407,0.0,0.5,0.9822746571051103,0.9755282581475767,0.024471741852423328,0.15833584540189422,0.15838009356340496,4.4248161510745954e-05
pure,1.413716694115407,0.15,0.5,0.9793237225443593,0.9714737888886747,0.02852621111132527,0.17128710717630824,0.17135146509616833,6.435791986009187e-05
pure,1.413716694115407,0.3,0.5,0.9775144970561372,0.9689907577627317,0.031009242237268073,0.1788011724038724,0.17888005453921033,7.888213533793764e-05
pure,1.413716694115407,0.44999999999999996,0.5,0.9772279148717589,0.9685976380165604,0.031402361983439625,0.17996517541244628,0.18004651561328616,8.134020083988558e-05
pure,1.413716694115407,0.6,0.5,0.978619783230174,0.970507432368249,0.029492567631750993,0.17424579829033948,0.17431560493514925,6.980664480976673e-05
pure,1.413716694115407,0.75,0.5,0.981561498894776,0.9745478926228927,0.02545210737710722,0.16155335332559048,0.16160206451646308,4.871119087260234e-05
pure,1.413716694115407,0.8999999999999999,0.5,0.985638008944765,0.9801562086692182,0.019843791330781773,0.1422582478237986,0.1422847139238014,2.6466100002814352e-05
pure,1.413716694115407,1.05,0.5,0.9902077226368056,0.9864557623592788,0.0135442376407212,0.11716505405261987,0.11717538666673369,1.033261411381714e-05
pure,1.413716694115407,1.2,0.5,0.994513554058598,0.9924038172679963,0.007596182732003656,0.08748646392554832,0.08748893215448397,2.4682289356536824e-06
pure,1.413716694115407,1.3499999999999999,0.5,0.9978218341096197,0.9969819408577513,0.003018059142248788,0.05501970320099147,0.05501995153516587,2.483341743977907e-07
pure,1.413716694115407,1.5,0.5,0.9995598246602599,0.9993898494710405,0.0006101505289594889,0.024708759835184974,0.02470876442436002,4.5891750469206904e-09
pure,1.413716694115407,1.65,0.5,0.9994236972478356,0.9992011811303048,0.0007988188696952776,0.02827467030811432,0.028274679305174646,8.997060325921513e-09
pure,1.413716694115407,1.7999999999999998,0.5,0.9974356897957994,0.9964472179291406,0.003552782070859469,0.0597110054527964,0.059711378329437736,3.7287664133439646e-07
pure,1.413716694115407,1.95,0.5,0.9939395196795602,0.9916101614195869,0.008389838580413077,0.09197947039928159,0.09198262874111085,3.1583418292624454e-06
pure,1.413716694115407,2.1,0.5,0.9895349975769079,0.9855275385089426,0.014472461491057406,0.12116876293416609,0.12118093181519542,1.2168881029325784e-05
pure,1.413716694115407,2.25,0.5,0.984964510303205,0.9792288960422058,0.020771103957794208,0.14561027599836898,0.14563988243172238,2.96064333533963e-05
pure,1.413716694115407,2.4,0.5,0.980973950243633,0.9737404463094754,0.026259553690524556,0.16416037543421508,0.1642129516219923,5.257618777720907e-05
pure,1.413716694115407,2.55,0.5,0.9781767165701565,0.9698993613695502,0.03010063863044972,0.17608474980289157,0.1761581176264767,7.336782358513538e-05
pure,1.413716694115407,2.6999999999999997,0.5,0.976949466381908,0.9682157264018442,0.031784273598155825,0.18108963920177112,0.1811734093188725,8.377011710136717e-05
pure,1.413716694115407,2.85,0.5,0.9773812103153723,0.9688079147945439,0.031192085205456146,0.17934339230010427,0.17942341218555063,8.001988544636962e-05
pure,1.413716694115407,3.0,0.5,0.9792842351984998,0.9714195728445634,0.02858042715543661,0.1714543086973696,0.17151896551587464,6.46568185050378e-05
mixed,0.0,0.0,0.1,0.5310044064107188,0.64,5.226203497089203e-32,0.20000000000000007,0.20000000000000012,5.551115123125783e-17
mixed,0.0,0.15,0.1,0.5268051568995419,0.6341842543859236,0.005834097676036996,0.21746372922784923,0.21746372922784923,0.0
mixed,0.0,0.3,0.1,0.5143343493511944,0.6169795409635913,0.023308702680474868,0.263102593974725,0.263102593974725,0.0
mixed,0.0,0.44999999999999996,0.1,0.493970236414088,0.5891005697315709,0.05231433991333859,0.32605600020267345,0.32605600020267345,0.0
mixed,0.0,0.6,0.1,0.46633461703236834,0.5516964242957738,0.09258665503997626,0.399545804802069,0.399545804802069,0.0
mixed,0.0,0.75,0.1,0.4322797001822444,0.5062900503421314,0.1436038180994289,0.480240341398393,0.480240341398393,0.0
mixed,0.0,0.8999999999999999,0.1,0.3928692632602162,0.4546986415270923,0.20447915595283125,0.5664386704926511,0.5664386704926511,0.0
mixed,0.0,1.05,0.1,0.34935355235439824,0.39893963055360415,0.2738763067960911,0.6518660205916221,0.65700933355681,0.005143312965187885
mixed,0.0,1.2,0.1,0.3031370805016167,0.3411278049362729,0.34997126014574237,0.6915056793382943,0.7508441841588663,0.05933850482057201
mixed,0.0,1.3499999999999999,0.1,0.2557381303947105,0.2833695287313345,0.43047783975623494,0.6691758924260143,0.846584121920637,0.17740822949462276
mixed,0.0,1.5,0.1,0.20873843877840792,0.22766013678769326,0.5127420780960787,0.6320627609045095,0.9425172035559723,0.3104544426514628
mixed,0.0,1.65,0.1,0.16372143710625853,0.17579027534762504,0.5938987070010084,0.5746533069203421,1.036380997018728,0.461727690098386
mixed,0.0,1.7999999999999998,0.1,0.12219795563996494,0.12926631548634138,0.6710719900428417,0.512582722156312,1.1247680315257478,0.6121853093694358
mixed,0.0,1.95,0.1,0.08552009581502873,0.08924901043169942,0.7415953642923148,0.44688105605604833,1.2025224259561462,0.7556413699000979
mixed,0.0,2.1,0.1,0.054787681946433575,0.056513370480407166,0.8032211468488645,0.37927046210278625,1.2627112580335074,0.8834407959307211
mixed,0.0,2.25,0.1,0.030757330275000383,0.03143137128386997,0.8542932657578506,0.31294161212477145,1.306229090624178,0.9932874784994066
mixed,0.0,2.4,0.1,0.013770105807422994,0.01397768331902316,0.8938620170856911,0.26046853362067146,1.3377487593271453,1.077280225706474
mixed,0.0,2.55,0.1,0.0037163293728277313,0.0037572060787034456,0.9217288817146371,0.23986587086994937,1.3591191670214033,1.119253296151454
mixed,0.0,2.6999999999999997,0.1,5.141145787523893e-05,5.190030560298098e-05,0.9384196640297883,0.2299074847651918,1.3713495417834585,1.1414420570182666
mixed,0.0,2.85,0.1,0.001864215309415329,0.0018833164805197589,0.9450937929076376,0.22801721306641903,1.3755183609923467,1.1475011479259276
mixed,0.0,3.0,0.1,0.007984723425968565,0.008086384092469423,0.9434050184903697,0.23288766651337778,1.372952309767133,1.1400646432537553
mixed,0.0,0.0,0.25,0.18872187554086717,0.2500000000000002,4.0059342843254506e-32,0.5,0.5,0.0
mixed,0.0,0.15,0.25,0.18708251478345594,0.24772822436950137,0.0023100090929165803,0.5045334169117376,0.5045334169117376,0.0
mixed,0.0,0.3,0.25,0.1822254972210019,0.24100763318890284,0.009592874402901833,0.5178346521775229,0.5178346521775229,0.0
mixed,0.0,0.44999999999999996,0.25,0.17433170965298184,0.23011741005139486,0.02283031837550001,0.5391009943106397,0.5391009943106397,0.0
mixed,0.0,0.6,0.25,0.16369495905307108,0.21550641574053642,0.04341666620894271,0.5672756211398132,0.5672756211398132,0.0
mixed,0.0,0.75,0.25,0.15071054524561267,0.197769550914895,0.0728426750050223,0.6013746012086196,0.6013746012086197,1.1102230246251565e-16
mixed,0.0,0.8999999999999999,0.25,0.13585945357156326,0.17761665684652028,0.1123370879033203,0.640801491257792,0.6408014912577921,1.1102230246251565e-16
mixed,0.0,1.05,0.25,0.11968843462833734,0.15583579318500151,0.16253074296019715,0.6855486241084444,0.6855486241084445,1.1102230246251565e-16
mixed,0.0,1.2,0.25,0.10278642211527822,0.13325304880323152,0.22320333678430038,0.7361648239478547,0.7361648239478547,0.0
mixed,0.0,1.3499999999999999,0.25,0.0857579968303771,0.1106912221606775,0.29315746218842514,0.7540455563038346,0.7933925575944154,0.039347001290580774
mixed,0.0,1.5,0.25,0.06919493224381523,0.08892974093269279,0.3702415400751656,0.7065217982195074,0.8575206266574248,0.15099882843791734
mixed,0.0,1.65,0.25,0.05364722907866948,0.06866807630766592,0.4515173035853207,0.6637632678220193,0.9277396571998937,0.2639763893778744
mixed,0.0,1.7999999999999998,0.25,0.039595406183410065,0.050494654486852086,0.5335434820322796,0.6270366931424859,1.001895963771709,0.3748592706292232
mixed,0.0,1.95,0.25,0.027426074635746756,0.034862894699882574,0.6127295526418136,0.5961767119838779,1.0768053529854398,0.4806286410015619
mixed,0.0,2.1,0.25,0.017412876496837648,0.022075535343909047,0.6857047090920734,0.5706267573235927,1.1489166312533197,0.578289873929727
mixed,0.0,2.25,0.25,0.009704628548044547,0.012277879407761594,0.7496484477624898,0.5501018560202693,1.2149853347708457,0.6648834787505764
mixed,0.0,2.4,0.25,0.0043219401992947715,0.005460032546493299,0.8025393432966619,0.534602464588841,1.2691398076297866,0.7345373430409456
mixed,0.0,2.55,0.25,0.0011627275132249926,0.0014676586244934953,0.8432950242782997,0.5241427045295903,1.305081584974223,0.7809388804446327
mixed,0.0,2.6999999999999997,0.25,1.6066344111664854e-05,2.0273556876393428e-05,0.8717954854751891,0.5185356304901321,1.3266226718943686,0.8080870414042365
mixed,0.0,2.85,0.25,0.0005829134778109202,0.0007356705002030672,0.8887999740584581,0.5173185956770064,1.3366303648730833,0.8193117691960768
mixed,0.0,3.0,0.25,0.002501558646410107,0.003158743786120799,0.8957816782614606,0.5197774080016233,1.3373654951291452,0.8175880871275218
mixed,0.0,0.0,0.5,0.0,2.220446049250313e-16,2.465190328815662e-32,0.9999999999999994,0.9999999999999996,1.1102230246251565e-16
mixed,0.0,0.15,0.5,-2.220446049250313e-16,0.0,5.097794989067519e-05,0.9999490233495674,1.0000000000000662,5.0976650498801845e-05
mixed,0.0,0.3,0.5,-1.1102230246251565e-16,0.0,0.0008006767890729579,0.9991996440736309,1.00000000025665,0.0008003561830191019
mixed,0.0,0.44999999999999996,0.5,0.0,0.0,0.003930304569193226,0.9960774571576598,1.0000000303567516,0.003922573199091728
mixed,0.0,0.6,0.5,0.0,0.0,0.011897442599305827,0.988174395855149,1.0000008421538191,0.011826446298670135
mixed,0.0,0.75,0.5,0.0,0.0,0.027482967893223208,0.9729079881405152,1.000010386704215,0.02710239856369978
mixed,0.0,0.8999999999999999,0.5,0.0,0.0,0.05327165966645426,0.9482464110817299,1.0000757897435322,0.05182937866180226
mixed,0.0,1.05,0.5,-1.1102230246251565e-16,-2.220446049250313e-16,0.09115538152693177,0.9135131961260606,1.0003815256707949,0.08686832954473422
mixed,0.0,1.2,0.5,0.0,0.0,0.1419418474500427,0.8701620346271018,1.0014539089690142,0.13129187434191236
mixed,0.0,1.3499999999999999,0.5,-1.1102230246251565e-16,1.1102230246251565e-16,0.20513157913213695,0.8223790070245325,1.0044539256546683,0.1820749186301358
mixed,0.0,1.5,0.5,0.0,2.220446049250313e-16,0.27889504134381093,0.7772508118441515,1.0114106946974162,0.23415988285326472
mixed,0.0,1.65,0.5,-1.1102230246251565e-16,0.0,0.3602471731906488,0.7439716820817656,1.0250674186106634,0.28109573652889785
mixed,0.0,1.7999999999999998,0.5,0.0,0.0,0.445384182025509,0.7314296310857029,1.0479436690016621,0.3165140379159592
mixed,0.0,1.95,0.5,0.0,0.0,0.5301232631222619,0.7444847868149868,1.0807273527411112,0.33624256592612445
mixed,0.0,2.1,0.5,0.0,4.440892098500626e-16,0.6103736592479767,0.7813864872576708,1.1211977209146777,0.33981123365700694
mixed,0.0,2.25,0.5,2.220446049250313e-16,0.0,0.6825684362270017,0.826177000543468,1.1648640809870274,0.33868708044355944
mixed,0.0,2.4,0.5,0.0,-2.220446049250313e-16,0.7439991677908737,0.8625538637041016,1.2067413423832511,0.34418747867914956
mixed,0.0,2.55,0.5,0.0,4.440892098500626e-16,0.7930169105370574,0.8905149692942038,1.2428209655983329,0.35230599630412907
mixed,0.0,2.6999999999999997,0.5,0.0,2.220446049250313e-16,0.8290876787094207,0.9105425188915788,1.2706788349498503,0.36013631605827157
mixed,0.0,2.85,0.5,0.0,-2.220446049250313e-16,0.8527141927448817,0.9234252502205482,1.2894618458126457,0.36603659559209745
mixed,0.0,3.0,0.5,0.0,0.0,0.8652538960634419,0.9301902472416279,1.29959015828694,0.3693999110453121
mixed,0.39269908169872414,0.0,0.1,0.46229768860247933,0.546274169979695,0.09372583002030492,0.40853139416692086,0.40853139416692097,1.1102230246251565e-16
mixed,0.39269908169872414,0.15,0.1,0.48881511115746834,0.5820855977063097,0.057928123690093675,0.3403224966049587,0.3403224966049587,0.0
mixed,0.39269908169872414,0.3,0.1,0.5083601961439007,0.6087730440989509,0.03144810311215189,0.2826908940352284,0.2826908940352284,0.0
mixed,0.39269908169872414,0.44999999999999996,0.1,0.5203489296601717,0.6252647754661781,0.015849014363788355,0.24206288312766286,0.24206288312766286,0.0
mixed,0.39269908169872414,0.6,0.1,0.5244252182851358,0.6308931815559109,0.012565532831336318,0.2268545119624785,0.22685451196247855,5.551115123125783e-17
mixed,0.39269908169872414,0.75,0.1,0.5204683523135858,0.6254295186155702,0.02276501246702092,0.2419118867873806,0.2419118867873806,0.0
mixed,0.39269908169872414,0.8999999999999999,0.1,0.5085955024018464,0.6090958414888195,0.04719156687932142,0.28363909109417806,0.28363909109417806,0.0
mixed,0.39269908169872414,1.05,0.1,0.48915929635503164,0.5825534202364524,0.08601623916288187,0.3452237561560695,0.3452237561560695,0.0
mixed,0.39269908169872414,1.2,0.1,0.46274043072078885,0.5468683252123246,0.13871875521976482,0.42162360525613324,0.42162360525613324,0.0
mixed,0.39269908169872414,1.3499999999999999,0.1,0.430135170186024,0.5034562094204921,0.20402402234528874,0.5095639010319518,0.5095639010319518,0.0
mixed,0.39269908169872414,1.5,0.1,0.3923374575515397,0.4540095328394903,0.2799098915905628,0.6063996064384993,0.6064031247081361,3.5182696367375144e-06
mixed,0.39269908169872414,1.65,0.1,0.35051518213818755,0.40041148337807686,0.36369285003976837,0.6945275906692641,0.7094507388626883,0.014923148193424218
mixed,0.39269908169872414,1.7999999999999998,0.1,0.3059799278072066,0.34464159014087037,0.45218697092512344,0.7160367976039923,0.8157467031503414,0.09970990554634906
mixed,0.39269908169872414,1.95,0.1,0.2601492599564922,0.28867845157846717,0.5419206258270899,0.7080361486711171,0.9221151051700586,0.2140789564989415
mixed,0.39269908169872414,2.1,0.1,0.21450038243574154,0.23440508957395756,0.6293870350940731,0.6773502870143586,1.025358035300937,0.34800774828657843
mixed,0.39269908169872414,2.25,0.1,0.17051396609042035,0.1835221886124534,0.7113000986744829,0.6188261197076982,1.122067388411867,0.5032412687041689
mixed,0.39269908169872414,2.4,0.1,0.12960743486329906,0.1374739072137251,0.7848267718976532,0.5531121862055501,1.2076815115450854,0.6545693253395353
mixed,0.39269908169872414,2.55,0.1,0.09305846278950991,0.09739009781396102,0.847771359435858,0.48225367353906534,1.2767295746238574,0.794475901084792
mixed,0.39269908169872414,2.6999999999999997,0.1,0.061922358596668836,0.06404770003198557,0.8986945700643367,0.40863839527273793,1.326578603072978,0.9179402078002401
mixed,0.39269908169872414,2.85,0.1,0.036951416287226424,0.03785285309986497,0.9369595471777311,0.33479477753643616,1.3612277044026042,1.026432926866168
mixed,0.39269908169872414,3.0,0.1,0.018529058065316906,0.018843987071272217,0.9627066912793734,0.26315873966115194,1.3839333668301523,1.1207746271690004
mixed,0.39269908169872414,0.0,0.25,0.1621485929230032,0.21338834764831816,0.03661165235168162,0.5712013945064395,0.5712013945064395,0.0
mixed,0.39269908169872414,0.15,0.25,0.17234087161164335,0.22737718660402728,0.022651399638479966,0.5443873196338183,0.5443873196338183,0.0
mixed,0.39269908169872414,0.3,0.25,0.17990488079514344,0.2378019703511527,0.012658753005311293,0.524126432887706,0.5241264328877063,3.3306690738754696e-16
mixed,0.39269908169872414,0.44999999999999996,0.25,0.18456584503326634,0.24424405291647555,0.008076342562621144,0.5114498451925761,0.5114498451925761,0.0
mixed,0.39269908169872414,0.6,0.25,0.18615426566972848,0.24644264904527757,0.010763005928154152,0.5070947088729088,0.507094708872909,2.220446049250313e-16
mixed,0.39269908169872414,0.75,0.25,0.18461235463335168,0.2443084057092071,0.022763534046191095,0.5113647653115992,0.5113647653115992,0.0
mixed,0.39269908169872414,0.8999999999999999,0.25,0.17999620809511574,0.2379280630815701,0.04600403768539021,0.5242133250415344,0.5242133250415346,2.220446049250313e-16
mixed,0.39269908169872414,1.05,0.25,0.17247369659357037,0.22755992977986406,0.08196019396874878,0.5457338317097207,0.5457338317097207,0.0
mixed,0.39269908169872414,1.2,0.25,0.16231809431040178,0.21362043953606435,0.13135264469745533,0.576879841173673,0.576879841173673,0.0
mixed,0.39269908169872414,1.3499999999999999,0.25,0.1498975238669128,0.19666258180487983,0.1939212343738302,0.6197279530781553,0.6197279530781553,0.0
mixed,0.39269908169872414,1.5,0.25,0.13566036987075425,0.17734747376542592,0.2683179937971849,0.676509227691225,0.676509227691225,0.0
mixed,0.39269908169872414,1.65,0.25,0.12011692981290778,0.15641073569456132,0.3521399589259494,0.747682059730854,0.747682059730854,0.0
mixed,0.39269908169872414,1.7999999999999998,0.25,0.10381773830320207,0.13462562114877752,0.4421005477387095,0.7625437816298956,0.8308021111481245,0.06825832951822897
mixed,0.39269908169872414,1.95,0.25,0.0873292279885659,0.11276502014783896,0.5343163911137381,0.7236738909759054,0.9211973730083491,0.19752348203244374
mixed,0.39269908169872414,2.1,0.25,0.07120767417808682,0.09156448811482742,0.6246691049435703,0.6832990384625666,1.01341283884165,0.33011380037908333
mixed,0.39269908169872414,2.25,0.25,0.0559726875550165,0.07168835492673953,0.7091914102543779,0.6440122196383699,1.10229989360093,0.4582876739625602
mixed,0.39269908169872414,2.4,0.25,0.042081822772660815,0.05370074500536126,0.78442566981001,0.6075046212928057,1.1835913228987365,0.5760867016059308
mixed,0.39269908169872414,2.55,0.25,0.029908087847446252,0.03804300695857843,0.8477100289785452,0.5761031069143714,1.2541692109053404,0.678066103990969
mixed,0.39269908169872414,2.6999999999999997,0.25,0.019722184470390647,0.025018632824994613,0.8973610965423435,0.5504282126716644,1.309989193076279,0.7595609804046146
mixed,0.39269908169872414,2.85,0.25,0.0116811084582632,0.0147862707421349,0.9327395631695236,0.5308461107118084,1.3489591789766981,0.8181130682648897
mixed,0.39269908169872414,3.0,0.25,0.00582426212474052,0.007360932449715696,0.9542029807807958,0.5173238318823311,1.373259131881614,0.855935299999283
mixed,0.39269908169872414,0.0,0.5,-1.1102230246251565e-16,-2.220446049250313e-16,3.0814879110195774e-33,0.999999999999999,0.999999999999999,0.0
mixed,0.39269908169872414,0.15,0.5,0.0,0.0,3.8114990009615284e-05,0.9999618857364008,1.0000000000000273,3.811426362654302e-05
mixed,0.39269908169872414,0.3,0.5,0.0,2.220446049250313e-16,0.0006142978086186164,0.9993858910172431,1.000000000115906,0.000614109098662885
mixed,0.39269908169872414,0.44999999999999996,0.5,-1.1102230246251565e-16,-4.440892098500626e-16,0.0030938606387960026,0.9969109439086199,1.0000000148073174,0.003089070898697477
mixed,0.39269908169872414,0.6,0.5,-2.220446049250313e-16,-2.220446049250313e-16,0.009607539964575838,0.9904391715275713,1.0000004434515843,0.009561271924013015
mixed,0.39269908169872414,0.75,0.5,0.0,0.0,0.022762586340530962,0.9775040053938544,1.0000059000201629,0.022501894626308472
mixed,0.39269908169872414,0.8999999999999999,0.5,0.0,0.0,0.045242801022613785,0.9558409444391396,1.0000463935791677,0.04420544914002811
mixed,0.39269908169872414,1.05,0.5,0.0,-2.220446049250313e-16,0.07936016499815061,0.9241244036825065,1.0002513317239363,0.07612692804142984
mixed,0.39269908169872414,1.2,0.5,0.0,0.0,0.12663077897802627,0.8828089982740316,1.0010291458725673,0.11822014759853572
mixed,0.39269908169872414,1.3499999999999999,0.5,0.0,0.0,0.1874450882382799,0.8349867087669064,1.0033833863843231,0.16839667761741672
mixed,0.39269908169872414,1.5,0.5,0.0,0.0,0.2608872900834814,0.787072986800434,1.0092962821375233,0.2222232953370893
mixed,0.39269908169872414,1.65,0.5,-1.1102230246251565e-16,2.220446049250313e-16,0.34473425949401426,0.7488173216991221,1.0218953475970813,0.27307802589795926
mixed,0.39269908169872414,1.7999999999999998,0.5,0.0,3.3306690738754696e-16,0.43563489184998255,0.7316030181562649,1.0448288542231814,0.31322583606691645
mixed,0.39269908169872414,1.95,0.5,-1.1102230246251565e-16,2.220446049250313e-16,0.5294418816821024,0.7442739289861693,1.0804225232173998,0.33614859423123056
mixed,0.39269908169872414,2.1,0.5,0.0,1.1102230246251565e-16,0.6216447907445302,0.7884445387879415,1.127583790445338,0.33913925165739656
mixed,0.39269908169872414,2.25,0.5,0.0,0.0,0.7078396869081567,0.8413320907395347,1.1816058995740928,0.34027380883455804
mixed,0.39269908169872414,2.4,0.5,-1.1102230246251565e-16,0.0,0.784168553087162,0.8855329203858894,1.236149664643426,0.35061674425753664
mixed,0.39269908169872414,2.55,0.5,0.0,1.1102230246251565e-16,0.8476707145828314,0.9206903467414176,1.2854187416798668,0.3647283949384492
mixed,0.39269908169872414,2.6999999999999997,0.5,0.0,2.220446049250313e-16,0.8965063058231173,0.9468401691009511,1.3252789047982945,0.3784387356973433
mixed,0.39269908169872414,2.85,0.5,0.0,1.1102230246251565e-16,0.9300344452155445,0.9643829349462505,1.3534877601953759,0.3891048252491254
mixed,0.39269908169872414,3.0,0.5,0.0,2.220446049250313e-16,0.9487518843073485,0.9740389542042706,1.369501550501554,0.3954625962972834
mixed,0.7853981633974483,0.0,0.1,0.2859471243535133,0.3200000000000002,0.32,0.6886671605416759,0.7570855378434957,0.06841837730181988
mixed,0.7853981633974483,0.15,0.1,0.3201908714192385,0.3622899151381579,0.27771489758110013,0.6802023875416114,0.6966492469384689,0.016446859396857416
mixed,0.7853981633974483,0.3,0.1,0.3515814255455566,0.4017632817876353,0.23831598665937692,0.6363538594369609,0.6392652260705285,0.0029113666335676136
mixed,0.7853981633974483,0.44999999999999996,0.1,0.379178169408806,0.4370181566508574,0.20338974342952634,0.5867859754940115,0.5867968090847926,1.0833590781134106e-05
mixed,0.7853981633974483,0.6,0.1,0.40216061225301647,0.46676875059157596,0.17452512577812165,0.5413319759879025,0.5413319759879025,0.0
mixed,0.7853981633974483,0.75,0.1,0.4198504954840664,0.48990798832190907,0.15322251886675983,0.5051173502646749,0.5051173502646752,3.3306690738754696e-16
mixed,0.7853981633974483,0.8999999999999999,0.1,0.4317290140844201,0.505562068989228,0.1407901671160854,0.4804079111077437,0.4804079111077438,5.551115123125783e-17
mixed,0.7853981633974483,1.05,0.1,0.4374494206715964,0.5131339297502457,0.13823758892871785,0.4691886365459629,0.4691886365459629,0.0
mixed,0.7853981633974483,1.2,0.1,0.43684519932329324,0.5123331287739653,0.14617777300013593,0.4727939668825617,0.4727939668825617,0.0
mixed,0.7853981633974483,1.3499999999999999,0.1,0.4299339239335137,0.5031904328778779,0.16475057425320555,0.49157727880757396,0.49157727880757396,0.0
mixed,0.7853981633974483,1.5,0.1,0.416916852993933,0.48605627070667046,0.19357839850247463,0.5248091097379128,0.5248091097379128,0.0
mixed,0.7853981633974483,1.65,0.1,0.3981742554255491,0.4615831404877926,0.23176207725935535,0.5708342569206271,0.5708342569206271,0.0
mixed,0.7853981633974483,1.7999999999999998,0.1,0.3742564041968809,0.4306929839583922,0.2779202261855511,0.6264292971653377,0.6273674023849662,0.00093810521962856
mixed,0.7853981633974483,1.95,0.1,0.3458701099657473,0.3945313974359723,0.33027006393266745,0.6797279814389334,0.6917927156109618,0.012064734172028357
mixed,0.7853981633974483,2.1,0.1,0.313860592791387,0.35441129375675584,0.38674249405405303,0.7002413881876024,0.7614015666383266,0.06116017845072419
mixed,0.7853981633974483,2.25,0.1,0.27918840997800076,0.31174920917911075,0.4451200521056301,0.6921792765698973,0.8335656877036407,0.1413864111337434
mixed,0.7853981633974483,2.4,0.1,0.24290108993657367,0.2679978322745409,0.5031837470428268,0.6729826804656682,0.9058672337387734,0.2328845532731052
mixed,0.7853981633974483,2.55,0.1,0.20609910716770963,0.22457849517534578,0.5588542395250488,0.6350068756163186,0.9762021221282831,0.3411952465119644
mixed,0.7853981633974483,2.6999999999999997,0.1,0.16989595029633786,0.18281730349856573,0.6103142062547503,0.5864499727592056,1.0427468763116496,0.456296903552444
mixed,0.7853981633974483,2.85,0.1,0.1353724070137966,0.14388829671431436,0.6561018068245438,0.534323631803044,1.1035122168387503,0.5691885850357064
mixed,0.7853981633974483,3.0,0.1,0.10352597344762382,0.10876654668229546,0.6951693062593296,0.48016236901292325,1.1565901617122092,0.6764277926992859
mixed,0.7853981633974483,0.0,0.25,0.09657417614279573,0.1250000000000001,0.12499999999999994,0.7392515637103098,0.7392515637103098,0.0
mixed,0.7853981633974483,0.15,0.25,0.10898970981077383,0.14151949810084297,0.10849052839761177,0.7072386607271126,0.7072386607271126,0.0
mixed,0.7853981633974483,0.3,0.25,0.1205103952291603,0.15693878194829514,0.09322636064964737,0.6778361963686087,0.6778361963686087,0.0
mixed,0.7853981633974483,0.44999999999999996,0.25,0.13074550778500738,0.1707102174417412,0.08013957439239183,0.6518238362774692,0.6518238362774693,1.1102230246251565e-16
mixed,0.7853981633974483,0.6,0.25,0.13934342631789864,0.18233154319983447,0.07036403257036908,0.6299801760037043,0.6299801760037043,0.0
mixed,0.7853981633974483,0.75,0.25,0.1460062198342752,0.19137030793824605,0.06515158203814755,0.613042366009735,0.613042366009735,0.0
mixed,0.7853981633974483,0.8999999999999999,0.25,0.15050171935072143,0.19748518319891706,0.065748642020486,0.6016671066757622,0.6016671066757622,0.0
mixed,0.7853981633974483,1.05,0.25,0.15267274109514428,0.20044294130868945,0.07324772260581786,0.5964037483278168,0.5964037483278168,0.0
mixed,0.7853981633974483,1.2,0.25,0.1524432394161951,0.20013012842733024,0.08843425026871395,0.597701827358027,0.597701827358027,0.0
mixed,0.7853981633974483,1.3499999999999999,0.25,0.14982125715636452,0.19655876284292118,0.1116516686801695,0.6059653940470109,0.6059653940470109,0.0
mixed,0.7853981633974483,1.5,0.25,0.14489861442340024,0.18986573074479307,0.14270649677425892,0.6216071961101474,0.6216071961101475,1.1102230246251565e-16
mixed,0.7853981633974483,1.65,0.25,0.13784734185908476,0.18030591425304388,0.1808299560535146,0.6449882884875859,0.644988288487586,1.1102230246251565e-16
mixed,0.7853981633974483,1.7999999999999998,0.25,0.12891293052044472,0.16823944685874692,0.22470474094113488,0.6761628918493022,0.6761628918493022,0.0
mixed,0.7853981633974483,1.95,0.25,0.11840454615873808,0.1541138271234268,0.2725558840612396,0.7145281883814801,0.7145281883814801,0.0
mixed,0.7853981633974483,2.1,0.25,0.10668244898803048,0.13844191162373276,0.3222951463154527,0.7583999575317901,0.7586395679884351,0.0002396104566450008
mixed,0.7853981633974483,2.25,0.25,0.09414297697042096,0.12177703483558999,0.37170059284095375,0.7371906769516087,0.8063632564343491,0.06917257948274047
mixed,0.7853981633974483,2.4,0.25,0.0812015933775484,0.10468665323224258,0.41860830367894014,0.708791976864245,0.8552767779490935,0.14648480108484851
mixed,0.7853981633974483,2.55,0.25,0.06827466378161662,0.08772597467786947,0.4610922226146199,0.6817650212277635,0.9030975294398469,0.2213325082120834
mixed,0.7853981633974483,2.6999999999999997,0.25,0.055760800603116945,0.07141300917912718,0.4976109694736144,0.6567820006874012,0.9479924068651098,0.29121040617770855
mixed,0.7853981633974483,2.85,0.25,0.04402277116849784,0.056206365904029276,0.5271063498019253,0.6344937938503217,0.9887356647916978,0.35424187094137616
mixed,0.7853981633974483,3.0,0.25,0.03337107436896691,0.04248693229777156,0.5490460946639474,0.6154488941099995,1.0247377519581655,0.40928885784816604
mixed,0.7853981633974483,0.0,0.5,0.0,0.0,1.5407439555097887e-32,0.9999999999999992,0.9999999999999993,1.1102230246251565e-16
mixed,0.7853981633974483,0.15,0.5,0.0,0.0,1.3368664606279435e-05,0.9999866314247554,1.000000000000001,1.3368575245698011e-05
mixed,0.7853981633974483,0.3,0.5,0.0,0.0,0.0002201901305899631,0.9997798341179305,1.0000000000053375,0.00022016588740703114
mixed,0.7853981633974483,0.44999999999999996,0.5,0.0,0.0,0.0011330557788441096,0.9988675870389286,1.0000000007273175,0.0011324136883889002
mixed,0.7853981633974483,0.6,0.5,0.0,2.220446049250313e-16,0.0035941010269379113,0.9964123868650814,1.00000002321381,0.0035876363487286067
mixed,0.7853981633974483,0.75,0.5,0.0,4.440892098500626e-16,0.008695853301857693,0.991342369837338,1.000000328805522,0.008657958968183888
mixed,0.7853981633974483,0.8999999999999999,0.5,0.0,0.0,0.017645100292537613,0.9825140631282525,1.0000027477337756,0.017488684605523108
mixed,0.7853981633974483,1.05,0.5,0.0,-4.440892098500626e-16,0.03158755188601016,0.9689316020017789,1.0000157737267563,0.03108417172497746
mixed,0.7853981633974483,1.2,0.5,0.0,2.220446049250313e-16,0.05141917159472548,0.9499917943554603,1.0000681429383176,0.050076348582857255
mixed,0.7853981633974483,1.3499999999999999,0.5,0.0,1.1102230246251565e-16,0.0776139086974541,0.9257114420278676,1.0002350478737598,0.07452360584589224
mixed,0.7853981633974483,1.5,0.5,0.0,0.0,0.1100963033587361,0.8968852464937493,1.0006742880960489,0.10378904160229951
mixed,0.7853981633974483,1.65,0.5,0.0,0.0,0.14818116040874496,0.865120176759495,1.0016563878677565,0.13653621110826142
mixed,0.7853981633974483,1.7999999999999998,0.5,0.0,0.0,0.19059225039984248,0.8326973030465806,1.0035594342333625,0.17086213118678184
mixed,0.7853981633974483,1.95,0.5,0.0,0.0,0.23555961491288846,0.8022331586805697,1.0067977296721264,0.20456457099155678
mixed,0.7853981633974483,2.1,0.5,0.0,0.0,0.280982743918914,0.7761657760734951,1.011675161243494,0.23550938516999886
mixed,0.7853981633974483,2.25,0.5,-2.220446049250313e-16,-2.220446049250313e-16,0.3246368369020586,0.7561830736521055,1.0182019395827961,0.2620188659306907
mixed,0.7853981633974483,2.4,0.5,0.0,0.0,0.36439327588157705,0.742803987810813,1.025964281756564,0.28316029394575093
mixed,0.7853981633974483,2.55,0.5,0.0,2.220446049250313e-16,0.39842426305665246,0.7353201405033595,1.0341411423299856,0.2988210018266261
mixed,0.7853981633974483,2.6999999999999997,0.5,-2.220446049250313e-16,0.0,0.42536530487032204,0.7321490079098493,1.0416907255244385,0.30954171761458926
mixed,0.7853981633974483,2.85,0.5,0.0,2.220446049250313e-16,0.4444169542746057,0.7314317182203816,1.0476287017951287,0.3161969835747471
mixed,0.7853981633974483,3.0,0.5,0.0,2.220446049250313e-16,0.45537736928229167,0.7316042217474092,1.0512750059669904,0.31967078421958117
mixed,1.413716694115407,0.0,0.1,0.015419200711748515,0.01566191478555179,0.6243380852144484,0.3756619147855519,1.1734648489447537,0.7978029341592018
mixed,1.413716694115407,0.15,0.1,0.018362898356568236,0.018673772341706973,0.6213262394069857,0.3786737659647598,1.170663433622428,0.7919896676576681
mixed,1.413716694115407,0.3,0.1,0.02135721811159841,0.021744565087411294,0.6182556320629126,0.3817444581365146,1.1677473980897162,0.7860029399532016
mixed,1.413716694115407,0.44999999999999996,0.1,0.024314904051515707,0.02478484352804511,0.6152161897877446,0.3847842832956723,1.1647959111533739,0.7800116278577016
mixed,1.413716694115407,0.6,0.1,0.027145428137632377,0.027700961416390113,0.6123023761707685,0.3876991529650682,1.1619002733627835,0.7742011203977153
mixed,1.413716694115407,0.75,0.1,0.02975887944918182,0.03039912102761433,0.6096090992518823,0.390394669600098,1.159161353521693,0.768766683921595
mixed,1.413716694115407,0.8999999999999999,0.1,0.03206987475756917,0.032789555314305274,0.6072274190346022,0.3927803687183702,1.15668520290036,0.7639048341819898
mixed,1.413716694115407,1.05,0.1,0.03400129477956271,0.03479062593500315,0.6052402863157774,0.39477390487748465,1.15457673057502,0.7598028256975354
mixed,1.413716694115407,1.2,0.1,0.035487666317612576,0.03633261682202216,0.6037185539122912,0.3963049497870882,1.1529319651788688,0.7566270153917806
mixed,1.413716694115407,1.3499999999999999,0.1,0.03647803372360614,0.03736101671993386,0.602717495172711,0.3973185808509391,1.1518300019740129,0.7545114211230738
mixed,1.413716694115407,1.5,0.1,0.03693819142707522,0.03783911028404863,0.6022740415556509,0.3977779633443481,1.1513259155875328,0.7535479522431847
mixed,1.413716694115407,1.65,0.1,0.03685218077696106,0.03774973438409668,0.6024049117138901,0.39766616794402687,1.1514456865436,0.7537795185995732
mixed,1.413716694115407,1.7999999999999998,0.1,0.03622298778252908,0.037096102015999555,0.6031057513145205,0.3969870149283546,1.1521837772277692,0.7551967622994147
mixed,1.413716694115407,1.95,0.1,0.03507241259169347,0.035901647925612235,0.6043513396726643,0.39576489367108475,1.153503615384013,0.7577387217129283
mixed,1.413716694115407,2.1,0.1,0.03344011614258802,0.03420890454926351,0.6060968512697051,0.39404356716476063,1.1553409380101969,0.7612973708454362
mixed,1.413716694115407,2.25,0.1,0.03138188396120967,0.032077470851655576,0.6082800930525917,0.39188403205459066,1.1576096259358155,0.7657255938812249
mixed,1.413716694115407,2.4,0.1,0.02896718111748442,0.029581186801276416,0.6108245776780037,0.3893615606882376,1.1602092566045337,0.7708476959162961
mixed,1.413716694115407,2.55,0.1,0.026276105232932445,0.026804669523339597,0.6136432434450146,0.38656209880154735,1.1630332182321634,0.7764711194306161
mixed,1.413716694115407,2.6999999999999997,0.1,0.023395875107534436,0.023839401011024997,0.6166425971407126,0.3835782272400362,1.1659761117653065,0.7823978845252703
mixed,1.413716694115407,2.85,0.1,0.020417019468516984,0.020779579668590453,0.6197270383699387,0.3805049162901355,1.168939494642927,0.7884345783527915
mixed,1.413716694115407,3.0,0.1,0.0174294515224227,0.017717957651975036,0.6228031234000515,0.37743530595409647,1.171835658610859,0.7944003526567625
mixed,1.413716694115407,0.0,0.25,0.004842032069364399,0.006117935463106905,0.24388206453689368,0.7561179354631069,1.016866864238315,0.26074892877520806
mixed,1.413716694115407,0.15,0.25,0.005771733986803418,0.007294442320979089,0.2427055821554646,0.7572944215663937,1.01395225700381,0.25665783543741627
mixed,1.413716694115407,0.3,0.25,0.0067191509721216125,0.008493970737270207,0.24150643999257163,0.7584936223410412,1.0109344093816504,0.2524407870406091
mixed,1.413716694115407,0.44999999999999996,0.25,0.007656679856223758,0.009681579503142634,0.24032057323808576,0.7596797528387591,1.0079101658038812,0.24823041296512205
mixed,1.413716694115407,0.6,0.25,0.00855547940717738,0.010820688053277738,0.23918626525330305,0.7608147860305087,1.0049826661919052,0.24416788016139657
mixed,1.413716694115407,0.75,0.25,0.009386715515464217,0.011874656651411852,0.23814246893087251,0.7618601159733545,1.0022558066155778,0.24039569064222333
mixed,1.413716694115407,0.8999999999999999,0.25,0.010122840573336012,0.012808420044650548,0.23722694318224027,0.7627783867732914,0.9998289968723673,0.2370506100990759
mixed,1.413716694115407,1.05,0.25,0.01073884002888048,0.013590088255860833,0.23647431226659857,0.7635353831363318,0.9977923776924109,0.23425699455607907
mixed,1.413716694115407,1.2,0.25,0.011213380502568593,0.014192428446102578,0.23591417725038388,0.7641018596274475,0.9962226229881779,0.2321207633607304
mixed,1.413716694115407,1.3499999999999999,0.25,0.011529798950077219,0.014594147156224091,0.23556941928678574,0.7644551772793116,0.9951794414122388,0.23072426413292724
mixed,1.413716694115407,1.5,0.25,0.011676880757357622,0.014780902454706535,0.23545483054466704,0.7645806206793766,0.9947028816441684,0.23012226096479182
mixed,1.413716694115407,1.65,0.25,0.01164938582648134,0.014745989993787623,0.23557618937701788,0.7644722871549908,0.9948115290146502,0.23033924185965937
mixed,1.413716694115407,1.7999999999999998,0.25,0.011448295008625098,0.014490664849999835,0.23592986292191714,0.7641334710794605,0.9955016564813823,0.23136818540192183
mixed,1.413716694115407,1.95,0.25,0.011080763947462824,0.014024081220942453,0.23650297627546682,0.7635765074201224,0.9967473625208458,0.23317085510072344
mixed,1.413716694115407,2.1,0.25,0.010559786755362843,0.013362853339556224,0.23727413794996202,0.7628220845517546,0.9985016949771364,0.23567961042538177
mixed,1.413716694115407,2.25,0.25,0.009903587182139129,0.012530262051428043,0.2382146627490876,0.7618980813078328,1.0006987263148062,0.2388006450069734
mixed,1.413716694115407,2.4,0.25,0.009134769280808475,0.011555151094248428,0.23929019157091816,0.7608380216459536,1.0032565150269062,0.24241849338095256
mixed,1.413716694115407,2.55,0.25,0.008279272279940297,0.01047057403255458,0.24046257798485002,0.7596792676747253,1.0060808627919942,0.2464015951172689
mixed,1.413716694115407,2.6999999999999997,0.25,0.007365184740263264,0.00931226601993207,0.24169189679618808,0.7584610854985069,1.00906975880176,0.2506086733032532
mixed,1.413716694115407,2.85,0.25,0.006421480488924325,0.008117023308043203,0.24293843093889256,0.7572227178984752,1.012118389212751,0.2548956713142758
mixed,1.413716694115407,3.0,0.25,0.005476742795612943,0.006921077207802773,0.24416450831725248,0.756001584848728,1.015124568908507,0.25912298405977907
mixed,1.413716694115407,0.0,0.5,0.0,6.661338147750939e-16,1.1364190378099934e-31,0.9999999999999991,0.9999999999999992,1.1102230246251565e-16
mixed,1.413716694115407,0.15,0.5,-2.220446049250313e-16,-2.220446049250313e-16,3.263525853171672e-08,0.9999999673647417,0.9999999999999993,3.263525760743846e-08
mixed,1.413716694115407,0.3,0.5,-1.1102230246251565e-16,0.0,5.476397888070999e-07,0.9999994523603608,0.9999999999999997,5.476396388592875e-07
mixed,1.413716694115407,0.44999999999999996,0.5,0.0,0.0,2.870321637978984e-06,0.9999971296824811,0.9999999999999996,2.870317518444132e-06
mixed,1.413716694115407,0.6,0.5,0.0,4.440892098500626e-16,9.271075440501432e-06,0.999990728967536,0.9999999999999999,9.27103246384231e-06
mixed,1.413716694115407,0.75,0.5,0.0,1.1102230246251565e-16,2.2834109712438904e-05,0.9999771661509929,1.0000000000000053,2.283384901247132e-05
mixed,1.413716694115407,0.8999999999999999,0.5,-1.1102230246251565e-16,-2.220446049250313e-16,4.715096918765298e-05,0.9999528501424844,1.000000000000052,4.71498575675966e-05
mixed,1.413716694115407,1.05,0.5,0.0,0.0,8.586736327901024e-05,0.9999141363237183,1.0000000000003162,8.586367659790817e-05
mixed,1.413716694115407,1.2,0.5,0.0,2.220446049250313e-16,0.00014214092864835048,0.9998578691751683,1.0000000000014355,0.00014213082626723939
mixed,1.413716694115407,1.3499999999999999,0.5,0.0,-2.220446049250313e-16,0.00021808859068001444,0.9997819351971207,1.000000000005186,0.00021806480806541018
mixed,1.413716694115407,1.5,0.5,-1.1102230246251565e-16,0.0,0.00031431066583156744,0.999685738749178,1.0000000000155254,0.00031426126634737095
mixed,1.413716694115407,1.65,0.5,0.0,1.1102230246251565e-16,0.0004295724944076766,0.9995705198214191,1.0000000000396345,0.0004294802182154278
mixed,1.413716694115407,1.7999999999999998,0.5,0.0,0.0,0.0005607036958892916,0.9994394536086577,1.0000000000881388,0.0005605464794811166
mixed,1.413716694115407,1.95,0.5,0.0,0.0,0.0007027433285455914,0.9992975038125897,1.0000000001735239,0.0007024963609341128
mixed,1.413716694115407,2.1,0.5,-1.1102230246251565e-16,1.1102230246251565e-16,0.0008493217193574206,0.9991510393375368,1.0000000003063279,0.0008489609687910571
mixed,1.413716694115407,2.25,0.5,0.0,0.0,0.000993233067354108,0.9990072608015538,1.0000000004899183,0.0009927396883645523
mixed,1.413716694115407,2.4,0.5,0.0,0.0,0.0011271235535555634,0.9988735125460465,1.0000000007159535,0.001126488169907014
mixed,1.413716694115407,2.55,0.5,0.0,4.440892098500626e-16,0.0012442026898725606,0.9987565725354407,1.000000000963039,0.001243428427598281
mixed,1.413716694115407,2.6999999999999997,0.5,0.0,6.661338147750939e-16,0.0013388837548261511,0.9986620140518975,1.0000000012000498,0.0013379871481523642
mixed,1.413716694115407,2.85,0.5,0.0,3.3306690738754696e-16,0.0014072723292476897,0.998593719622529,1.0000000013934942,0.0014062817709652453
mixed,1.413716694115407,3.0,0.5,0.0,-2.220446049250313e-16,0.0014474473667404686,0.9985536020830152,1.0000000015162789,0.0014463994332636343
