dT,steps,spectral_radius_times_dT,max_norm_deviation,max_modified_norm_deviation,max_state_infidelity,final_state_infidelity,max_phase_aligned_state_l2_error,max_rhoS_trace_distance,max_S_vn_abs_error,max_MI_abs_error_vs_reference,wall_seconds,estimated_evolution_seconds,run_id
0.0005,60000,0.0019388392883346382,7.152557373046875e-07,7.152557373046875e-07,4.8260062612826e-10,4.8260062612826e-10,2.19681379717613e-05,6.491476747018647e-07,1.7228991964213236e-06,0.0,133.77020520000224,80.31113251559444,8669a7bf79a599570dca7e345a63ce98a8f4274cd92a0adbfbd44c3f46aa3e2f
0.001,30000,0.0038776785766692764,2.384185791015625e-07,1.1920928955078125e-07,1.1655498788343266e-10,1.1655498788343266e-10,1.0795982492723784e-05,3.3545495385502393e-07,2.0002328190438234e-06,1.3042898739934472e-06,75.64947360000224,22.42881602905691,8953a2fb6aef44d2c8c774ba7cd5b967bb135e809a01ff325fafdf1812d7d03c
0.002,15000,0.007755357153338553,2.384185791015625e-07,3.5762786865234375e-07,1.2326895060255083e-10,1.2326895060255083e-10,1.1102573896750936e-05,2.632029615394087e-07,2.1997363546244486e-06,2.0914218005207985e-06,58.736860400000296,10.898983192071318,2072942718b7d59ffc94230dc1eb951942c95e105f4f1aa9f4670d7ea9dba992
0.005,6000,0.019388392883346383,1.430511474609375e-06,1.9669532775878906e-06,2.8855713374298375e-09,2.8855713374298375e-09,5.371749175542803e-05,1.5587946678695876e-06,2.8842324982791823e-06,3.729453858181131e-06,50.02446430000418,4.368481920808553,563f7de071f0d2b62cb63e9e04b9005f3211fd0fc3f2ef5c1a697d9f5173cacf
0.01,3000,0.038776785766692766,5.4836273193359375e-06,7.68899917602539e-06,4.660784502785731e-08,4.660784502785731e-08,0.00021588849805104332,6.377987059524139e-06,1.103516767131385e-05,1.2064681333634475e-05,49.597442000005685,2.207560795415193,9debfde44bb0efb656994f814146776f707bc2d163c482c7181c2f526481b768
0.02,1500,0.07755357153338553,2.193450927734375e-05,3.057718276977539e-05,7.484649503508578e-07,7.484649503508578e-07,0.0008651387680251636,2.5677454951922908e-05,4.351969907390174e-05,4.626722896794444e-05,51.22608749999927,1.8924268768541521,67ee4bea3dceb9fedcee235c738edc7d94a36733e5758ba43fc075d6953f94f7
0.025,1200,0.09694196441673192,3.415346145629883e-05,4.76837158203125e-05,1.8298968431640361e-06,1.8298968431640361e-06,0.0013527371059418878,4.017128301967562e-05,6.785329530345496e-05,7.155712913065049e-05,48.21487660000275,0.9078693095371125,a0b7f432a8b87f1819024b78edd7517cd3eb1fb3ab6a6ab2a970e49af8343fdc
0.03125,960,0.12117745552091488,5.340576171875e-05,7.450580596923828e-05,4.468442302840714e-06,4.468442302840714e-06,0.0021138702168230663,6.279058754201169e-05,0.00010603007028209266,0.00011109429247235791,46.71359269999812,0.7150448641598223,bdce03f97515f2caae5b9918bb9255e1f3b6e5d1520af003b4bfed3c4d22a917
0.04,750,0.15510714306677106,8.755922317504883e-05,0.00012201070785522461,1.1997402336372254e-05,1.1997402336372254e-05,0.0034637318485535957,0.00010289359746837357,0.00017262335965739783,0.0001800060272216797,46.640074300004926,0.6057523202290757,bdf7547b5d80f8eb7d82b8b2d290d195145e3602673e9b94045c8a73e6bb4b5e
0.05,600,0.19388392883346384,0.0001367330551147461,0.00019055604934692383,2.9316721209871055e-05,2.9316721209871055e-05,0.005414511619556453,0.00016083686979409675,0.0002701663608323246,0.00027605365304383955,46.618294899999455,0.46876886280253516,e3b0f8cfb93265e5a8c6077e97a9f348b374e984c4f6f6672bb2e993a10a44bb
0.1,300,0.3877678576669277,0.0005467534065246582,0.0007623434066772461,0.0004707701899968608,0.0004707701899968608,0.021698516289904178,0.0006437749352052136,0.0010798507566224247,0.0016490175005267615,47.08395959999325,0.23812243226543067,c4631d3ce13f4cf71cf6e788c84f23eed3193f02ff39813573e9d3efb97cf1c3
0.2,150,0.7755357153338553,0.0021865367889404297,0.0030527710914611816,0.007513228304333208,0.007513228304333208,0.08676055393079417,0.002579213327142509,0.0043267690772782474,0.004901823395972747,46.61277770000015,0.12187747183814643,b2dc932e3ed2e63062cf27cfc88f9984fbb060205fd80c56f6b4f2b64133f699
