lambda,fragment_size,chi_mean,chi_q10,threshold,m_delta_mean,m_delta_q10,kappa_typ,naive_m_delta,samples,time,sigma_g
0.0,1,0.0,0.0,0.9,,,0.0,nan,500000,36.0,0.1
0.0,2,0.0,0.0,0.9,,,0.0,nan,500000,36.0,0.1
0.0,3,0.0,0.0,0.9,,,0.0,nan,500000,36.0,0.1
0.0,4,0.0,0.0,0.9,,,0.0,nan,500000,36.0,0.1
0.0,5,0.0,0.0,0.9,,,0.0,nan,500000,36.0,0.1
0.0,6,0.0,0.0,0.9,,,0.0,nan,500000,36.0,0.1
0.0,7,0.0,0.0,0.9,,,0.0,nan,500000,36.0,0.1
0.0,8,0.0,0.0,0.9,,,0.0,nan,500000,36.0,0.1
0.0,9,0.0,0.0,0.9,,,0.0,nan,500000,36.0,0.1
0.0,10,0.0,0.0,0.9,,,0.0,nan,500000,36.0,0.1
0.0,11,0.0,0.0,0.9,,,0.0,nan,500000,36.0,0.1
0.0,12,0.0,0.0,0.9,,,0.0,nan,500000,36.0,0.1
0.0,13,0.0,0.0,0.9,,,0.0,nan,500000,36.0,0.1
0.0,14,0.0,0.0,0.9,,,0.0,nan,500000,36.0,0.1
0.0,15,0.0,0.0,0.9,,,0.0,nan,500000,36.0,0.1
0.0,16,0.0,0.0,0.9,,,0.0,nan,500000,36.0,0.1
0.0,17,0.0,0.0,0.9,,,0.0,nan,500000,36.0,0.1
0.0,18,0.0,0.0,0.9,,,0.0,nan,500000,36.0,0.1
0.0,19,0.0,0.0,0.9,,,0.0,nan,500000,36.0,0.1
0.0,20,0.0,0.0,0.9,,,0.0,nan,500000,36.0,0.1
0.0,21,0.0,0.0,0.9,,,0.0,nan,500000,36.0,0.1
0.0,22,0.0,0.0,0.9,,,0.0,nan,500000,36.0,0.1
0.0,23,0.0,0.0,0.9,,,0.0,nan,500000,36.0,0.1
0.0,24,0.0,0.0,0.9,,,0.0,nan,500000,36.0,0.1
0.0,25,0.0,0.0,0.9,,,0.0,nan,500000,36.0,0.1
0.0,26,0.0,0.0,0.9,,,0.0,nan,500000,36.0,0.1
0.0,27,0.0,0.0,0.9,,,0.0,nan,500000,36.0,0.1
0.0,28,0.0,0.0,0.9,,,0.0,nan,500000,36.0,0.1
0.0,29,0.0,0.0,0.9,,,0.0,nan,500000,36.0,0.1
0.0,30,0.0,0.0,0.9,,,0.0,nan,500000,36.0,0.1
0.0,31,0.0,0.0,0.9,,,0.0,nan,500000,36.0,0.1
0.0,32,0.0,0.0,0.9,,,0.0,nan,500000,36.0,0.1
0.0,33,0.0,0.0,0.9,,,0.0,nan,500000,36.0,0.1
0.0,34,0.0,0.0,0.9,,,0.0,nan,500000,36.0,0.1
0.0,35,0.0,0.0,0.9,,,0.0,nan,500000,36.0,0.1
0.0,36,0.0,0.0,0.9,,,0.0,nan,500000,36.0,0.1
0.0,37,0.0,0.0,0.9,,,0.0,nan,500000,36.0,0.1
0.0,38,0.0,0.0,0.9,,,0.0,nan,500000,36.0,0.1
0.0,39,0.0,0.0,0.9,,,0.0,nan,500000,36.0,0.1
0.0,40,0.0,0.0,0.9,,,0.0,nan,500000,36.0,0.1
0.0,41,0.0,0.0,0.9,,,0.0,nan,500000,36.0,0.1
0.0,42,0.0,0.0,0.9,,,0.0,nan,500000,36.0,0.1
0.0,43,0.0,0.0,0.9,,,0.0,nan,500000,36.0,0.1
0.0,44,0.0,0.0,0.9,,,0.0,nan,500000,36.0,0.1
0.0,45,0.0,0.0,0.9,,,0.0,nan,500000,36.0,0.1
0.0,46,0.0,0.0,0.9,,,0.0,nan,500000,36.0,0.1
0.0,47,0.0,0.0,0.9,,,0.0,nan,500000,36.0,0.1
0.0,48,0.0,0.0,0.9,,,0.0,nan,500000,36.0,0.1
0.0,49,0.0,0.0,0.9,,,0.0,nan,500000,36.0,0.1
0.0,50,0.0,0.0,0.9,,,0.0,nan,500000,36.0,0.1
0.0,51,0.0,0.0,0.9,,,0.0,nan,500000,36.0,0.1
0.0,52,0.0,0.0,0.9,,,0.0,nan,500000,36.0,0.1
0.0,53,0.0,0.0,0.9,,,0.0,nan,500000,36.0,0.1
0.0,54,0.0,0.0,0.9,,,0.0,nan,500000,36.0,0.1
0.0,55,0.0,0.0,0.9,,,0.0,nan,500000,36.0,0.1
0.0,56,0.0,0.0,0.9,,,0.0,nan,500000,36.0,0.1
0.0,57,0.0,0.0,0.9,,,0.0,nan,500000,36.0,0.1
0.0,58,0.0,0.0,0.9,,,0.0,nan,500000,36.0,0.1
0.0,59,0.0,0.0,0.9,,,0.0,nan,500000,36.0,0.1
0.0,60,0.0,0.0,0.9,,,0.0,nan,500000,36.0,0.1
0.0,61,0.0,0.0,0.9,,,0.0,nan,500000,36.0,0.1
0.0,62,0.0,0.0,0.9,,,0.0,nan,500000,36.0,0.1
0.0,63,0.0,0.0,0.9,,,0.0,nan,500000,36.0,0.1
0.0,64,0.0,0.0,0.9,,,0.0,nan,500000,36.0,0.1
0.25,1,0.19338405075027126,0.016637264904175712,0.9,16,19,0.06937552230512668,14.411098557312476,500000,36.0,0.1
0.25,2,0.32788862098994853,0.1320475253554669,0.9,16,19,0.06937552230512668,14.411098557312476,500000,36.0,0.1
0.25,3,0.43178144803283725,0.2583514166037291,0.9,16,19,0.06937552230512668,14.411098557312476,500000,36.0,0.1
0.25,4,0.5155012596254398,0.3574648116159703,0.9,16,19,0.06937552230512668,14.411098557312476,500000,36.0,0.1
0.25,5,0.5846568140866002,0.4365191183942878,0.9,16,19,0.06937552230512668,14.411098557312476,500000,36.0,0.1
0.25,6,0.6427483599363645,0.5067935969934819,0.9,16,19,0.06937552230512668,14.411098557312476,500000,36.0,0.1
0.25,7,0.6916524120451881,0.5674993303109513,0.9,16,19,0.06937552230512668,14.411098557312476,500000,36.0,0.1
0.25,8,0.7332756950348984,0.6200679245537339,0.9,16,19,0.06937552230512668,14.411098557312476,500000,36.0,0.1
0.25,9,0.7688844594414909,0.6660969249639227,0.9,16,19,0.06937552230512668,14.411098557312476,500000,36.0,0.1
0.25,10,0.799471326114923,0.7063585551862841,0.9,16,19,0.06937552230512668,14.411098557312476,500000,36.0,0.1
0.25,11,0.8258041568741038,0.7418763523020603,0.9,16,19,0.06937552230512668,14.411098557312476,500000,36.0,0.1
0.25,12,0.8485083825843798,0.7727614168128033,0.9,16,19,0.06937552230512668,14.411098557312476,500000,36.0,0.1
0.25,13,0.8681364532175845,0.7998672602454807,0.9,16,19,0.06937552230512668,14.411098557312476,500000,36.0,0.1
0.25,14,0.8851065187885331,0.8236192107770877,0.9,16,19,0.06937552230512668,14.411098557312476,500000,36.0,0.1
0.25,15,0.8998439482402548,0.8446319319180725,0.9,16,19,0.06937552230512668,14.411098557312476,500000,36.0,0.1
0.25,16,0.9126693436338615,0.863091432969634,0.9,16,19,0.06937552230512668,14.411098557312476,500000,36.0,0.1
0.25,17,0.9238113147498078,0.8792656648668447,0.9,16,19,0.06937552230512668,14.411098557312476,500000,36.0,0.1
0.25,18,0.9335054562824832,0.8937189260257253,0.9,16,19,0.06937552230512668,14.411098557312476,500000,36.0,0.1
0.25,19,0.9419397260234484,0.9063033295888563,0.9,16,19,0.06937552230512668,14.411098557312476,500000,36.0,0.1
0.25,20,0.9492974354605708,0.9175464705901878,0.9,16,19,0.06937552230512668,14.411098557312476,500000,36.0,0.1
0.25,21,0.9557136029619322,0.9273243959844352,0.9,16,19,0.06937552230512668,14.411098557312476,500000,36.0,0.1
0.25,22,0.9613180837465043,0.9359980692730305,0.9,16,19,0.06937552230512668,14.411098557312476,500000,36.0,0.1
0.25,23,0.9661986390360708,0.9436201435896351,0.9,16,19,0.06937552230512668,14.411098557312476,500000,36.0,0.1
0.25,24,0.9704602735785194,0.9503397588290735,0.9,16,19,0.06937552230512668,14.411098557312476,500000,36.0,0.1
0.25,25,0.9741728960919595,0.9562461135365381,0.9,16,19,0.06937552230512668,14.411098557312476,500000,36.0,0.1
0.25,26,0.9774248682808638,0.9615008783894968,0.9,16,19,0.06937552230512668,14.411098557312476,500000,36.0,0.1
0.25,27,0.9802612582585325,0.9660661167569196,0.9,16,19,0.06937552230512668,14.411098557312476,500000,36.0,0.1
0.25,28,0.9827417179826022,0.9700980976689713,0.9,16,19,0.06937552230512668,14.411098557312476,500000,36.0,0.1
0.25,29,0.984909737436211,0.9737045272669452,0.9,16,19,0.06937552230512668,14.411098557312476,500000,36.0,0.1
0.25,30,0.9867993318116752,0.9768353755126817,0.9,16,19,0.06937552230512668,14.411098557312476,500000,36.0,0.1
0.25,31,0.9884558700956676,0.9795962940718275,0.9,16,19,0.06937552230512668,14.411098557312476,500000,36.0,0.1
0.25,32,0.9899030115201394,0.9820443938990329,0.9,16,19,0.06937552230512668,14.411098557312476,500000,36.0,0.1
0.25,33,0.9911674570227771,0.9841996419090476,0.9,16,19,0.06937552230512668,14.411098557312476,500000,36.0,0.1
0.25,34,0.9922724603418477,0.9860864808822136,0.9,16,19,0.06937552230512668,14.411098557312476,500000,36.0,0.1
0.25,35,0.9932431504925422,0.9877749237541998,0.9,16,19,0.06937552230512668,14.411098557312476,500000,36.0,0.1
0.25,36,0.9940890466090075,0.9892497815793385,0.9,16,19,0.06937552230512668,14.411098557312476,500000,36.0,0.1
0.25,37,0.9948286678793165,0.9905409461129596,0.9,16,19,0.06937552230512668,14.411098557312476,500000,36.0,0.1
0.25,38,0.9954765184347889,0.9916752130439155,0.9,16,19,0.06937552230512668,14.411098557312476,500000,36.0,0.1
0.25,39,0.9960432434611097,0.9926758270698864,0.9,16,19,0.06937552230512668,14.411098557312476,500000,36.0,0.1
0.25,40,0.996539254588559,0.9935639647986954,0.9,16,19,0.06937552230512668,14.411098557312476,500000,36.0,0.1
0.25,41,0.9969728634969341,0.9943495116488084,0.9,16,19,0.06937552230512668,14.411098557312476,500000,36.0,0.1
0.25,42,0.9973519147658323,0.9950305137271717,0.9,16,19,0.06937552230512668,14.411098557312476,500000,36.0,0.1
0.25,43,0.9976830557804555,0.9956300657005709,0.9,16,19,0.06937552230512668,14.411098557312476,500000,36.0,0.1
0.25,44,0.9979730250587407,0.9961639450508553,0.9,16,19,0.06937552230512668,14.411098557312476,500000,36.0,0.1
0.25,45,0.9982264195398022,0.9966256551077753,0.9,16,19,0.06937552230512668,14.411098557312476,500000,36.0,0.1
0.25,46,0.998447845013878,0.9970337151923101,0.9,16,19,0.06937552230512668,14.411098557312476,500000,36.0,0.1
0.25,47,0.998642152048405,0.9973915164284152,0.9,16,19,0.06937552230512668,14.411098557312476,500000,36.0,0.1
0.25,48,0.99881171770949,0.9977077966691424,0.9,16,19,0.06937552230512668,14.411098557312476,500000,36.0,0.1
0.25,49,0.9989603121214056,0.9979866426021768,0.9,16,19,0.06937552230512668,14.411098557312476,500000,36.0,0.1
0.25,50,0.9990903549899114,0.9982325131274852,0.9,16,19,0.06937552230512668,14.411098557312476,500000,36.0,0.1
0.25,51,0.9992039428822547,0.998448904624901,0.9,16,19,0.06937552230512668,14.411098557312476,500000,36.0,0.1
0.25,52,0.9993035440578002,0.998637121114226,0.9,16,19,0.06937552230512668,14.411098557312476,500000,36.0,0.1
0.25,53,0.9993906628716558,0.9988031617460462,0.9,16,19,0.06937552230512668,14.411098557312476,500000,36.0,0.1
0.25,54,0.9994669062724756,0.9989499136583034,0.9,16,19,0.06937552230512668,14.411098557312476,500000,36.0,0.1
0.25,55,0.9995336439339183,0.9990778926654296,0.9,16,19,0.06937552230512668,14.411098557312476,500000,36.0,0.1
0.25,56,0.9995918619701262,0.9991904586959176,0.9,16,19,0.06937552230512668,14.411098557312476,500000,36.0,0.1
0.25,57,0.9996428900753541,0.999288392622801,0.9,16,19,0.06937552230512668,14.411098557312476,500000,36.0,0.1
0.25,58,0.9996875192777945,0.9993752069911261,0.9,16,19,0.06937552230512668,14.411098557312476,500000,36.0,0.1
0.25,59,0.9997266755821066,0.9994517942251124,0.9,16,19,0.06937552230512668,14.411098557312476,500000,36.0,0.1
0.25,60,0.9997608523717004,0.9995190769296878,0.9,16,19,0.06937552230512668,14.411098557312476,500000,36.0,0.1
0.25,61,0.9997907159044964,0.9995778282593496,0.9,16,19,0.06937552230512668,14.411098557312476,500000,36.0,0.1
0.25,62,0.999816909447885,0.9996293863199903,0.9,16,19,0.06937552230512668,14.411098557312476,500000,36.0,0.1
0.25,63,0.9998397930109946,0.9996743007612172,0.9,16,19,0.06937552230512668,14.411098557312476,500000,36.0,0.1
0.25,64,0.9998598057228513,0.9997139388992257,0.9,16,19,0.06937552230512668,14.411098557312476,500000,36.0,0.1
0.5,1,0.3312064826844237,0.02988707773082446,0.9,7,10,0.15845278141803495,6.309624106670411,500000,36.0,0.1
0.5,2,0.5290418288401069,0.2278236581869139,0.9,7,10,0.15845278141803495,6.309624106670411,500000,36.0,0.1
0.5,3,0.6609546641082913,0.43071518145657467,0.9,7,10,0.15845278141803495,6.309624106670411,500000,36.0,0.1
0.5,4,0.7527549667849243,0.5762207611396299,0.9,7,10,0.15845278141803495,6.309624106670411,500000,36.0,0.1
0.5,5,0.8181929641967483,0.6751410932892036,0.9,7,10,0.15845278141803495,6.309624106670411,500000,36.0,0.1
0.5,6,0.8657144949391357,0.7527151404026673,0.9,7,10,0.15845278141803495,6.309624106670411,500000,36.0,0.1
0.5,7,0.9003899653326871,0.8115439889820135,0.9,7,10,0.15845278141803495,6.309624106670411,500000,36.0,0.1
0.5,8,0.9259206200216662,0.8565828191282259,0.9,7,10,0.15845278141803495,6.309624106670411,500000,36.0,0.1
0.5,9,0.944752899388887,0.8905047799996302,0.9,7,10,0.15845278141803495,6.309624106670411,500000,36.0,0.1
0.5,10,0.9587740460262443,0.9167925555873486,0.9,7,10,0.15845278141803495,6.309624106670411,500000,36.0,0.1
0.5,11,0.969207547666576,0.9367128623933928,0.9,7,10,0.15845278141803495,6.309624106670411,500000,36.0,0.1
0.5,12,0.9769641775833507,0.9519656949062614,0.9,7,10,0.15845278141803495,6.309624106670411,500000,36.0,0.1
0.5,13,0.9827681046330244,0.9634392963155738,0.9,7,10,0.15845278141803495,6.309624106670411,500000,36.0,0.1
0.5,14,0.9871095403347425,0.9723541244191422,0.9,7,10,0.15845278141803495,6.309624106670411,500000,36.0,0.1
0.5,15,0.9903428779574097,0.9790339428507533,0.9,7,10,0.15845278141803495,6.309624106670411,500000,36.0,0.1
0.5,16,0.9927665132542813,0.9841458309235183,0.9,7,10,0.15845278141803495,6.309624106670411,500000,36.0,0.1
0.5,17,0.9945767057660714,0.9879646355703499,0.9,7,10,0.15845278141803495,6.309624106670411,500000,36.0,0.1
0.5,18,0.9959375060895802,0.9909203891577727,0.9,7,10,0.15845278141803495,6.309624106670411,500000,36.0,0.1
0.5,19,0.9969550332771339,0.9931615982811169,0.9,7,10,0.15845278141803495,6.309624106670411,500000,36.0,0.1
0.5,20,0.9977173651069754,0.9948382156363972,0.9,7,10,0.15845278141803495,6.309624106670411,500000,36.0,0.1
0.5,21,0.9982880263025662,0.996109675212461,0.9,7,10,0.15845278141803495,6.309624106670411,500000,36.0,0.1
0.5,22,0.9987158671148954,0.9970665992809877,0.9,7,10,0.15845278141803495,6.309624106670411,500000,36.0,0.1
0.5,23,0.9990379391793329,0.9977961800461977,0.9,7,10,0.15845278141803495,6.309624106670411,500000,36.0,0.1
0.5,24,0.9992787303439963,0.9983418237592687,0.9,7,10,0.15845278141803495,6.309624106670411,500000,36.0,0.1
0.5,25,0.9994587944588756,0.9987532446947294,0.9,7,10,0.15845278141803495,6.309624106670411,500000,36.0,0.1
0.5,26,0.9995948499199485,0.9990637954079813,0.9,7,10,0.15845278141803495,6.309624106670411,500000,36.0,0.1
0.5,27,0.9996965198135186,0.9992977263998148,0.9,7,10,0.15845278141803495,6.309624106670411,500000,36.0,0.1
0.5,28,0.9997724704710196,0.9994720720442424,0.9,7,10,0.15845278141803495,6.309624106670411,500000,36.0,0.1
0.5,29,0.9998293214602717,0.9996030293158739,0.9,7,10,0.15845278141803495,6.309624106670411,500000,36.0,0.1
0.5,30,0.9998718454199431,0.9997032057625637,0.9,7,10,0.15845278141803495,6.309624106670411,500000,36.0,0.1
0.5,31,0.9999038428326392,0.9997777161894831,0.9,7,10,0.15845278141803495,6.309624106670411,500000,36.0,0.1
0.5,32,0.9999278194290867,0.9998336098847184,0.9,7,10,0.15845278141803495,6.309624106670411,500000,36.0,0.1
0.5,33,0.9999457514280963,0.9998753860295401,0.9,7,10,0.15845278141803495,6.309624106670411,500000,36.0,0.1
0.5,34,0.9999593662778429,0.9999066724253695,0.9,7,10,0.15845278141803495,6.309624106670411,500000,36.0,0.1
0.5,35,0.9999695467542509,0.999930134777525,0.9,7,10,0.15845278141803495,6.309624106670411,500000,36.0,0.1
0.5,36,0.9999771705700253,0.9999476502833001,0.9,7,10,0.15845278141803495,6.309624106670411,500000,36.0,0.1
0.5,37,0.9999828950056067,0.9999608921053441,0.9,7,10,0.15845278141803495,6.309624106670411,500000,36.0,0.1
0.5,38,0.9999871737469362,0.9999708060840695,0.9,7,10,0.15845278141803495,6.309624106670411,500000,36.0,0.1
0.5,39,0.999990369814052,0.9999781831137687,0.9,7,10,0.15845278141803495,6.309624106670411,500000,36.0,0.1
0.5,40,0.9999927738652511,0.9999836960393185,0.9,7,10,0.15845278141803495,6.309624106670411,500000,36.0,0.1
0.5,41,0.9999945851257187,0.9999878426403195,0.9,7,10,0.15845278141803495,6.309624106670411,500000,36.0,0.1
0.5,42,0.9999959407772224,0.999990913877484,0.9,7,10,0.15845278141803495,6.309624106670411,500000,36.0,0.1
0.5,43,0.9999969551808193,0.9999932233547114,0.9,7,10,0.15845278141803495,6.309624106670411,500000,36.0,0.1
0.5,44,0.9999977186285295,0.999994950009488,0.9,7,10,0.15845278141803495,6.309624106670411,500000,36.0,0.1
0.5,45,0.9999982931521278,0.999996229624735,0.9,7,10,0.15845278141803495,6.309624106670411,500000,36.0,0.1
0.5,46,0.9999987220459534,0.9999971846575682,0.9,7,10,0.15845278141803495,6.309624106670411,500000,36.0,0.1
0.5,47,0.9999990391123167,0.9999979045097384,0.9,7,10,0.15845278141803495,6.309624106670411,500000,36.0,0.1
0.5,48,0.99999927876989,0.999998442716387,0.9,7,10,0.15845278141803495,6.309624106670411,500000,36.0,0.1
0.5,49,0.9999994576249451,0.9999988351362391,0.9,7,10,0.15845278141803495,6.309624106670411,500000,36.0,0.1
0.5,50,0.9999995926617922,0.9999991328870035,0.9,7,10,0.15845278141803495,6.309624106670411,500000,36.0,0.1
0.5,51,0.9999996941039921,0.9999993564953499,0.9,7,10,0.15845278141803495,6.309624106670411,500000,36.0,0.1
0.5,52,0.9999997703993381,0.9999995189879951,0.9,7,10,0.15845278141803495,6.309624106670411,500000,36.0,0.1
0.5,53,0.9999998275612844,0.9999996420070051,0.9,7,10,0.15845278141803495,6.309624106670411,500000,36.0,0.1
0.5,54,0.9999998708994575,0.99999973369445,0.9,7,10,0.15845278141803495,6.309624106670411,500000,36.0,0.1
0.5,55,0.9999999034314849,0.9999998017509857,0.9,7,10,0.15845278141803495,6.309624106670411,500000,36.0,0.1
0.5,56,0.999999927726199,0.9999998525619909,0.9,7,10,0.15845278141803495,6.309624106670411,500000,36.0,0.1
0.5,57,0.9999999458339501,0.9999998903668579,0.9,7,10,0.15845278141803495,6.309624106670411,500000,36.0,0.1
0.5,58,0.9999999593501211,0.9999999188276896,0.9,7,10,0.15845278141803495,6.309624106670411,500000,36.0,0.1
0.5,59,0.9999999694833132,0.999999939566477,0.9,7,10,0.15845278141803495,6.309624106670411,500000,36.0,0.1
0.5,60,0.9999999771426502,0.9999999549402034,0.9,7,10,0.15845278141803495,6.309624106670411,500000,36.0,0.1
0.5,61,0.999999982858341,0.999999966510238,0.9,7,10,0.15845278141803495,6.309624106670411,500000,36.0,0.1
0.5,62,0.9999999871369373,0.9999999751340449,0.9,7,10,0.15845278141803495,6.309624106670411,500000,36.0,0.1
0.5,63,0.9999999903704789,0.99999998147959,0.9,7,10,0.15845278141803495,6.309624106670411,500000,36.0,0.1
0.5,64,0.999999992793997,0.9999999862560025,0.9,7,10,0.15845278141803495,6.309624106670411,500000,36.0,0.1
0.75,1,0.449898443342753,0.04213577788911134,0.9,5,7,0.2877160164326893,3.47487603158202,500000,36.0,0.1
0.75,2,0.6791629006661661,0.31115505729821136,0.9,5,7,0.2877160164326893,3.47487603158202,500000,36.0,0.1
0.75,3,0.8075573362549545,0.5661265931690477,0.9,5,7,0.2877160164326893,3.47487603158202,500000,36.0,0.1
0.75,4,0.88277851054781,0.7327672526712035,0.9,5,7,0.2877160164326893,3.47487603158202,500000,36.0,0.1
0.75,5,0.928132127003354,0.8336361875766238,0.9,5,7,0.2877160164326893,3.47487603158202,500000,36.0,0.1
0.75,6,0.9556013875219561,0.8943330072541217,0.9,5,7,0.2877160164326893,3.47487603158202,500000,36.0,0.1
0.75,7,0.9725363619392398,0.9337679107686322,0.9,5,7,0.2877160164326893,3.47487603158202,500000,36.0,0.1
0.75,8,0.9829317901409149,0.9587403588155647,0.9,5,7,0.2877160164326893,3.47487603158202,500000,36.0,0.1
0.75,9,0.989384098234734,0.9743277223300617,0.9,5,7,0.2877160164326893,3.47487603158202,500000,36.0,0.1
0.75,10,0.993387985791274,0.9841184770154839,0.9,5,7,0.2877160164326893,3.47487603158202,500000,36.0,0.1
0.75,11,0.9958760393245835,0.9902036653213786,0.9,5,7,0.2877160164326893,3.47487603158202,500000,36.0,0.1
0.75,12,0.9974301500166334,0.9939725004881687,0.9,5,7,0.2877160164326893,3.47487603158202,500000,36.0,0.1
0.75,13,0.998399253644983,0.9962937049824273,0.9,5,7,0.2877160164326893,3.47487603158202,500000,36.0,0.1
0.75,14,0.9990027447354858,0.9977472860767551,0.9,5,7,0.2877160164326893,3.47487603158202,500000,36.0,0.1
0.75,15,0.9993774423259366,0.9986231517477112,0.9,5,7,0.2877160164326893,3.47487603158202,500000,36.0,0.1
0.75,16,0.999610270596751,0.9991628211710387,0.9,5,7,0.2877160164326893,3.47487603158202,500000,36.0,0.1
0.75,17,0.9997560226718502,0.99949207539783,0.9,5,7,0.2877160164326893,3.47487603158202,500000,36.0,0.1
0.75,18,0.9998474906938656,0.9996927309811413,0.9,5,7,0.2877160164326893,3.47487603158202,500000,36.0,0.1
0.75,19,0.9999046655295002,0.9998147122991937,0.9,5,7,0.2877160164326893,3.47487603158202,500000,36.0,0.1
0.75,20,0.9999406453709249,0.9998881890707241,0.9,5,7,0.2877160164326893,3.47487603158202,500000,36.0,0.1
0.75,21,0.9999629167270894,0.9999324500144766,0.9,5,7,0.2877160164326893,3.47487603158202,500000,36.0,0.1
0.75,22,0.9999768537605205,0.9999595281454458,0.9,5,7,0.2877160164326893,3.47487603158202,500000,36.0,0.1
0.75,23,0.9999855683953567,0.9999757101688721,0.9,5,7,0.2877160164326893,3.47487603158202,500000,36.0,0.1
0.75,24,0.9999909700587919,0.9999854424533194,0.9,5,7,0.2877160164326893,3.47487603158202,500000,36.0,0.1
0.75,25,0.9999943582863029,0.9999913167963081,0.9,5,7,0.2877160164326893,3.47487603158202,500000,36.0,0.1
0.75,26,0.9999964854081884,0.9999948381184286,0.9,5,7,0.2877160164326893,3.47487603158202,500000,36.0,0.1
0.75,27,0.9999978005358334,0.9999969234393761,0.9,5,7,0.2877160164326893,3.47487603158202,500000,36.0,0.1
0.75,28,0.9999986263457585,0.9999981707339342,0.9,5,7,0.2877160164326893,3.47487603158202,500000,36.0,0.1
0.75,29,0.9999991471352312,0.9999989049569007,0.9,5,7,0.2877160164326893,3.47487603158202,500000,36.0,0.1
0.75,30,0.9999994663552445,0.9999993456165368,0.9,5,7,0.2877160164326893,3.47487603158202,500000,36.0,0.1
0.75,31,0.9999996628171192,0.9999996136291561,0.9,5,7,0.2877160164326893,3.47487603158202,500000,36.0,0.1
0.75,32,0.9999997885986011,0.9999997692294998,0.9,5,7,0.2877160164326893,3.47487603158202,500000,36.0,0.1
0.75,33,0.9999998660565775,0.9999998638941399,0.9,5,7,0.2877160164326893,3.47487603158202,500000,36.0,0.1
0.75,34,0.9999999166389496,0.9999999191195023,0.9,5,7,0.2877160164326893,3.47487603158202,500000,36.0,0.1
0.75,35,0.9999999482243382,0.9999999520218902,0.9,5,7,0.2877160164326893,3.47487603158202,500000,36.0,0.1
0.75,36,0.9999999672226153,0.9999999716535706,0.9,5,7,0.2877160164326893,3.47487603158202,500000,36.0,0.1
0.75,37,0.9999999795168463,0.9999999831864023,0.9,5,7,0.2877160164326893,3.47487603158202,500000,36.0,0.1
0.75,38,0.9999999871962209,0.9999999900548864,0.9,5,7,0.2877160164326893,3.47487603158202,500000,36.0,0.1
0.75,39,0.9999999918233654,0.9999999941180949,0.9,5,7,0.2877160164326893,3.47487603158202,500000,36.0,0.1
0.75,40,0.999999994909718,0.9999999965226167,0.9,5,7,0.2877160164326893,3.47487603158202,500000,36.0,0.1
0.75,41,0.9999999968580118,0.9999999979454851,0.9,5,7,0.2877160164326893,3.47487603158202,500000,36.0,0.1
0.75,42,0.9999999980265407,0.999999998791338,0.9,5,7,0.2877160164326893,3.47487603158202,500000,36.0,0.1
0.75,43,0.9999999987437388,0.9999999992884717,0.9,5,7,0.2877160164326893,3.47487603158202,500000,36.0,0.1
0.75,44,0.9999999992365954,0.9999999995786326,0.9,5,7,0.2877160164326893,3.47487603158202,500000,36.0,0.1
0.75,45,0.9999999995235757,0.9999999997539142,0.9,5,7,0.2877160164326893,3.47487603158202,500000,36.0,0.1
0.75,46,0.9999999997006529,0.9999999998552158,0.9,5,7,0.2877160164326893,3.47487603158202,500000,36.0,0.1
0.75,47,0.9999999998111884,0.9999999999146798,0.9,5,7,0.2877160164326893,3.47487603158202,500000,36.0,0.1
0.75,48,0.9999999998776875,0.9999999999497347,0.9,5,7,0.2877160164326893,3.47487603158202,500000,36.0,0.1
0.75,49,0.9999999999270549,0.9999999999704547,0.9,5,7,0.2877160164326893,3.47487603158202,500000,36.0,0.1
0.75,50,0.9999999999546643,0.9999999999826299,0.9,5,7,0.2877160164326893,3.47487603158202,500000,36.0,0.1
0.75,51,0.9999999999712351,0.9999999999898672,0.9,5,7,0.2877160164326893,3.47487603158202,500000,36.0,0.1
0.75,52,0.9999999999823264,0.9999999999940112,0.9,5,7,0.2877160164326893,3.47487603158202,500000,36.0,0.1
0.75,53,0.999999999989514,0.999999999996487,0.9,5,7,0.2877160164326893,3.47487603158202,500000,36.0,0.1
0.75,54,0.9999999999936519,0.9999999999979363,0.9,5,7,0.2877160164326893,3.47487603158202,500000,36.0,0.1
0.75,55,0.9999999999959729,0.9999999999987941,0.9,5,7,0.2877160164326893,3.47487603158202,500000,36.0,0.1
0.75,56,0.9999999999974919,0.9999999999992946,0.9,5,7,0.2877160164326893,3.47487603158202,500000,36.0,0.1
0.75,57,0.9999999999983984,0.999999999999588,0.9,5,7,0.2877160164326893,3.47487603158202,500000,36.0,0.1
0.75,58,0.9999999999990158,0.9999999999997593,0.9,5,7,0.2877160164326893,3.47487603158202,500000,36.0,0.1
0.75,59,0.9999999999993576,0.9999999999998576,0.9,5,7,0.2877160164326893,3.47487603158202,500000,36.0,0.1
0.75,60,0.9999999999996176,0.9999999999999173,0.9,5,7,0.2877160164326893,3.47487603158202,500000,36.0,0.1
0.75,61,0.9999999999997725,0.9999999999999516,0.9,5,7,0.2877160164326893,3.47487603158202,500000,36.0,0.1
0.75,62,0.9999999999998584,0.9999999999999718,0.9,5,7,0.2877160164326893,3.47487603158202,500000,36.0,0.1
0.75,63,0.999999999999913,0.9999999999999836,0.9,5,7,0.2877160164326893,3.47487603158202,500000,36.0,0.1
0.75,64,0.9999999999999464,0.9999999999999902,0.9,5,7,0.2877160164326893,3.47487603158202,500000,36.0,0.1
0.933012702,1,0.528845590915473,0.051049449536380846,0.9,4,5,0.4619326966882751,2.1643358363066647,500000,36.0,0.1
0.933012702,2,0.7652164433934499,0.36655645645218404,0.9,4,5,0.4619326966882751,2.1643358363066647,500000,36.0,0.1
0.933012702,3,0.8800906869820762,0.6532517084389485,0.9,4,5,0.4619326966882751,2.1643358363066647,500000,36.0,0.1
0.933012702,4,0.9377138340457951,0.8233582361953847,0.9,4,5,0.4619326966882751,2.1643358363066647,500000,36.0,0.1
0.933012702,5,0.967444657620242,0.9131191854886365,0.9,4,5,0.4619326966882751,2.1643358363066647,500000,36.0,0.1
0.933012702,6,0.9828642857308663,0.9576348882490526,0.9,4,5,0.4619326966882751,2.1643358363066647,500000,36.0,0.1
0.933012702,7,0.9909284638857774,0.9792278486635714,0.9,4,5,0.4619326966882751,2.1643358363066647,500000,36.0,0.1
0.933012702,8,0.9951859334121345,0.9899111578801322,0.9,4,5,0.4619326966882751,2.1643358363066647,500000,36.0,0.1
0.933012702,9,0.9974587747278912,0.995114888695456,0.9,4,5,0.4619326966882751,2.1643358363066647,500000,36.0,0.1
0.933012702,10,0.9986546980015,0.9977011021349783,0.9,4,5,0.4619326966882751,2.1643358363066647,500000,36.0,0.1
0.933012702,11,0.9992846084750381,0.9989189451873309,0.9,4,5,0.4619326966882751,2.1643358363066647,500000,36.0,0.1
0.933012702,12,0.999618714680595,0.9994929716165527,0.9,4,5,0.4619326966882751,2.1643358363066647,500000,36.0,0.1
0.933012702,13,0.9997970081991627,0.9997650041126708,0.9,4,5,0.4619326966882751,2.1643358363066647,500000,36.0,0.1
0.933012702,14,0.9998926884185736,0.9998907431973356,0.9,4,5,0.4619326966882751,2.1643358363066647,500000,36.0,0.1
0.933012702,15,0.9999433898377413,0.9999502033814761,0.9,4,5,0.4619326966882751,2.1643358363066647,500000,36.0,0.1
0.933012702,16,0.9999697067357797,0.9999772843204177,0.9,4,5,0.4619326966882751,2.1643358363066647,500000,36.0,0.1
0.933012702,17,0.9999836847699333,0.9999896499833809,0.9,4,5,0.4619326966882751,2.1643358363066647,500000,36.0,0.1
0.933012702,18,0.9999913436748078,0.9999952875771845,0.9,4,5,0.4619326966882751,2.1643358363066647,500000,36.0,0.1
0.933012702,19,0.9999953864146027,0.9999978894556091,0.9,4,5,0.4619326966882751,2.1643358363066647,500000,36.0,0.1
0.933012702,20,0.9999975996832182,0.9999990485995748,0.9,4,5,0.4619326966882751,2.1643358363066647,500000,36.0,0.1
0.933012702,21,0.9999987220907132,0.9999995756013391,0.9,4,5,0.4619326966882751,2.1643358363066647,500000,36.0,0.1
0.933012702,22,0.9999993061552276,0.9999998100720697,0.9,4,5,0.4619326966882751,2.1643358363066647,500000,36.0,0.1
0.933012702,23,0.9999996436128984,0.9999999150932767,0.9,4,5,0.4619326966882751,2.1643358363066647,500000,36.0,0.1
0.933012702,24,0.9999998152423586,0.999999962643625,0.9,4,5,0.4619326966882751,2.1643358363066647,500000,36.0,0.1
0.933012702,25,0.9999999002386469,0.9999999835434683,0.9,4,5,0.4619326966882751,2.1643358363066647,500000,36.0,0.1
0.933012702,26,0.9999999485506038,0.9999999927016745,0.9,4,5,0.4619326966882751,2.1643358363066647,500000,36.0,0.1
0.933012702,27,0.9999999739618369,0.9999999967492188,0.9,4,5,0.4619326966882751,2.1643358363066647,500000,36.0,0.1
0.933012702,28,0.9999999858996935,0.9999999985646423,0.9,4,5,0.4619326966882751,2.1643358363066647,500000,36.0,0.1
0.933012702,29,0.9999999921654761,0.9999999993669887,0.9,4,5,0.4619326966882751,2.1643358363066647,500000,36.0,0.1
0.933012702,30,0.9999999960899996,0.9999999997245864,0.9,4,5,0.4619326966882751,2.1643358363066647,500000,36.0,0.1
0.933012702,31,0.9999999981941536,0.9999999998787351,0.9,4,5,0.4619326966882751,2.1643358363066647,500000,36.0,0.1
0.933012702,32,0.999999999015822,0.9999999999470357,0.9,4,5,0.4619326966882751,2.1643358363066647,500000,36.0,0.1
0.933012702,33,0.9999999994879172,0.9999999999766169,0.9,4,5,0.4619326966882751,2.1643358363066647,500000,36.0,0.1
0.933012702,34,0.9999999997402578,0.9999999999899226,0.9,4,5,0.4619326966882751,2.1643358363066647,500000,36.0,0.1
0.933012702,35,0.9999999998720981,0.9999999999956196,0.9,4,5,0.4619326966882751,2.1643358363066647,500000,36.0,0.1
0.933012702,36,0.9999999999374842,0.99999999999809,0.9,4,5,0.4619326966882751,2.1643358363066647,500000,36.0,0.1
0.933012702,37,0.9999999999652118,0.9999999999991658,0.9,4,5,0.4619326966882751,2.1643358363066647,500000,36.0,0.1
0.933012702,38,0.9999999999821488,0.9999999999996411,0.9,4,5,0.4619326966882751,2.1643358363066647,500000,36.0,0.1
0.933012702,39,0.9999999999906576,0.9999999999998446,0.9,4,5,0.4619326966882751,2.1643358363066647,500000,36.0,0.1
0.933012702,40,0.9999999999947772,0.9999999999999326,0.9,4,5,0.4619326966882751,2.1643358363066647,500000,36.0,0.1
0.933012702,41,0.9999999999965904,0.9999999999999712,0.9,4,5,0.4619326966882751,2.1643358363066647,500000,36.0,0.1
0.933012702,42,0.9999999999982703,0.9999999999999876,0.9,4,5,0.4619326966882751,2.1643358363066647,500000,36.0,0.1
0.933012702,43,0.9999999999990414,0.9999999999999947,0.9,4,5,0.4619326966882751,2.1643358363066647,500000,36.0,0.1
0.933012702,44,0.9999999999995881,0.9999999999999977,0.9,4,5,0.4619326966882751,2.1643358363066647,500000,36.0,0.1
0.933012702,45,0.9999999999997623,0.999999999999999,0.9,4,5,0.4619326966882751,2.1643358363066647,500000,36.0,0.1
0.933012702,46,0.9999999999998913,0.9999999999999996,0.9,4,5,0.4619326966882751,2.1643358363066647,500000,36.0,0.1
0.933012702,47,0.9999999999999286,0.9999999999999998,0.9,4,5,0.4619326966882751,2.1643358363066647,500000,36.0,0.1
0.933012702,48,0.9999999999999752,0.9999999999999999,0.9,4,5,0.4619326966882751,2.1643358363066647,500000,36.0,0.1
0.933012702,49,0.9999999999999888,1.0,0.9,4,5,0.4619326966882751,2.1643358363066647,500000,36.0,0.1
0.933012702,50,0.9999999999999932,1.0,0.9,4,5,0.4619326966882751,2.1643358363066647,500000,36.0,0.1
0.933012702,51,0.9999999999999968,1.0,0.9,4,5,0.4619326966882751,2.1643358363066647,500000,36.0,0.1
0.933012702,52,0.9999999999999986,1.0,0.9,4,5,0.4619326966882751,2.1643358363066647,500000,36.0,0.1
0.933012702,53,0.9999999999999992,1.0,0.9,4,5,0.4619326966882751,2.1643358363066647,500000,36.0,0.1
0.933012702,54,0.9999999999999996,1.0,0.9,4,5,0.4619326966882751,2.1643358363066647,500000,36.0,0.1
0.933012702,55,0.9999999999999998,1.0,0.9,4,5,0.4619326966882751,2.1643358363066647,500000,36.0,0.1
0.933012702,56,0.9999999999999998,1.0,0.9,4,5,0.4619326966882751,2.1643358363066647,500000,36.0,0.1
0.933012702,57,0.9999999999999999,1.0,0.9,4,5,0.4619326966882751,2.1643358363066647,500000,36.0,0.1
0.933012702,58,1.0,1.0,0.9,4,5,0.4619326966882751,2.1643358363066647,500000,36.0,0.1
0.933012702,59,1.0,1.0,0.9,4,5,0.4619326966882751,2.1643358363066647,500000,36.0,0.1
0.933012702,60,1.0,1.0,0.9,4,5,0.4619326966882751,2.1643358363066647,500000,36.0,0.1
0.933012702,61,1.0,1.0,0.9,4,5,0.4619326966882751,2.1643358363066647,500000,36.0,0.1
0.933012702,62,1.0,1.0,0.9,4,5,0.4619326966882751,2.1643358363066647,500000,36.0,0.1
0.933012702,63,1.0,1.0,0.9,4,5,0.4619326966882751,2.1643358363066647,500000,36.0,0.1
0.933012702,64,1.0,1.0,0.9,4,5,0.4619326966882751,2.1643358363066647,500000,36.0,0.1
1.0,1,0.5565119688292293,0.054012150187265996,0.9,3,5,0.6915293808679255,1.44574839054475,500000,36.0,0.1
1.0,2,0.7930014428086509,0.3855726678282528,0.9,3,5,0.6915293808679255,1.44574839054475,500000,36.0,0.1
1.0,3,0.901070099183087,0.6823165987743366,0.9,3,5,0.6915293808679255,1.44574839054475,500000,36.0,0.1
1.0,4,0.9521274291434015,0.8522596013700859,0.9,3,5,0.6915293808679255,1.44574839054475,500000,36.0,0.1
1.0,5,0.9764148813770157,0.9349753208932324,0.9,3,5,0.6915293808679255,1.44574839054475,500000,36.0,0.1
1.0,6,0.9883621931178956,0.9728423984622564,0.9,3,5,0.6915293808679255,1.44574839054475,500000,36.0,0.1
1.0,7,0.994245082227198,0.9891834490538174,0.9,3,5,0.6915293808679255,1.44574839054475,500000,36.0,0.1
1.0,8,0.9971383705884269,0.9958157151456651,0.9,3,5,0.6915293808679255,1.44574839054475,500000,36.0,0.1
1.0,9,0.9985904174935104,0.99842568363006,0.9,3,5,0.6915293808679255,1.44574839054475,500000,36.0,0.1
1.0,10,0.9992922158425075,0.999418248689419,0.9,3,5,0.6915293808679255,1.44574839054475,500000,36.0,0.1
1.0,11,0.9996469029589086,0.9997924317247749,0.9,3,5,0.6915293808679255,1.44574839054475,500000,36.0,0.1
1.0,12,0.9998227920138415,0.9999267499565138,0.9,3,5,0.6915293808679255,1.44574839054475,500000,36.0,0.1
1.0,13,0.999910944536211,0.9999742219648113,0.9,3,5,0.6915293808679255,1.44574839054475,500000,36.0,0.1
1.0,14,0.9999548405471513,0.9999910494449483,0.9,3,5,0.6915293808679255,1.44574839054475,500000,36.0,0.1
1.0,15,0.9999765889296924,0.9999969622101526,0.9,3,5,0.6915293808679255,1.44574839054475,500000,36.0,0.1
1.0,16,0.999988553392637,0.999998974408803,0.9,3,5,0.6915293808679255,1.44574839054475,500000,36.0,0.1
1.0,17,0.9999945382385397,0.9999996624752614,0.9,3,5,0.6915293808679255,1.44574839054475,500000,36.0,0.1
1.0,18,0.9999973218744039,0.9999998875111592,0.9,3,5,0.6915293808679255,1.44574839054475,500000,36.0,0.1
1.0,19,0.9999986826087739,0.9999999629064906,0.9,3,5,0.6915293808679255,1.44574839054475,500000,36.0,0.1
1.0,20,0.9999993102993467,0.9999999879240548,0.9,3,5,0.6915293808679255,1.44574839054475,500000,36.0,0.1
1.0,21,0.9999996874895918,0.9999999960797098,0.9,3,5,0.6915293808679255,1.44574839054475,500000,36.0,0.1
1.0,22,0.9999998351578321,0.9999999987309176,0.9,3,5,0.6915293808679255,1.44574839054475,500000,36.0,0.1
1.0,23,0.9999999161995613,0.9999999995898924,0.9,3,5,0.6915293808679255,1.44574839054475,500000,36.0,0.1
1.0,24,0.9999999555119106,0.999999999870929,0.9,3,5,0.6915293808679255,1.44574839054475,500000,36.0,0.1
1.0,25,0.9999999745594202,0.9999999999586607,0.9,3,5,0.6915293808679255,1.44574839054475,500000,36.0,0.1
1.0,26,0.9999999856604191,0.9999999999871093,0.9,3,5,0.6915293808679255,1.44574839054475,500000,36.0,0.1
1.0,27,0.9999999933325835,0.9999999999960393,0.9,3,5,0.6915293808679255,1.44574839054475,500000,36.0,0.1
1.0,28,0.9999999975544421,0.9999999999987479,0.9,3,5,0.6915293808679255,1.44574839054475,500000,36.0,0.1
1.0,29,0.9999999985428669,0.9999999999996101,0.9,3,5,0.6915293808679255,1.44574839054475,500000,36.0,0.1
1.0,30,0.9999999992579471,0.999999999999879,0.9,3,5,0.6915293808679255,1.44574839054475,500000,36.0,0.1
1.0,31,0.9999999995578677,0.9999999999999629,0.9,3,5,0.6915293808679255,1.44574839054475,500000,36.0,0.1
1.0,32,0.9999999998785176,0.9999999999999886,0.9,3,5,0.6915293808679255,1.44574839054475,500000,36.0,0.1
1.0,33,0.9999999999415679,0.9999999999999964,0.9,3,5,0.6915293808679255,1.44574839054475,500000,36.0,0.1
1.0,34,0.9999999999650696,0.9999999999999989,0.9,3,5,0.6915293808679255,1.44574839054475,500000,36.0,0.1
1.0,35,0.9999999999893233,0.9999999999999997,0.9,3,5,0.6915293808679255,1.44574839054475,500000,36.0,0.1
1.0,36,0.9999999999956014,0.9999999999999999,0.9,3,5,0.6915293808679255,1.44574839054475,500000,36.0,0.1
1.0,37,0.9999999999977592,1.0,0.9,3,5,0.6915293808679255,1.44574839054475,500000,36.0,0.1
1.0,38,0.9999999999987416,1.0,0.9,3,5,0.6915293808679255,1.44574839054475,500000,36.0,0.1
1.0,39,0.9999999999992885,1.0,0.9,3,5,0.6915293808679255,1.44574839054475,500000,36.0,0.1
1.0,40,0.9999999999995286,1.0,0.9,3,5,0.6915293808679255,1.44574839054475,500000,36.0,0.1
1.0,41,0.9999999999999013,1.0,0.9,3,5,0.6915293808679255,1.44574839054475,500000,36.0,0.1
1.0,42,0.9999999999999517,1.0,0.9,3,5,0.6915293808679255,1.44574839054475,500000,36.0,0.1
1.0,43,0.9999999999999665,1.0,0.9,3,5,0.6915293808679255,1.44574839054475,500000,36.0,0.1
1.0,44,0.9999999999999812,1.0,0.9,3,5,0.6915293808679255,1.44574839054475,500000,36.0,0.1
1.0,45,0.9999999999999921,1.0,0.9,3,5,0.6915293808679255,1.44574839054475,500000,36.0,0.1
1.0,46,0.9999999999999952,1.0,0.9,3,5,0.6915293808679255,1.44574839054475,500000,36.0,0.1
1.0,47,0.9999999999999991,1.0,0.9,3,5,0.6915293808679255,1.44574839054475,500000,36.0,0.1
1.0,48,0.9999999999999996,1.0,0.9,3,5,0.6915293808679255,1.44574839054475,500000,36.0,0.1
1.0,49,0.9999999999999999,1.0,0.9,3,5,0.6915293808679255,1.44574839054475,500000,36.0,0.1
1.0,50,1.0,1.0,0.9,3,5,0.6915293808679255,1.44574839054475,500000,36.0,0.1
1.0,51,1.0,1.0,0.9,3,5,0.6915293808679255,1.44574839054475,500000,36.0,0.1
1.0,52,1.0,1.0,0.9,3,5,0.6915293808679255,1.44574839054475,500000,36.0,0.1
1.0,53,1.0,1.0,0.9,3,5,0.6915293808679255,1.44574839054475,500000,36.0,0.1
1.0,54,1.0,1.0,0.9,3,5,0.6915293808679255,1.44574839054475,500000,36.0,0.1
1.0,55,1.0,1.0,0.9,3,5,0.6915293808679255,1.44574839054475,500000,36.0,0.1
1.0,56,1.0,1.0,0.9,3,5,0.6915293808679255,1.44574839054475,500000,36.0,0.1
1.0,57,1.0,1.0,0.9,3,5,0.6915293808679255,1.44574839054475,500000,36.0,0.1
1.0,58,1.0,1.0,0.9,3,5,0.6915293808679255,1.44574839054475,500000,36.0,0.1
1.0,59,1.0,1.0,0.9,3,5,0.6915293808679255,1.44574839054475,500000,36.0,0.1
1.0,60,1.0,1.0,0.9,3,5,0.6915293808679255,1.44574839054475,500000,36.0,0.1
1.0,61,1.0,1.0,0.9,3,5,0.6915293808679255,1.44574839054475,500000,36.0,0.1
1.0,62,1.0,1.0,0.9,3,5,0.6915293808679255,1.44574839054475,500000,36.0,0.1
1.0,63,1.0,1.0,0.9,3,5,0.6915293808679255,1.44574839054475,500000,36.0,0.1
1.0,64,1.0,1.0,0.9,3,5,0.6915293808679255,1.44574839054475,500000,36.0,0.1
