run_id,theta,theta_over_pi,p,field_width,field_width_over_g,holevo_fhalf,discord_fhalf,holevo_fhalf_min
9ac0b2df5f84c229c6ba049b709cefecb5b9558ce5f62cd761a906eb2c387041,0.0,0.0,0.0,0.0,0.0,0.998534522800515,0.0013593929613940946,0.9728448148072601
d39d549415697c2cf44ba86eeebcc685362bf0879f82159e7116f78b3946b08e,0.0,0.0,0.05,0.0,0.0,0.9913570474951611,0.006442441621617788,0.9346261668546649
6d4d295ea487e525feb8f8ae5e4a862c4c46ae9d8cfcea3a9686ff69c3259463,0.0,0.0,0.1,0.0,0.0,0.9702438353617819,0.02627104138477041,0.8713053394762946
8d982b6d700d2705fed5784d528e5f230e7913b80bfcf03c9e6fbb6d5f6e1ad6,0.0,0.0,0.15000000000000002,0.0,0.0,0.9259484286206795,0.06713583286397504,0.7855402456866994
f1462c1cfa68a1ac8199ac110a8f1d0ea466a802d04835d44027ba6dba09155d,0.0,0.0,0.2,0.0,0.0,0.8497573425908963,0.121561776378643,0.679372089138062
52455195db75cda1a34945417986a560f6a08bd42a1a90208e54fa5e612fa7c7,0.0,0.0,0.25,0.0,0.0,0.7369674619747851,0.17692162493308014,0.55541914717272
c4836c76279c238351fa7e2baa80645a95830388edbf17dc39c4de70cc597554,0.0,0.0,0.30000000000000004,0.0,0.0,0.5889922309492434,0.21130513804337878,0.41979840230659254
fa617f67c6768624ed71cb4efee7b6bf9f9adac3d87cd983bba736c1f685c139,0.0,0.0,0.35000000000000003,0.0,0.0,0.4157488468032469,0.20384665258975276,0.28171207129799086
1a13a13cef6bc0957408e9ceb1af8b7a3f23d7a086cf6e56999508a6bd597cc4,0.0,0.0,0.4,0.0,0.0,0.23610632919411245,0.14674461232171393,0.15294651723240468
68deadecf7a68216d86fade8b497e6561b9a91e8808d01ebd8fdfd5386c58a42,0.0,0.0,0.45,0.0,0.0,0.08002315892392128,0.05917918811863476,0.04975046976529288
3f5fbd02f41ce017bb2f4a8765de397b29c7e641f33a476287b3d9de44010695,0.0,0.0,0.5,0.0,0.0,0.0,0.0,0.0
979b7f26112698d0584d9e3cd4cf6e1f6a35c320b64548154a88134b28a76ce1,0.0,0.0,0.0,0.025,0.25,0.9975564721781022,0.002262381620433626,0.9524775521195313
6fc8d03af4a8b50e6c294ce0bd368e5e13a5ec8471df88eab4e61dd016980f26,0.0,0.0,0.05,0.025,0.25,0.9941390879865099,0.0033895058237722597,0.9511686098633163
f5739c61fcd0c048d8fd5220d4f8521b43ea427ac894b6ce22e2018d291400d5,0.0,0.0,0.1,0.025,0.25,0.9889099183109501,0.005708072723595897,0.9361584415997614
1e0d17e6cd11c6fe41acaf711e7550bcf1e12abb7f8dbd4627b18d8819235148,0.0,0.0,0.15000000000000002,0.025,0.25,0.9829045493024596,0.00981861405318287,0.9093026971655743
8f85a121809479317014b98e28faffbf7409c52bb7fbcba1fd74e47fc87c8b01,0.0,0.0,0.2,0.025,0.25,0.9760331109292891,0.014149327268742046,0.8706328571440455
769b32bcdaf5ddeb24d3db7b4f82db7549cb3b64921f1b441c135547f0273dd0,0.0,0.0,0.25,0.025,0.25,0.9703057344543925,0.01924110690691679,0.8312138304934993
460d9691c4171952f0a409c90cea9053d66ae1b00da801c06c718c26c2378164,0.0,0.0,0.30000000000000004,0.025,0.25,0.9624062942894933,0.02545149552952168,0.7878369389194938
45beec3e3a39c7b63d9ac698e5c75c2d6ef820dd21a1051a9b195b079018e4c1,0.0,0.0,0.35000000000000003,0.025,0.25,0.9538331106560367,0.030565073393386263,0.7346131890527303
5c51f92b82b6a9f67527e0d2b5d99218ecb85d17653978a9f38b498caddde9c6,0.0,0.0,0.4,0.025,0.25,0.9450282143080142,0.03534007039710777,0.6907155477037442
9794d1b0d5b1821cf0bbcecbf48de8f2b8f7979466a70e589846f7eaba2b0663,0.0,0.0,0.45,0.025,0.25,0.9374429788456258,0.04040103480541521,0.6530926480567772
f3fed61ec88bdc3d2aa05ce58021f392c8bd383779e8db8a09f18f8ac978c2f7,0.0,0.0,0.5,0.025,0.25,0.9311082711387743,0.04402954314453574,0.6322224256935306
8ee8b33aba69e70a0130a35c3394c4cbf60e29e3810601a3ab4d2e2fa820dcd1,0.0,0.0,0.0,0.05,0.5,0.9938199400406654,0.005654400565461432,0.9116030919927739
956aeed00035a222fc78a430c9fb3dffbd293a64b7ec61816be07bd8906bec4a,0.0,0.0,0.05,0.05,0.5,0.9924673467126134,0.00546295938438654,0.9339071229530728
d4ad5faf69ae8d3000d5a67e550cfee659f646277432f422a0acc5284c026ea0,0.0,0.0,0.1,0.05,0.5,0.9910840247631731,0.006035977234652472,0.941405538823808
0729e0e96290e1e931657e774514ded19bafbcb526419bbd625738bece54cb8d,0.0,0.0,0.15000000000000002,0.05,0.5,0.9898475162908723,0.0062105558396107555,0.9363811873370939
960354f0c422eb0d8477e60a29f2db84ac21059dfdffc25cc90212f9afeb49af,0.0,0.0,0.2,0.05,0.5,0.9889838103495162,0.006861887857242101,0.9311646558834182
6542f72d99b49b2bfdf80a6128dd63539e91bb7996df613af592ee75741ee470,0.0,0.0,0.25,0.05,0.5,0.9881478548354506,0.00742515469219716,0.9267144994967714
993b005c90356dfd076b3e1c60c5bb1f0226a1a5dd07911aa6801e987e48071d,0.0,0.0,0.30000000000000004,0.05,0.5,0.9874431394806175,0.007606564566278187,0.9218690285529169
a567b33bbde8ddece57f9ebf87ca33c23df5cbb16b5a1763e0bd32a0077e32f2,0.0,0.0,0.35000000000000003,0.05,0.5,0.987192591439563,0.007634580788719993,0.9119177203738486
4ef5bff72c817b26e279cf8178190e73e8054f45a934f1d2f04c14a6f0e67029,0.0,0.0,0.4,0.05,0.5,0.9871112079152983,0.008033695519278147,0.9038013215121188
b2e888509a2ec03dd53d30d3bfeb770067db82145b761adc5d4f4ed688bb9a95,0.0,0.0,0.45,0.05,0.5,0.98685061656705,0.008370167694624203,0.8961683891260349
1bc98a0b9cfa7a4206d7045ccbedd8c66366c21364e80d9b2a61defee416d3f1,0.0,0.0,0.5,0.05,0.5,0.9868576300497328,0.00881306272555558,0.8935801472786832
d9c5023b92bbb52df572feed9277271271ef410914ee93dcad3c1f4e01b57bf9,0.0,0.0,0.0,0.1,1.0,0.9764559845801265,0.020155310533057965,0.8339621832358195
7eaf2f6aed3bd6d3b79f53e26dd2455268b019c0bb4d1c413ff0b78f2b84d8a6,0.0,0.0,0.05,0.1,1.0,0.97939463058699,0.01893186225698032,0.867724029499751
94700a69c303f96c9da6572c6007d26c3aaa393e9346ca46d6fce5a4cf28a2ac,0.0,0.0,0.1,0.1,1.0,0.9814009339719573,0.018135386730164203,0.8946178734239295
da1f7920f5f73f72f249dd89f3487aedf22c4029eafaaaaccc9c588710bfec2b,0.0,0.0,0.15000000000000002,0.1,1.0,0.9834331055052071,0.017429803615970744,0.9161044948153733
04e85a8269c8ea68882cf1a00572bd5dc5095b25ab907a26a564dce5efb3bef5,0.0,0.0,0.2,0.1,1.0,0.9854599395110869,0.01587302010413905,0.930736908506235
a15fe742dd85986a75455dbac3fa97d0c14bd3cd1a1c4112817052d205087654,0.0,0.0,0.25,0.1,1.0,0.9867496614011123,0.013868785377371948,0.9399411898130831
311c4c78b91a748d143bb53035556418c55480177d1a2c512e51960e6b1df885,0.0,0.0,0.30000000000000004,0.1,1.0,0.9874516536756257,0.012139840671301659,0.944395950071693
e22e5c0ccf8e242826287b1723a3f33f1ee974f67b0cdb61832400f35fc0eaa4,0.0,0.0,0.35000000000000003,0.1,1.0,0.9885143896016758,0.010716356417350708,0.9468669222229354
96e55dafbaaaa10e95d07ef2ebfa85a6c4660e2d3147bcd9f1e81fdbd4c2f6f5,0.0,0.0,0.4,0.1,1.0,0.989481494693476,0.009524147573165555,0.9450766436830439
45bd1aeac72602a5977237a3d025cdbc71a06062ebab6c63fbc02e602464294f,0.0,0.0,0.45,0.1,1.0,0.9902426783865289,0.00889247939148076,0.9395676726866938
5844800cc06f9bd574bba0cff8e4254d8eb744563f6d10330e5d7a026407f3f4,0.0,0.0,0.5,0.1,1.0,0.9902947015587391,0.0083509602823392,0.9345743454478096
7dbdec7651fb1cf2529f352cc850511aa936526ba624756c711214afc97b3da0,0.0,0.0,0.0,0.15000000000000002,1.5000000000000002,0.9542497850158677,0.04342362712215519,0.7626425596880507
ce51d4c076205db6e6bc65b54556da3536a022b3022db1a10b7fe3a8388b6f57,0.0,0.0,0.05,0.15000000000000002,1.5000000000000002,0.9608355977362871,0.036175639636771034,0.7899466696053384
a2d6a75ae21e86dfb57fad08ce9802e04f7fe3e96f1832f87cada01551b212df,0.0,0.0,0.1,0.15000000000000002,1.5000000000000002,0.9678561629085792,0.029483383246766415,0.8241545048774005
f259421295215d160439bd7a1516b554afb8e6f6f2d3262b3090a9f2cc7b1a0f,0.0,0.0,0.15000000000000002,0.15000000000000002,1.5000000000000002,0.9747037707140067,0.021769512874351884,0.8477040509263251
2d5ba657e7dc0b4457ed68795c954653b0aac27a34d504f60791c7907db8f7bb,0.0,0.0,0.2,0.15000000000000002,1.5000000000000002,0.9799266219435324,0.01568066744336308,0.8642926167009396
b99ef6893cd7732461906b3c8fa228cbc16baa69c63f7c01d390370dc41ae7d8,0.0,0.0,0.25,0.15000000000000002,1.5000000000000002,0.9836167424465333,0.011405502367472823,0.8745969988263136
03f6ddb2b6f577e5e034d3f0ce890e76970f725c87da0afc557cbfcf46fe7d1f,0.0,0.0,0.30000000000000004,0.15000000000000002,1.5000000000000002,0.9859214429849917,0.009426016035661235,0.8866993458512717
3aaa62a9898a6a037dd2e7a07b67e9d0efccfebd7283ae5d1dfe1233ff9e7dac,0.0,0.0,0.35000000000000003,0.15000000000000002,1.5000000000000002,0.9874551503533606,0.007662311177460342,0.8990248457657707
2b658fb22aec17e188962bb504a7469dc554ac77d517ca0b53a4cf7e97388438,0.0,0.0,0.4,0.15000000000000002,1.5000000000000002,0.9882176519703273,0.006603865747442755,0.9085310265839865
bed83d4c082a8a836887a3a7dce45036d9cad440cacd64566b079ab96b9a06d8,0.0,0.0,0.45,0.15000000000000002,1.5000000000000002,0.9886094841364962,0.006428286467742988,0.9147716814562065
ab06d04db5989ea65ac1d77d8f3daf04b0fca154f5db0a68a1d8f34a1591a7b3,0.0,0.0,0.5,0.15000000000000002,1.5000000000000002,0.9886281690706307,0.006614239136840071,0.9197419251554066
c6cbbfa1088d572f80f7080d9abd3c3d3acaeac7d270be40b140c20981016c9d,0.0,0.0,0.0,0.2,2.0,0.9251802465134622,0.06614610732073316,0.7026222768680467
773700a0cbdfa141945ac5d7e1e000ceb733db7f2364767daf886d439c77f1e8,0.0,0.0,0.05,0.2,2.0,0.9421668838801126,0.04781125372128015,0.7351742873170903
4f59ea150c155c47585c640992b5697d988050da81fcddf86aaf8fa739fbad2f,0.0,0.0,0.1,0.2,2.0,0.9565386520719468,0.034997656862541214,0.7755240764628791
6a5b6b5846ad62146a266c994a5d4f43743c0219190de9d6253d574c0847b790,0.0,0.0,0.15000000000000002,0.2,2.0,0.9664218372524052,0.02427101887536896,0.8150672066657813
c94e8ae573a15802d0a7a7d508ad8ee9975d1955060dd60454d3e505e15cde74,0.0,0.0,0.2,0.2,2.0,0.9736337897751354,0.016551473041771517,0.8494193626130494
86c047cf7eb1e34d2ffeeda250be033410b725cbf4c5f4110cb179dc0f753c18,0.0,0.0,0.25,0.2,2.0,0.9791821821291963,0.012565802979780777,0.8783928060400181
e229445ecc5ca04f79455fd49c64f103879e87c15fec5aa0a8b76fc78a8e3977,0.0,0.0,0.30000000000000004,0.2,2.0,0.9834308336458464,0.009721500978437237,0.8941826554679628
f6dd0268a47bf11fa675046acd725205e4997d4b90e76589d4d9fc98207ddd03,0.0,0.0,0.35000000000000003,0.2,2.0,0.9861067846990825,0.007791788859038813,0.9014362349435799
df89374966df1285bb2ec20caf9281c5d9ff7e3b16efdf89d532e85050698dc9,0.0,0.0,0.4,0.2,2.0,0.9876864631767436,0.007037438318584256,0.9073354995681049
76a5439df70e9194c8a35325843e1d03c205837a2483f187511e3af9da0bb8e6,0.0,0.0,0.45,0.2,2.0,0.988643704486814,0.006816788165257631,0.9086201142891493
a99d36cc40767d95f441cc25ac14786401fabb8b11095acf89a9aae663a9fe89,0.0,0.0,0.5,0.2,2.0,0.9890081407520226,0.006925817357146719,0.9163638317475283
70be7a8b285cac4b0e6ee4bfebfc6998fe65e3430193a67f36ebd7d6e6cfc296,0.0,0.0,0.0,0.30000000000000004,3.0000000000000004,0.8733163367782805,0.10790662306592506,0.4887077458629813
eb6a23eebecb72c0706472335025e80d4555fd9a5da86f6f2f694d1b11a44f2b,0.0,0.0,0.05,0.30000000000000004,3.0000000000000004,0.896000961034253,0.08492135419301887,0.6348045497376634
5a38808e95f9160b6c582be18d3d81096042a7132db6e2c993e1ccc00f60c574,0.0,0.0,0.1,0.30000000000000004,3.0000000000000004,0.9227655250141535,0.061982328110531365,0.70555930151136
6f586bde05050edcde5ae56cad009e626403ed08dda724744cfcb672a8a253be,0.0,0.0,0.15000000000000002,0.30000000000000004,3.0000000000000004,0.9418386096614527,0.046563811346525937,0.7536804499275379
b0eef6607f1548b481730b3eeb0aa68240200be5ab024b806880bc37aa53f245,0.0,0.0,0.2,0.30000000000000004,3.0000000000000004,0.9554902633369502,0.034725844164660326,0.7967106615305476
57ac1b23714718bfdddf3e47b22a5ba1cca1f0995a2dc46b3aeb1034f602121e,0.0,0.0,0.25,0.30000000000000004,3.0000000000000004,0.9653998364832916,0.026336540970855377,0.832434494968683
bbfa22519489e459d920253ea46cbb47df3044b5a51ce85d501038ec109e363d,0.0,0.0,0.30000000000000004,0.30000000000000004,3.0000000000000004,0.9723166018933656,0.02060405225648108,0.8569471191736865
1165c44100dd9ec6589171c5ffc1a4428ac63e5a62b62c094234e5a88657daff,0.0,0.0,0.35000000000000003,0.30000000000000004,3.0000000000000004,0.977145284125888,0.016844319378537084,0.8752743359204169
d8ebc0c9fc13e448e6f5441348277ea8eaa5a6c1c54617601be21aaaeda57bf3,0.0,0.0,0.4,0.30000000000000004,3.0000000000000004,0.9802746779948676,0.014380854752869763,0.8861186598688252
f445e763463d43ae6c8565bd7bf50ce68a73754235921cdcb3a402b27016eaf1,0.0,0.0,0.45,0.30000000000000004,3.0000000000000004,0.9825077791507377,0.012482441725655262,0.8898043633586917
80253303def124b347da9ada1a70f096b613e0653d863bc335c70a9ee1a04625,0.0,0.0,0.5,0.30000000000000004,3.0000000000000004,0.9837388682812486,0.011386245791154116,0.8920119898287996
5218ecdb32f5ee4481e84a25038040ab12cfdb0e72586582a1081b7360c7fc55,0.0,0.0,0.0,0.5,5.0,0.7639906273137739,0.18046495842903085,0.2882478174704977
4cc21bce995ff48c77ea8d03611ce5319ba08168289d8631057a4dea09208b37,0.0,0.0,0.05,0.5,5.0,0.8237200171325615,0.13669085146968946,0.467604220692127
7e13b881aed606e5ace13d7c3c9e2cec4da3f302fa9e364577963597d1f91d44,0.0,0.0,0.1,0.5,5.0,0.8649993402444934,0.10678537465231634,0.5803165141307801
82ccbc3cbf4d39c782ca86f60f4842a9d63539ff97d6a0f1a168f64fa1c913ae,0.0,0.0,0.15000000000000002,0.5,5.0,0.9010419755122231,0.08169983375278726,0.6575105197954225
8dc622613290ca1cbf138267eaae87ddfd1dd9eb30bd5899839d27185065ef20,0.0,0.0,0.2,0.5,5.0,0.92419087700403,0.06238443674193501,0.7022114072417228
d1b90bc520cf575ef0335f3c362411704e40f8b33b7c04e0e317c32e2c055edf,0.0,0.0,0.25,0.5,5.0,0.9389270843406621,0.049431542631232006,0.7373167905427164
809e94441635cdefc4711ebacdb8f5909f8cff23f08faa08e7faa1e7187423f1,0.0,0.0,0.30000000000000004,0.5,5.0,0.9494300594653456,0.0403507683659266,0.7592383694295949
64421801b18f794cb1741af15dd8a7dd7fdbeb811129929c66df9546f53a5af2,0.0,0.0,0.35000000000000003,0.5,5.0,0.9554067501001539,0.034918019456452704,0.7797058835432816
5ac1161369a9d5d2112e6f1214ed91e2534773d978ea107abc54248bdefef1cd,0.0,0.0,0.4,0.5,5.0,0.9603508353600233,0.03048378604935716,0.7952298020246964
fc75bea3fd8f03c5b31779bd97aa5364bacadc3cec53842dafa23782055ee5d3,0.0,0.0,0.45,0.5,5.0,0.9624899461185109,0.029185957750719787,0.8039803798770783
5331fe31dc50766e02142894e01e8eedba9461bbede066b5da7aac2cddd2f942,0.0,0.0,0.5,0.5,5.0,0.9640627024785217,0.027965859699510518,0.8081141850167376
058cadbd7d20a0b73f18ecca71295be60c4063e4b347fe5817fe4b28db4f290d,0.0,0.0,0.0,1.0,10.0,0.5659432634878979,0.2523411900162717,0.1133681449786798
63b7abdb2800bfeee0776d2839415c57124e5f6d0db1efb8e8b865a414e8d4b8,0.0,0.0,0.05,1.0,10.0,0.6750241320718079,0.21979951499643854,0.25720346217265033
91e1bdb5affa797266d5b09d4cf17eff660e49e356805e9fdbd23ec20cd54e1f,0.0,0.0,0.1,1.0,10.0,0.7435580951216149,0.18573929894493693,0.3615008606507566
df508322c1467e9d25e3f73fa7b2b29258e9762c63267b9da9a7fbe6b36a91ec,0.0,0.0,0.15000000000000002,1.0,10.0,0.792195306197168,0.15861557518233343,0.4379358412541043
7aadb8738d0fd652722e240bec4e6ffbebc0a37354cbbd5577f606a272619a19,0.0,0.0,0.2,1.0,10.0,0.828535197165582,0.1357361162330674,0.4939274181066589
0e4d348d69cded864ce339e35e785dead9fa7a2d8c794b70b73fd25d20b6fd1e,0.0,0.0,0.25,1.0,10.0,0.8535059733929279,0.11724149525945499,0.5345339776077717
2e5c3338ed8c6fc5dedfd138e10ebbe9ae0a358bf95cbba78021c88cb363bff0,0.0,0.0,0.30000000000000004,1.0,10.0,0.8688232969180932,0.10309548273493725,0.5642151790571818
4a6d022e9c14aa9186dab083c55c1b8070085a6d42a63a72faacb6db091e9e8b,0.0,0.0,0.35000000000000003,1.0,10.0,0.8792490895252841,0.09570334579881673,0.5872219223263934
2d106387c0f8f14aeb6a87dd6741388082b8ded9ec4ab4bd4d575fdff3cbb729,0.0,0.0,0.4,1.0,10.0,0.8866465269477324,0.08924356356908893,0.6027249430298315
45672580a31bff3bb3c83d69cf5ec9d153f01f3c512616a5cc6ab4942f89006f,0.0,0.0,0.45,1.0,10.0,0.8909649036731458,0.08500749504931819,0.6138659673357613
f58e03cdcf596aca3d4a3d9300d4c0c58d541ebd502ac49c99479bdb368bd4ab,0.0,0.0,0.5,1.0,10.0,0.8927209947021554,0.08326314358941629,0.6161265019690761
bdfccbe61f188446ccc7d8c5d9aea7e25564fe94e01de021a42edf3e2d9bb51f,0.0,0.0,0.0,2.0,20.0,0.38263558072684645,0.2354904719665444,0.05426399177633446
cb9f75f8efaea5cfc2d64c1eeef138411194725493af3520e1c9fbbb572e35dd,0.0,0.0,0.05,2.0,20.0,0.5350736983093464,0.2520694643027088,0.12510269425010548
bd8806bcd980c24a38219dcf1195afa85e34985c243fbb0dcfc0d584643dc34e,0.0,0.0,0.1,2.0,20.0,0.6206775986230699,0.23884969295445682,0.18082495727845774
449918d2f2067ad4bd3cf65c767d66f188130591113a2f65527e125e341c4a44,0.0,0.0,0.15000000000000002,2.0,20.0,0.6725045720544541,0.22223715004777936,0.23155564241789964
ec8717e5af1d298bc9ae20927c9f55fb3956a745c910130624d08b6c67abab6e,0.0,0.0,0.2,2.0,20.0,0.7122775079093978,0.20341112879755152,0.27208910629566396
e2cf8495e7b69a286eba2bc66a91cd00861247b20e05e34ea1b9a7da0d18ee95,0.0,0.0,0.25,2.0,20.0,0.740935650039327,0.18611584797684633,0.30402698693799585
4679e5eb875cb0420903b8a54d9b6a02cd6297db8d0f72bf2a2f89948b3a1a32,0.0,0.0,0.30000000000000004,2.0,20.0,0.7574834446035202,0.17335587983143,0.32854729711155767
c986339c9a09e469b46b7233ee10a9dc9a358d3122798f36594c1e5e469457e3,0.0,0.0,0.35000000000000003,2.0,20.0,0.7717740291954839,0.16400907541359874,0.3407996164227383
7e005fdc6ae0737070e278f95a78aa521584075cbb1523f164565511471ef6f4,0.0,0.0,0.4,2.0,20.0,0.7796838733908115,0.1572733344941127,0.3523335388050198
e7a75842a4bbc5d1a684c1e45a09c1dfde6eae091bcb99eef2be4463e14bb8e6,0.0,0.0,0.45,2.0,20.0,0.782002765276444,0.15352930571173504,0.35731624209288665
bba68a586c7bbe9bf3ee94f4c0a81eac6e0923b64b3e754f5190ee34842e0686,0.0,0.0,0.5,2.0,20.0,0.7807398404601381,0.15305766442751897,0.3588864084959404
bc9d98b0a60f0198ca292eb7721dab0a3bbb8183d3570d63028dc8de24452799,0.0,0.0,0.0,3.0,30.0,0.28983410593941844,0.19503399487691556,0.017808153614354682
e0a0fcc4031d82b5d706869938d117fe0593b96abfb3f1d5db222d164032ba18,0.0,0.0,0.05,3.0,30.0,0.44390261250682284,0.24041992537155632,0.07915524612881791
fb395b84d24898aefcbcf3da27e554c8a31fe11c6ecc263b92cc32be3599a865,0.0,0.0,0.1,3.0,30.0,0.5319080565855933,0.2480214973376793,0.1217448653358269
bfa26f15a37f5f2ea663efb7a0bcbc011a4c24a158309d9495ddad9a321b5472,0.0,0.0,0.15000000000000002,3.0,30.0,0.5882939807224575,0.24607284938709126,0.15539895582099908
ad2f04e36d764c430af9f1f8dceba208a07ccb3fc058f05dae0f8039eaf5a78b,0.0,0.0,0.2,3.0,30.0,0.6283611632642375,0.23888197363870997,0.18401369721743277
1ae9d6ad59419bee5ce52b0aeb9542431aa06ab953b225ec9c9ad55239271d28,0.0,0.0,0.25,3.0,30.0,0.66462215926832,0.22987567893508162,0.20752119618911738
ec1632f9117e39dbb3a8ba92678eacc5e480d79b74d9006833fdd5dab4ebfa60,0.0,0.0,0.30000000000000004,3.0,30.0,0.6877043442378062,0.22006693573144998,0.22518019462475744
f690b59c901c40055e8450194c27b5cd9d458feddd2f02d7f1d834e7dc6cd70d,0.0,0.0,0.35000000000000003,3.0,30.0,0.7030584990391336,0.21287856519964202,0.2344733222162909
37e3b0a945055ec20d1002809257a279a6ff505324fe04c97829a969aba81794,0.0,0.0,0.4,3.0,30.0,0.710192757693656,0.20852594746126005,0.24112281577483366
124e7dc158e80960e0964258f06cd7d6096ee95e581fa72d611cc8c5e9cb4a07,0.0,0.0,0.45,3.0,30.0,0.7119995663781699,0.20484642700353287,0.24336384605266026
febfb3b4c257fa999b498dcbfd2d83524c24103248a5f3f1ae83a4ffe9613dc8,0.0,0.0,0.5,3.0,30.0,0.7092356016038964,0.2031056828903953,0.2422432085089459
3a6e7525aa20948ad3e972e41dccfe196a77619e96bde98a39f4b89a603c4f12,1.5707963267948966,0.5,0.0,0.0,0.0,0.0,0.0,0.0
4b7be90eba4fd2e8488217816122cc8df72870ab34c23d362a0aea764102e570,1.5707963267948966,0.5,0.05,0.0,0.0,0.6457010578163346,0.20297573060531862,0.4692685205602549
635b36ccc33a0ba437cfc9af0666e69a54862e8d75b87fa9af956bfa31f22e77,1.5707963267948966,0.5,0.1,0.0,0.0,0.8497444128670607,0.1215749853800936,0.679358092437239
095db1112763885bafaa84716f55064f68ce164fd1c164dcbcc9650f13c57ee4,1.5707963267948966,0.5,0.15000000000000002,0.0,0.0,0.9339945283621094,0.06046504979068532,0.7989371761555013
dd9b481b4fbf8931a47b851fdc8f85854524e0398cd346a05f0113efd10d2ce5,1.5707963267948966,0.5,0.2,0.0,0.0,0.9702556776908305,0.02626401322044311,0.8713174816544876
c420aa4aa1e69005fc395f2681f58b270e4888c40a285161856b02632c52993b,1.5707963267948966,0.5,0.25,0.0,0.0,0.9861935639183175,0.011035029395020504,0.9159470153476486
a903da78dae99827d6cc3ae98a4c781d297e7ea199adc06fefb997b262a12993,1.5707963267948966,0.5,0.30000000000000004,0.0,0.0,0.9932608127784883,0.004961944157045567,0.942707953922941
d49102eb99f23ae45a6013b560d199a0fc6377b92f773563916c52b7359bf848,1.5707963267948966,0.5,0.35000000000000003,0.0,0.0,0.9962619297115438,0.0027759866603611016,0.9582195921333366
68e226c9ab9759cdedb89cf8b80cc42856e31c443c3c9fc9f0c1b7149a68f57a,1.5707963267948966,0.5,0.4,0.0,0.0,0.997718203853188,0.0018145437326795501,0.9670751164179286
e4f4e1a970272a55a56f1569b032bafb06a4d90f6467163b000a9cca2d9e6c09,1.5707963267948966,0.5,0.45,0.0,0.0,0.9983434070439091,0.0014719958179297901,0.9714703911272998
5ab80eba21e39e9de35c952a6e3fa862bf9f263c62befeabdf3f9d86e6a6af5d,1.5707963267948966,0.5,0.5,0.0,0.0,0.9985340585408359,0.0013594349299547897,0.9728439519234401
da76f084a627f2e49a013413f373e00bd029f9faf68d29e20c5dd89c1fc9c9d0,1.5707963267948966,0.5,0.0,0.025,0.25,0.0,0.0,0.0
a1b9eaf2e31a48306802a1231662af3cd8bfca95485523426a4406c7538bcb13,1.5707963267948966,0.5,0.05,0.025,0.25,0.6456977384187347,0.20297739106412505,0.46926634841376674
ae1ca97747a1a2181417ef7d8b31bcfcc1f577c0b627f3b5ac96fa904d3d12ee,1.5707963267948966,0.5,0.1,0.025,0.25,0.849742098046077,0.1215769859052828,0.6793554947350516
c5bcec7421728adaa11d98ab652b6a5c99664a2b2662b7158cf4e059be81eace,1.5707963267948966,0.5,0.15000000000000002,0.025,0.25,0.9339915470704016,0.06046719398908477,0.7989344824072537
022560ab4da7a630ba92e871695bcc1903735a7b9140b599b73337ef38d69a7c,1.5707963267948966,0.5,0.2,0.025,0.25,0.9702416330484133,0.026272476491322572,0.8713031436682304
d14c5c6cdee85be0ff7e0f96156597458cd64401bba2adc5095efef5345a9f16,1.5707963267948966,0.5,0.25,0.025,0.25,0.9861891610898182,0.011036049166448578,0.9159432092755267
d8b33e22aed2fb82e5cfd4bdeccdba576a90594c4191b4ad8a5153177282571f,1.5707963267948966,0.5,0.30000000000000004,0.025,0.25,0.9932558855756412,0.004962407938633339,0.9427037153005563
b83520125ea0c3fd4b2aa48ba328279091bbbeca44a37503a42a646584dd02db,1.5707963267948966,0.5,0.35000000000000003,0.025,0.25,0.9962581201274459,0.002776245544335264,0.9582146204623431
209baa6bc25618db1de756e5722ff53e7ebb64c8b4412941465cb4751b7b571a,1.5707963267948966,0.5,0.4,0.025,0.25,0.9977167702942745,0.0018146073492095113,0.9670738809000925
dbfe07bf3227e91171228916ecf656b3c9402a2da365ada2784bc16a6ce0515f,1.5707963267948966,0.5,0.45,0.025,0.25,0.9983407659388317,0.0014720483984389388,0.971467718145086
f9e580c6d659c1a098a0e4b8d495f3a29a8708ffcfdc5e8bb5ca9775d1235943,1.5707963267948966,0.5,0.5,0.025,0.25,0.9985222153966921,0.0013597032862934677,0.9728320484057416
de68d0b03ca87ad05a4c2153cd4474a74f371421b945c2cda77e43ea10b9046f,1.5707963267948966,0.5,0.0,0.05,0.5,0.0,0.0,0.0
1012be682e46aadd93444b9bce93a13942d3a960704f2679cc8a320e082e105a,1.5707963267948966,0.5,0.05,0.05,0.5,0.645699883210776,0.2029772354026987,0.46926969659317685
e463ca9d9ed72c78ea096067781b15424e1f57f68a8959b17ccd2569090c83f9,1.5707963267948966,0.5,0.1,0.05,0.5,0.849742471177287,0.12157671761703742,0.6793561472801065
edb2007917a1aa64ba5ee93d712df3dc02d2bb26f5f602862609d8047d192e54,1.5707963267948966,0.5,0.15000000000000002,0.05,0.5,0.9339919228352404,0.06046714854713923,0.7989355909311776
7417e8f9e61d4b2398df0f290290a658d08d9aa4c807514b0e1f53241ecaebc7,1.5707963267948966,0.5,0.2,0.05,0.5,0.9702415813570956,0.02627252035988932,0.8713035396699235
6177411fa0d22fbf15d8efff0570b6aeeb87a6837df1d5fae8a2f99a9a85291b,1.5707963267948966,0.5,0.25,0.05,0.5,0.986189553046394,0.011036126669180775,0.9159430569248938
59e71aeb1b9ce9aa6860986d25c5cd27d187c0661949947228737701f58931ce,1.5707963267948966,0.5,0.30000000000000004,0.05,0.5,0.9932564394837965,0.004962431949569039,0.94270425244289
0b0d07948c1ed6c9b20982d62fc0ef5bc50376c9a8195237a1a74085d5bd53b4,1.5707963267948966,0.5,0.35000000000000003,0.05,0.5,0.9962582503566416,0.00277621820400014,0.9582148652797668
2cc41c9e219666c0d13b7f1185abb663b2e15e6c11da874845ec29754f9e8171,1.5707963267948966,0.5,0.4,0.05,0.5,0.99771711207532,0.0018145821119890885,0.9670747313026089
07bad1b415b758f9d277764afd38e09007d4f0217d54f0a144e0e4a57f46d681,1.5707963267948966,0.5,0.45,0.05,0.5,0.9983411509558643,0.0014720471679163219,0.9714684021908013
c9450eed7009d6da3f74f0c600f220f167cb7179f99965adfc97f623d4936382,1.5707963267948966,0.5,0.5,0.05,0.5,0.9985226677318009,0.0013596808258853784,0.9728328011782379
5108e76d6c5c72967cc6d6c94f2d5434d21020b96ad3b5031a344a51eef7ba83,1.5707963267948966,0.5,0.0,0.1,1.0,0.0,0.0,0.0
af9aa3d6d52399c641a8094c5e36331761f15e17b8608929fb3814a14ad29d77,1.5707963267948966,0.5,0.05,0.1,1.0,0.6456987024854656,0.2029765604550803,0.4692684305036543
f7bd6b5770526f54045c98cfb94305eb82f893ae26a578c8aa19c827ce373a99,1.5707963267948966,0.5,0.1,0.1,1.0,0.8497417668586742,0.12157693734730239,0.6793577370252181
69c230ee66497b648d1e0c09cbdacd84504e2a64d26b93f3780398884b3e6d2f,1.5707963267948966,0.5,0.15000000000000002,0.1,1.0,0.9339923939856266,0.06046676297077902,0.7989364139556793
7b787d3ef24a2c74b6dff5847befaa45271294a2dbc7919158cd916348003445,1.5707963267948966,0.5,0.2,0.1,1.0,0.970241914626227,0.026272606444029404,0.8713046262554102
af5a904ebbe7ed18518664c448f80169fa675a42dbd5e80fe70448ec2ff219c5,1.5707963267948966,0.5,0.25,0.1,1.0,0.9861895199072569,0.011035975570411985,0.9159423087111329
0ae547ef84f5b3c36e3103cc5b5a762c016412fdc5ffbe40ac3f31d103b4a96d,1.5707963267948966,0.5,0.30000000000000004,0.1,1.0,0.9932565299308495,0.0049624553193486414,0.9427034644663919
fc39432eec2da44f17383564878c582e769630199293b3f999500975a606bd94,1.5707963267948966,0.5,0.35000000000000003,0.1,1.0,0.9962583618846416,0.0027762133587218123,0.9582157303036013
65ca70635a395ab12edcdcc9a29a764889fd6ea57cbe8181fc835c0ef6c7d0fd,1.5707963267948966,0.5,0.4,0.1,1.0,0.9977171963864517,0.0018146001918269005,0.967073887606016
e901c53b609fda3e6833b7d8910a9dbf07db5ca63815d80312d8cc34e6a05517,1.5707963267948966,0.5,0.45,0.1,1.0,0.9983412446832275,0.0014720472500190328,0.9714685749235761
b78fac9ab98181f5e0e88f26025ffa8b34dac8f673aa4f0c82300d1d24349c1c,1.5707963267948966,0.5,0.5,0.1,1.0,0.99852272648431,0.001359715339862846,0.9728330692222219
81faf15832295f2e8f7c5724f0631dcb7ab05e76e3c93bab13bb150c65032889,1.5707963267948966,0.5,0.0,0.15000000000000002,1.5000000000000002,0.0,0.0,0.0
04cd0ab618af25632a87c53e8eabd7d24839a3b09bbcff76024cfae45af43249,1.5707963267948966,0.5,0.05,0.15000000000000002,1.5000000000000002,0.6456999954314507,0.20297659582567576,0.46927047218930634
4d8edfb56b0499204beea4fd79006d35c1bdfd7947374d6921b16f2536ace741,1.5707963267948966,0.5,0.1,0.15000000000000002,1.5000000000000002,0.8497436551908186,0.12157636733673317,0.6793568235352591
ce1874e117a38d51a2ab9518d45e7e19c50757a6d158f91e3b7467827d605476,1.5707963267948966,0.5,0.15000000000000002,0.15000000000000002,1.5000000000000002,0.9339923390819976,0.060466994253077826,0.7989366231824446
a4c1428d399371813f817d91f7bb86f625f15b61e37073c52a2dad1b5e4c0e05,1.5707963267948966,0.5,0.2,0.15000000000000002,1.5000000000000002,0.9702419380895017,0.026272517595967465,0.8713032476163326
2b8dfa3e230d855f919edb9ce04ee5ded2b42864c3ee5c4f7f2f5a0e8b3a9bb5,1.5707963267948966,0.5,0.25,0.15000000000000002,1.5000000000000002,0.9861898877012166,0.011036026403814252,0.9159416734983666
3380464f7618dcc439a47276552cea7636054245466dbe5d0341f0092f6f9edc,1.5707963267948966,0.5,0.30000000000000004,0.15000000000000002,1.5000000000000002,0.9932565225080722,0.004962467883808418,0.9427042485747928
87137d794ff0f20d0cd5beee2714aa8b2f16b13b3ea746ba9473e45fd2d8c143,1.5707963267948966,0.5,0.35000000000000003,0.15000000000000002,1.5000000000000002,0.9962582517159229,0.0027762502085208127,0.95821490408323
de3e4fb11302e749676926afc9fe11fc9b00c6168f07640d1725d64cd9bde0a3,1.5707963267948966,0.5,0.4,0.15000000000000002,1.5000000000000002,0.9977171108615628,0.0018146370892940893,0.9670738958242797
0770ce88d96018909affa02fc79160710542a4e8d3df8202d9062fa9a02be458,1.5707963267948966,0.5,0.45,0.15000000000000002,1.5000000000000002,0.9983414112976917,0.0014720234256427546,0.9714687683894576
29c5e87424f00a690259c989e2cda6bb8d1b3e0ab84f8f22a7aa00fc616e5a45,1.5707963267948966,0.5,0.5,0.15000000000000002,1.5000000000000002,0.9985228071805862,0.0013597036673866525,0.9728331864133577
19d60a8ee60594eb7ef279b63ade5a564ce6b8c1a0d79db2fb20cbf3d5c2646e,1.5707963267948966,0.5,0.0,0.2,2.0,0.0,0.0,0.0
2a5a53c664d81bcf6a16c16536532faf612c92aa78802fec5189c705d4bd557c,1.5707963267948966,0.5,0.05,0.2,2.0,0.6456989893895052,0.2029770434198518,0.4692672375332898
43cc86219033c8c0088aa90fbbcee3ba865e15ebb33740c7d723e9ce7ae3ccd4,1.5707963267948966,0.5,0.1,0.2,2.0,0.8497432003721409,0.1215764869928483,0.6793579885387794
2808dd720d715510b9b2219fe1ea131ebb4e301da6fe8de627c42038e32e4f39,1.5707963267948966,0.5,0.15000000000000002,0.2,2.0,0.9339926247700778,0.06046659996474698,0.7989358634149925
eaa5c625eb74097d0558a75b259cc4c095d05c08218497804dedddf94e122d8b,1.5707963267948966,0.5,0.2,0.2,2.0,0.9702422050513883,0.026272517000680697,0.8713029321588746
b4dd9d7d526e50e5c63e636600e4950788492cf6e3729afab8a060ee403ee7d2,1.5707963267948966,0.5,0.25,0.2,2.0,0.9861898863011135,0.011036020630121865,0.9159427072327863
bd35159a5eaaa64391cb193d7d7a7e7063750e6fcfd12c94d909fa82fbf34fd0,1.5707963267948966,0.5,0.30000000000000004,0.2,2.0,0.9932568833743008,0.004962412827496878,0.9427038866062967
6ab6cc4849905cc4bbc1b98203887017a02c7305491dd9026a401f3476253a42,1.5707963267948966,0.5,0.35000000000000003,0.2,2.0,0.9962586878213683,0.0027762114484692914,0.9582153808737989
65584bd2936d140ecbe5a1e3c8e32b6ef73dbe216d1701b23bd236a7393f7dfc,1.5707963267948966,0.5,0.4,0.2,2.0,0.9977174347176851,0.0018145453535502402,0.9670730183774179
eb88cccadc0ab1f296a28a1bd4c9177128ebc64bddceaf530bdd2e4707ffca93,1.5707963267948966,0.5,0.45,0.2,2.0,0.9983413874607714,0.0014720187782189895,0.9714696175979899
5ec83f01f6d92285593ec28b5d101387a792fd67c2abe171e07f57cb12193428,1.5707963267948966,0.5,0.5,0.2,2.0,0.9985228793784908,0.001359675677991592,0.9728329945838167
c5a2d447c2df1e09eb1dca1cd883b5b29044c5a3b0ed2fa15e6e1e2452b76258,1.5707963267948966,0.5,0.0,0.30000000000000004,3.0000000000000004,0.0,0.0,0.0
31f1dea190417c6b4bc07123f0e43727bc81fd1c6172e7b927e729664cb0c48a,1.5707963267948966,0.5,0.05,0.30000000000000004,3.0000000000000004,0.6457006234690571,0.20297694114787693,0.46926923383338354
0e6656b925b335aa2402880b9d2aee696464c02c2b7f165a4dba3e74c304d10c,1.5707963267948966,0.5,0.1,0.30000000000000004,3.0000000000000004,0.849743653806749,0.1215765162539179,0.679358253360738
c05d14f354db0421c1a82efb3b66e261ce2dbf72952959de66df6e1bed20cd98,1.5707963267948966,0.5,0.15000000000000002,0.30000000000000004,3.0000000000000004,0.9339924921288816,0.06046672932289828,0.7989355772749206
dd030d3d187935113d6878a12aa64fea312fadd31960e0ae82decf3782ba4b96,1.5707963267948966,0.5,0.2,0.30000000000000004,3.0000000000000004,0.9702419323803392,0.026272446812764277,0.8713041067451877
f547230e0faaa2167a7461022bb97056c870e340ff0161e75b815290ba60d6f1,1.5707963267948966,0.5,0.25,0.30000000000000004,3.0000000000000004,0.9861901382546437,0.011035971783103856,0.9159422346708147
8298a820c89a1ca28f7723b7c3aacbf409beed1ff82d61e1522d12176476a3d6,1.5707963267948966,0.5,0.30000000000000004,0.30000000000000004,3.0000000000000004,0.9932569916390488,0.004962458699641118,0.9427041151278233
ab598dddd92b359f9836ed693424002ea635a2c5b596877770456a68893c9e81,1.5707963267948966,0.5,0.35000000000000003,0.30000000000000004,3.0000000000000004,0.9962588232592542,0.002776153399534031,0.9582151080326864
76adabeccff8bfd973b98947fca28073e95dbbeea75736fb2aa7c3209d313540,1.5707963267948966,0.5,0.4,0.30000000000000004,3.0000000000000004,0.9977175735473227,0.0018145950283217805,0.9670740884592878
f60c90c602c43ddd8c41603b3cd68e9c0192533cc6264360b8ee7413da553875,1.5707963267948966,0.5,0.45,0.30000000000000004,3.0000000000000004,0.9983417168494005,0.0014719907851920063,0.9714693092762325
138bacf6a441269aba6e129053f13eb6b1cbc4885baf03333e824fd27b9c6258,1.5707963267948966,0.5,0.5,0.30000000000000004,3.0000000000000004,0.9985229290936996,0.001359684111855318,0.9728331167294074
5a4210b424fe34fe6b1ae2cace29cf6748380ef6ff151c36741a3f6fcbd3caaf,1.5707963267948966,0.5,0.0,0.5,5.0,0.0,0.0,0.0
80c93024c32ff2cde54afc643b9b025d8e5eadb6a64e58b5ad7aa92f129504eb,1.5707963267948966,0.5,0.05,0.5,5.0,0.6456997786115962,0.20297680458804676,0.46926563364186674
666704febd9561931590e3bc8bbd4d52036a6827fea4b69ac9b3f681c1ff1150,1.5707963267948966,0.5,0.1,0.5,5.0,0.8497441018878201,0.12157632327107877,0.6793559256041973
f73f0a29ca61b493d06a97401cd28e1d1fb145d51e5b75d082d43ed675507e31,1.5707963267948966,0.5,0.15000000000000002,0.5,5.0,0.933993238042847,0.0604666333549965,0.7989344720783066
87e8827aa33b05d62883b6a79227c4905045f9ef30a6ff85f48cd9228c8efb32,1.5707963267948966,0.5,0.2,0.5,5.0,0.9702424037555514,0.026272209748387274,0.8713026562639549
9ea69b107a1bf7247d1bf70b5b15137234e437023160b7368e1a44d664f17352,1.5707963267948966,0.5,0.25,0.5,5.0,0.9861905863625605,0.011036040523523855,0.9159413345638554
9d008fbeba7e54b924fdcd658f0979cf8e53cb5c65ae96641707cd2b847b0372,1.5707963267948966,0.5,0.30000000000000004,0.5,5.0,0.9932575774749713,0.004962574567622211,0.9427044374582988
8a9e46fbe4939567ab0d9c42f3cf41adfbc12889b305cbf29e81a5fdd9d338fd,1.5707963267948966,0.5,0.35000000000000003,0.5,5.0,0.9962595110259135,0.0027761355554342493,0.9582157262509102
822c07332ec9b7d4c23adbddd26b2d32ba5effe74a20815ff09492013eee8f4e,1.5707963267948966,0.5,0.4,0.5,5.0,0.9977181221550336,0.0018146086272384377,0.9670742043631108
b2d42677c570de48a2e492f34113f505f2112485e333d580317c247d4d3fe804,1.5707963267948966,0.5,0.45,0.5,5.0,0.9983424031561111,0.0014719754833960857,0.9714691667548213
ed0169bda6198104a9486f7a90b47861144154b6ee0023713588382163ca82b6,1.5707963267948966,0.5,0.5,0.5,5.0,0.9985237261911769,0.0013596863470537936,0.9728337136158363
649888d118fb1e40c90e76a195a5a7fe58929bb39e2e4c962cef3f5f08ec600a,1.5707963267948966,0.5,0.0,1.0,10.0,0.0,0.0,0.0
73c6619fa893064a503d8102a4dbaf571b99ad8248faf22452408934cd729454,1.5707963267948966,0.5,0.05,1.0,10.0,0.6457003214459648,0.20297597713045465,0.4692565338826777
6846f4afdd1084d95cad8dd8f23b6edb10f86eaaf99c46753483f021d1b014d8,1.5707963267948966,0.5,0.1,1.0,10.0,0.8497434016822726,0.1215759628384488,0.6793441188391723
ada8ce218c9846e48e36a9a11d836bf528e63a60e2371eb41768fef6779def82,1.5707963267948966,0.5,0.15000000000000002,1.0,10.0,0.9339945487206028,0.06046616754734622,0.7989238958207839
6621ac322cd7d443645398ec9a64ef9553c18dd33bdd6546c1055882049b4d82,1.5707963267948966,0.5,0.2,1.0,10.0,0.9702438065426081,0.0262716495579759,0.8712995349292978
d421e19e5184ee391251829dad30618b6db824958f0903e6b2891113724c5c8c,1.5707963267948966,0.5,0.25,1.0,10.0,0.9861929771936017,0.011035863799526502,0.915939622432056
55a2abb0fc6097ecd4ce97cd21b135dee14e7617da9e1807d1ffe79067bf8a16,1.5707963267948966,0.5,0.30000000000000004,1.0,10.0,0.9932602990237749,0.004962992015046296,0.9427031619832534
cb74ff41f196124d747d8433cfc03c755f2b0601d27e3c21304e72381fbfe8b6,1.5707963267948966,0.5,0.35000000000000003,1.0,10.0,0.9962622554261517,0.0027758442501747455,0.9582158395901138
0213bdeeab86b371259c936a669da94ac36e5681cc1264eb35a70dc644c7d782,1.5707963267948966,0.5,0.4,1.0,10.0,0.9977213332295803,0.0018146358517609276,0.9670753748208348
a0b9e5e98dc3291709284fec9a18be5c077fae65c5db625a7c8dfa54e4885537,1.5707963267948966,0.5,0.45,1.0,10.0,0.9983451655193211,0.0014719268660846393,0.9714705271991572
8084165c1da80cc60d27637a4148d924f1b0b74f544c65f700e2ab2a76ad86c0,1.5707963267948966,0.5,0.5,1.0,10.0,0.9985257739251803,0.0013596860789273364,0.9728351333144484
855ebc1e7381956d1b5cde66f20711c1578511c621480cf883d2dad3059f2225,1.5707963267948966,0.5,0.0,2.0,20.0,0.0,0.0,0.0
09233c2b12896ac94e7e1cdf367b1930a3ad25647a8d920a8890dddf3847c943,1.5707963267948966,0.5,0.05,2.0,20.0,0.6456931315329314,0.20297696462854833,0.46921218453101926
c5ee68dd7695e10d0ee9f7a718a9015dc18eceb6a883acd7a515b8d4c7800b68,1.5707963267948966,0.5,0.1,2.0,20.0,0.8497391276674099,0.12158166074496975,0.6792824075705113
0df46be70a966f94d76d175f41da451a5c94847c8f9897c548df2f25a6343dc9,1.5707963267948966,0.5,0.15000000000000002,2.0,20.0,0.9339936265974816,0.06047314645053653,0.7988766204326603
f841bad558658360365e9c5ebfed740db039348b352df4eb4ab85da152737563,1.5707963267948966,0.5,0.2,2.0,20.0,0.9702425222851008,0.02627498854695319,0.8712697891826896
7b3809b773ce65692defd7c6cde8f8f3a04a1918bfa018cc85d08adcd94d0f5b,1.5707963267948966,0.5,0.25,2.0,20.0,0.986197580664189,0.011037639432820691,0.9159165890479696
d119cd45e184d2b058c6b89555f978cd424b5688b5bcbc3cbc2e33e1f7925a03,1.5707963267948966,0.5,0.30000000000000004,2.0,20.0,0.9932677475429644,0.004965361606730564,0.9426916461865654
71e185022262627037885216adf4f7362906532f38f63de44fa491abad888ae2,1.5707963267948966,0.5,0.35000000000000003,2.0,20.0,0.9962706596688689,0.0027754226113391924,0.9582055172614505
3c73f522bbb1d440825049bbaf099782ac1c0b4767ac03054d83aa88855403a4,1.5707963267948966,0.5,0.4,2.0,20.0,0.9977293753051208,0.0018150771409546553,0.9670699614901395
c5d6fc5c81fcdb7a221c6d2ea126ea0ebd8ff4cb31104f957792c481f9b63ad4,1.5707963267948966,0.5,0.45,2.0,20.0,0.9983537155722146,0.0014718221560066937,0.9714704860117158
11c8e982dd1c62803c1512536cb913097023b1c4d93dba740a5a906c574767aa,1.5707963267948966,0.5,0.5,2.0,20.0,0.9985342942230587,0.0013597619056846067,0.972837245616748
0a96af82eacd1a5d46972376e44ab17843038ba4263eda442ac59f7d683da027,1.5707963267948966,0.5,0.0,3.0,30.0,0.0,0.0,0.0
8066f6845cff44434ad90b08dace667417fb32804a748b36e4208d124bffabe7,1.5707963267948966,0.5,0.05,3.0,30.0,0.645669304050654,0.2029975806423008,0.4691081476674536
38639ffbde47175d6b1cf1fb368e7aea8a09be1f15b29c700889efdd2087e25e,1.5707963267948966,0.5,0.1,3.0,30.0,0.8496972628946553,0.12162511198242132,0.6791247115937482
6f22077e2439b3ceae2a569860631bbbc4869c1b5e755497b2383a9a6b8da56e,1.5707963267948966,0.5,0.15000000000000002,3.0,30.0,0.9339645857313004,0.06051883598884581,0.7987153774388686
d2776f7953fb5c6dab3fb9f230f34f4b54bcce8d8b8b07e3f7075c9a24f3db08,1.5707963267948966,0.5,0.2,3.0,30.0,0.9702199620441441,0.026300282025025264,0.8711354265784834
2747d2e6a16d6aaab7d48d963272284b6396d782e5d53bca4d9a2f86bf0f5727,1.5707963267948966,0.5,0.25,3.0,30.0,0.9861920045267197,0.011052642984425065,0.9157912594228935
c4d9abb53f3430b670bf7fbae9c91531f957c7b1b17c6a2e0189dc97dedf78b6,1.5707963267948966,0.5,0.30000000000000004,3.0,30.0,0.9932683067744099,0.0049733312404518755,0.942600160160131
167bbb5fc7f24de5757c2c9b1bd5e2e64558f188940a8a03f2e92751f936a4fc,1.5707963267948966,0.5,0.35000000000000003,3.0,30.0,0.9962765500524795,0.002777681920979098,0.9581243475596523
10a69d644333c478bcd8331f67752ca27a1da657a6b14500d8180c3b14c6778e,1.5707963267948966,0.5,0.4,3.0,30.0,0.9977394351112595,0.0018174481390800792,0.9670104241696675
562181eaca5a9132122556bfea5ea92e61790cc89c208b028ee7888d9f368a46,1.5707963267948966,0.5,0.45,3.0,30.0,0.9983636735970572,0.0014734771568893626,0.971430379125605
9f3d95b923d408afc0c751487b81b777a8a8d006606abfb1c8097631fea7c9cf,1.5707963267948966,0.5,0.5,3.0,30.0,0.998546216765888,0.0013600736408999347,0.9728009619964323
