size,beta,gain,low,high
1,0.0,0.0,0.0,0.0
1,0.0001,-3.625266298268315e-08,-3.84052348673114e-08,-3.4014075464550154e-08
1,0.00012046715125649921,-5.1690904112611236e-08,-5.475896336093467e-08,-4.8500800298167947e-08
1,0.00014512334531856244,-7.368018273279375e-08,-7.805163791951841e-08,-6.913565351318595e-08
1,0.00017482595991340425,-1.0498918878720787e-07,-1.1121561891147546e-07,-9.851745204347839e-08
1,0.00021060785356450738,-1.4955139482353275e-07,-1.584160812057034e-07,-1.403385284759473e-07
1,0.0002537132815116212,-2.129524968585983e-07,-2.2556590869582394e-07,-1.998424428911738e-07
1,0.00030564116259643235,-3.0312059196013763e-07,-3.2106087655137117e-07,-2.844721143341333e-07
1,0.0003681972016471668,-4.313028033609001e-07,-4.568090497814037e-07,-4.0478709905089617e-07
1,0.0004435566798304894,-6.134463386153755e-07,-6.496937268618552e-07,-5.75760551380089e-07
1,0.0005343400963997016,-8.721501173480917e-07,-9.236388034100651e-07,-8.186125219800112e-07
1,0.0006437042921539515,-1.239420678977865e-06,-1.3125250397344468e-06,-1.1633988084153168e-06
1,0.0007754522232736782,-1.7605608467752276e-06,-1.8643046182875712e-06,-1.6526642641928601e-06
1,0.000934165202732988,-2.49965227550053e-06,-2.6468016127434435e-06,-2.3465940455408284e-06
1,0.0011253622077619311,-3.547278534465903e-06,-3.7558820842553687e-06,-3.330270765841692e-06
1,0.001355691793008043,-5.031394421650681e-06,-5.326951257847434e-06,-4.723889210589416e-06
1,0.0016331632828549452,-7.132608356497094e-06,-7.5511168284442265e-06,-6.697120068466233e-06
1,0.001967425282222473,-1.0105647375580062e-05,-1.069788844470232e-05,-9.489287170122429e-06
1,0.0023701011905935526,-1.4309472607498819e-05,-1.514702097686893e-05,-1.3437680073072333e-05
1,0.0028551933862044237,-2.0249481403999958e-05,-2.1433131575332443e-05,-1.9016915295838598e-05
1,0.0034395701352244444,-2.8636571910878317e-05,-3.030813461687154e-05,-2.6894882300804168e-05
1,0.004143552157374201,-4.046969470505868e-05,-4.282848971454145e-05,-3.8011143626656696e-05
1,0.004991619244815915,-5.715106090786737e-05,-6.047694260316872e-05,-5.3684087044506e-05
1,0.006013261505800906,-8.064666835816414e-05,-8.533281257543934e-05,-7.576129651245822e-05
1,0.007244004833642019,-0.00011370958349321558,-0.00012030704364487665,-0.0001068265751736852
1,0.008726646259971648,-0.0001601899234529025,-0.00016946944095548312,-0.00015050120444994318
1,0.017453292519943295,-0.0005688419500947672,-0.0006015681392598088,-0.0005345884760697584
1,0.026179938779914945,-0.00118519785451221,-0.001253050211257417,-0.001114139441654119
1,0.03490658503988659,-0.001987502549717246,-0.00210083443679554,-0.0018687620018241202
1,0.04363323129985824,-0.0029605182769879557,-0.0031287557403376354,-0.0027840905244314014
1,0.05235987755982989,-0.004092453027105258,-0.004324305933734876,-0.0038489932598450268
1,0.061086523819801536,-0.0053736595539320975,-0.005677579027122964,-0.005054495330421941
1,0.06981317007977318,-0.0067959563191566374,-0.00717975828654549,-0.006393200501297524
1,0.07853981633974483,-0.008352226989035372,-0.008823279087141417,-0.007858632823385722
1,0.08726646259971647,-0.010036164078940812,-0.010601463878968261,-0.009444624831669721
1,0.09599310885968812,-0.011842094875869291,-0.012508307672698452,-0.011145864765275815
1,0.10471975511965978,-0.01376485780920722,-0.014538347088236333,-0.012957441865043105
1,0.11344640137963143,-0.01579971149711812,-0.016686564012312957,-0.014874179887724149
1,0.12217304763960307,-0.017942265897486487,-0.018948312668657,-0.016892176129790108
1,0.1308996938995747,-0.020188428950679294,-0.021319263096795174,-0.019007910932183153
1,0.13962634015954636,-0.02253436440330392,-0.023795356473629375,-0.021217779832009787
1,0.14835298641951802,-0.024976457904361538,-0.026372769197090376,-0.023518441741194735
1,0.15707963267948966,-0.02751128935316427,-0.029047883591687314,-0.025906635905317273
1,0.16580627893946132,-0.03013561005963783,-0.03181726371138703,-0.028379308904608574
1,0.17453292519943295,-0.03284632366907214,-0.03467763512988542,-0.030934173237416106
1,0.1832595714594046,-0.03564047007366733,-0.03762586789458265,-0.03357016763671081
1,0.19198621771937624,-0.03851521172393568,-0.04065896202258844,-0.03628266400285569
1,0.2007128639793479,-0.041467821890240064,-0.04377403506241928,-0.0390691032473307
1,0.20943951023931956,-0.04449567452520781,-0.04696831135144616,-0.041927019791043
1,0.2181661564992912,-0.04759623545243463,-0.050239112678255746,-0.04485403336261794
1,0.22689280275926285,-0.05076705466321746,-0.05358385011873609,-0.047847475517944965
1,0.23561944901923448,-0.054005759546054743,-0.05700001686025365,-0.050903551479821875
1,0.24434609527920614,-0.057310048906895394,-0.06048471388544023,-0.054021800549018915
1,0.2530727415391778,-0.0606776876640589,-0.06403545634475209,-0.057200118491852685
1,0.2617993877991494,-0.06410650212222513,-0.06765044884865674,-0.06043645837455495
1,0.27052603405912107,-0.0675943757461766,-0.07132745628528986,-0.06372882661380336
1,0.2792526803190927,-0.07113924536804822,-0.07506430030569643,-0.06707527943293039
1,0.2879793265790644,-0.07473909777241367,-0.07885885569438587,-0.07047391967169316
1,0.29670597283903605,-0.07839196661215125,-0.08270904709101286,-0.07392289390555487
1,0.30543261909900765,-0.08209592961509443,-0.08661284602074605,-0.07742038983704116
1,0.3141592653589793,-0.08584910604730389,-0.09056826819706588,-0.08096463392719193
1,0.32288591161895097,-0.08964965440364353,-0.09457337106588164,-0.08455388923966727
1,0.33161255787892263,-0.09349577030037987,-0.09862625156413571,-0.08818645347384359
1,0.34033920413889424,-0.09738568454792113,-0.10272504406967337,-0.09186065716641885
1,0.3490658503988659,-0.10131766138467246,-0.10686791852218641,-0.09557486204372195
1,0.35779249665883756,-0.10528999685541135,-0.11105307869761688,-0.09932745950919203
1,0.3665191429188092,-0.1093010173196492,-0.11527876062059607,-0.10311686925242676
1,0.3752457891787809,-0.11334907807721178,-0.11954323110136708,-0.10694153796785057
1,0.3839724354387525,-0.11743256209978359,-0.12384478638524517,-0.1107999381724707
1,0.39269908169872414,-0.12154987885846796,-0.12818175090405717,-0.11469056711341058
1,0.4014257279586958,-0.1256994632385406,-0.13255247612019383,-0.11861194575696535
1,0.41015237421866746,-0.12987977453355293,-0.1369553394549508,-0.12256261785183935
1,0.4188790204786391,-0.1340892955117936,-0.14138874329373613,-0.12654114906002434
1,0.4276056667386107,-0.13832653154885755,-0.14585111406150755,-0.1305461261494695
1,0.4363323129985824,-0.14259000982072617,-0.15034090136250122,-0.13457615624330635
1,0.44505895925855404,-0.14687827855232954,-0.154856577178911,-0.13862986612092465
1,0.4537856055185257,-0.15118990631706958,-0.15939663512371768,-0.14270590156666624
1,0.4625122517784973,-0.15552348138321886,-0.16395958974333424,-0.14680292676232115
1,0.47123889803846897,-0.15987761110351517,-0.16854397586615616,-0.15091962371997614
1,0.4799655442984406,-0.16425092134460678,-0.17314834799346887,-0.15505469175209138
1,0.4886921905584123,-0.1686420559533242,-0.1777712797294977,-0.15920816319220696
1,0.49741883681838395,-0.17304967625702417,-0.18241136324767968,-0.16337819350976723
1,0.5061454830783556,-0.17747246059550154,-0.1870672087904952,-0.16756286403787157
1,0.5148721293383273,-0.18190910388218207,-0.191737444200431,-0.17176093740123696
1,0.5235987755982988,-0.18635831719251278,-0.19642071447986387,-0.17597119130542377
1,0.5323254218582705,-0.19081882737763584,-0.2011156813778318,-0.18019241818094078
1,0.5410520681182421,-0.19528937670160085,-0.20582102300183863,-0.18442342484924137
1,0.5497787143782138,-0.19976872250050853,-0.21053543345298523,-0.1886630322091127
1,0.5585053606381855,-0.20425563686211157,-0.21525762248286343,-0.19291007494208634
1,0.5672320068981571,-0.20874890632451543,-0.21998631517076847,-0.19716340123560033
1,0.5759586531581288,-0.21324733159272946,-0.22472025161990578,-0.20142187252275304
1,0.5846852994181004,-0.217749727271915,-0.22946147584234747,-0.2056843632375691
1,0.5934119456780721,-0.22225492161626553,-0.23420620014214885,-0.20994976058478781
1,0.6021385919380436,-0.22676175629253242,-0.23895257793917904,-0.21421696432325388
1,0.6108652381980153,-0.23126908615728842,-0.2436994041965835,-0.2184848865620636
1,0.619591884457987,-0.23577577904707797,-0.2484454875890549,-0.22275245156867496
1,0.6283185307179586,-0.24028071558067454,-0.25318965029271034,-0.22701859558825446
1,0.6370451769779303,-0.244782788972716,-0.2579307277870059,-0.23128226667358048
1,0.6457718232379019,-0.24928090485803794,-0.2626675686679723,-0.2355424245248716
1,0.6544984694978736,-0.2537739811260779,-0.26739903447210567,-0.23979804033895344
1,0.6632251157578453,-0.25826094776476066,-0.27212399951029187,-0.24404779713043584
1,0.6719517620178169,-0.26274074671331843,-0.27684135071118643,-0.24828891735713102
1,0.6806784082777885,-0.2672123317235335,-0.2815499874735083,-0.2525224317840761
1,0.6894050545377601,-0.2716746682289264,-0.2862488215267441,-0.256747357778972
1,0.6981317007977318,-0.27612673322144177,-0.29093677679978724,-0.26096272358477746
1,0.7068583470577035,-0.280567515135216,-0.2956127892970754,-0.26516756821356247
1,0.7155849933176751,-0.2849960137370315,-0.30027580698180595,-0.2693609413465836
1,0.7243116395776468,-0.2894112400230949,-0.3049247896658472,-0.2735419032402382
1,0.7330382858376184,-0.29381221612178987,-0.309558708905976,-0.27770952463757376
1,0.7417649320975901,-0.2981979752020859,-0.31417654790610416,-0.281862886685054
1,0.7504915783575618,-0.30256756138729457,-0.31877730142516936,-0.2860010808542929
1,0.7592182246175333,-0.3069200296738913,-0.32335997569039027,-0.29012320886849435
1,0.767944870877505,-0.31125444585513107,-0.3279235883155997,-0.2942283826333429
1,0.7766715171374766,-0.31556988644920636,-0.33246716822438976,-0.29831572417210933
1,0.7853981633974483,-0.3198654386317077,-0.33698975557781663,-0.3023843655647509
1,0.7941248096574199,-0.32414020017216194,-0.34149040170642436,-0.30643344889079155
1,0.8028514559173916,-0.3283932793744365,-0.3459681690463681,-0.31046212617578856
1,0.8115781021773633,-0.33262379502080797,-0.3504221310794183,-0.31446955934119336
1,0.8203047484373349,-0.3368308763195065,-0.35485137227665225,-0.318454920157435
1,0.8290313946973066,-0.34101366285555623,-0.35925498804563794,-0.3224173902000525
1,0.8377580409572782,-0.345171304544743,-0.36363208468093516,-0.3263561608087254
1,0.8464846872172498,-0.34930296159054774,-0.36798177931774106,-0.3302704330490457
1,0.8552113334772214,-0.3534078044438955,-0.37230319988852295,-0.33415941767689433
1,0.8639379797371931,-0.35748501376557373,-0.37659548508248214,-0.33802233510528445
1,0.8726646259971648,-0.36153378039118544,-0.3808577843077078,-0.341858415373547
1,0.8813912722571364,-0.36555330529850705,-0.3850892576558834,-0.34566689811873536
1,0.8901179185171081,-0.3695427995771272,-0.3892890758694137,-0.3494470325491357
1,0.8988445647770797,-0.37350148440025155,-0.3934564203108507,-0.35319807741977305
1,0.9075712110370514,-0.3774285909985603,-0.3975904829345024,-0.3569193010098113
1,0.9162978572970231,-0.38132336063601624,-0.4016904662601092,-0.3606099811017466
1,0.9250245035569946,-0.38518504458751934,-0.4057555833484862,-0.3642694049623028
1,0.9337511498169663,-0.3890129041183158,-0.4097850577790278,-0.36789686932493776
1,0.9424777960769379,-0.3928062104650687,-0.4137781236289788,-0.37149168037387803
1,0.9512044423369096,-0.3965642448185046,-0.41773402545438254,-0.3750531537295991
1,0.9599310885968813,-0.4002862983075538,-0.42165201827261645,-0.3785806144356757
1,0.9686577348568529,-0.403971671984905,-0.42553136754643395,-0.3820733969469299
1,0.9773843811168246,-0.4076196768139009,-0.42937134916943215,-0.38553084511880303
1,0.9861110273767962,-0.4112296336567015,-0.4331712494528712,-0.38895231219789095
1,0.9948376736367679,-0.4148008732636481,-0.4369303651137716,-0.39233716081357317
1,1.0035643198967394,-0.4183327362637636,-0.4406480032642218,-0.39568476297067884
1,1.0122909661567112,-0.421824573156325,-0.444323481401832,-0.39899450004313153
1,1.0210176124166828,-0.4252757443034495,-0.44795612740126495,-0.4022657627685138
1,1.0297442586766545,-0.4286856199236404,-0.45154527950679463,-0.4054979512435048
1,1.038470904936626,-0.43205358008623235,-0.4550902863258236,-0.4086904749201342
1,1.0471975511965976,-0.43537901470669055,-0.4585905068233134,-0.41184275260280834
1,1.0559241974565694,-0.4386613235427104,-0.46204531031707063,-0.41495421244606007
1,1.064650843716541,-0.441899916191071,-0.4654540764738395,-0.41802429195297874
1,1.0733774899765127,-0.445094212085198,-0.46881619530615465,-0.4210524379742795
1,1.0821041362364843,-0.448243640493391,-0.47213106716990494,-0.4240381067079673
1,1.090830782496456,-0.45134764051767534,-0.47539810276256844,-0.4269807636995623
1,1.0995574287564276,-0.45440566109323643,-0.4786167231220711,-0.42987988384284426
1,1.1082840750163994,-0.4574171609884005,-0.48178635962623506,-0.43273377855306194
1,1.117010721276371,-0.46038160880512347,-0.4849064539927714,-0.43554225900879756
1,1.1257373675363425,-0.4632984829799544,-0.48797645827978564,-0.4383057011310048
1,1.1344640137963142,-0.46616727178543854,-0.49099583488675724,-0.4410236183843873
1,1.1431906600562858,-0.46898747333192775,-0.4939640565559594,-0.44369553357422015
1,1.1519173063162575,-0.4717585955697692,-0.4968806063742882,-0.44632097884923466
1,1.160643952576229,-0.47448015629184026,-0.4997449777754676,-0.4488994957048129
1,1.1693705988362009,-0.47715168313640266,-0.5025566745426012,-0.45143063498646335
1,1.1780972450961724,-0.4797727135902484,-0.5053152108110426,-0.45391395689355535
1,1.1868238913561442,-0.48234279499211097,-0.5080201110715555,-0.45634903098328633
1,1.1955505376161157,-0.4848614845363165,-0.5106709101737366,-0.45873543617485646
1,1.2042771838760873,-0.4873283492766519,-0.5132671533296783,-0.4610727607538322
1,1.213003830136059,-0.4897429661304259,-0.515808396117845,-0.4633606023766728
1,1.2217304763960306,-0.4921049218827006,-0.5182942044871379,-0.4655985680754018
1,1.2304571226560024,-0.49441381319067385,-0.5207241547611305,-0.46778627426240255
1,1.239183768915974,-0.49666924658818934,-0.5230978336424478,-0.46992334673531827
1,1.2479104151759457,-0.498870838490359,-0.5254148382172735,-0.4720094206820397
1,1.2566370614359172,-0.5010182151982734,-0.5276747759599616,-0.47404414068576045
1,1.265363707695889,-0.5031110129037883,-0.5298772647377352,-0.47602716073008594
1,1.2740903539558606,-0.5051488776943649,-0.5320219328154543,-0.47795814420417737
1,1.2828170002158321,-0.5071314655579504,-0.534108418860435,-0.47983676390791674
1,1.2915436464758039,-0.5090584423878826,-0.5361363719473023,-0.4816627020570772
1,1.3002702927357754,-0.5109294839878011,-0.5381054515628623,-0.483435650288485
1,1.3089969389957472,-0.5127442760765555,-0.5400153276109773,-0.48515530966515996
1,1.3177235852557188,-0.51450251429309,-0.5418656804174291,-0.4868213906814192
1,1.3264502315156905,-0.5162039042012982,-0.5436562007347575,-0.4884336132679353
1,1.335176877775662,-0.5178481612948299,-0.5453865897470596,-0.4899917067967331
1,1.3439035240356338,-0.5194350110018402,-0.5470565590747365,-0.4914954100861172
1,1.3526301702956054,-0.5209641886896702,-0.5486658307791779,-0.4929444714055162
1,1.361356816555577,-0.5224354396694457,-0.550214137367369,-0.4943386484802366
1,1.3700834628155487,-0.5238485192005861,-0.5517012217964136,-0.49567770849611326
1,1.3788101090755203,-0.5252031924952107,-0.5531268374779558,-0.49696142810404925
1,1.387536755335492,-0.5264992347224366,-0.5544907482824983,-0.4981895934244355
1,1.3962634015954636,-0.5277364310125545,-0.5557927285436025,-0.4993620000514415
1,1.4049900478554354,-0.5289145764610784,-0.5570320161046872,-0.5004784530571694
1,1.413716694115407,-0.5300334761326574,-0.5582084577051425,-0.5015387669956637
1,1.4224433403753787,-0.5310929450648451,-0.5593223619938098,-0.502542765906769
1,1.4311699866353502,-0.5320928082717162,-0.5603735935735223,-0.5034902833198305
1,1.4398966328953218,-0.5330329007473262,-0.5613619797406034,-0.5043811622572272
1,1.4486232791552935,-0.5339130674690066,-0.5622873582418519,-0.5052152552377385
1,1.457349925415265,-0.5347331634004888,-0.563149577277536,-0.5059924242797301
1,1.4660765716752369,-0.5354930534948533,-0.5639484955042204,-0.5067125409041608
1,1.4748032179352084,-0.5361926126972965,-0.5646839820374235,-0.507375486137402
1,1.4835298641951802,-0.5368317259477123,-0.5653559164540972,-0.5079811505138666
1,1.4922565104551517,-0.5374102881830835,-0.5659641887949247,-0.5085294340784418
1,1.5009831567151235,-0.537928204339677,-0.5665086995664342,-0.5090202463887238
1,1.509709802975095,-0.5383853893550437,-0.5669893597429225,-0.5094535065170499
1,1.5184364492350666,-0.5387817681698138,-0.5674060907681847,-0.5098291430523247
1,1.5271630954950384,-0.5391172757292901,-0.5677588245570493,-0.510147094101638
1,1.53588974175501,-0.5393918569848326,-0.5680475034967122,-0.5104073072916716
1,1.5446163880149817,-0.5396054668950346,-0.5682720804478714,-0.5106097397698944
1,1.5533430342749532,-0.5397580704266881,-0.5684325187456581,-0.5107543582055414
1,1.562069680534925,-0.5398496425555344,-0.5685287922003603,-0.5108411387903768
1,1.5707963267948966,-0.5398801682668029,-0.568560885097943,-0.5108700672392409
2,0.0,0.0,0.0,0.0
2,0.0001,-5.5073931193305725e-08,-5.758921114429327e-08,-5.2393474345158174e-08
2,0.00012046715125649921,-7.851143490889001e-08,-8.209499776923313e-08,-7.469267730153551e-08
2,0.00014512334531856244,-1.1188681758866892e-07,-1.1699060304681819e-07,-1.0644825241545864e-07
2,0.00017482595991340425,-1.5939653774665885e-07,-1.6666282383615006e-07,-1.5165388583815442e-07
2,0.00021060785356450738,-2.2700075075210435e-07,-2.3734193175528607e-07,-2.1598200493910812e-07
2,0.0002537132815116212,-3.2316053977243797e-07,-3.378721060348644e-07,-3.0748562773741384e-07
2,0.00030564116259643235,-4.598813627687548e-07,-4.808018583796203e-07,-4.375917936283447e-07
2,0.0003681972016471668,-6.54188958337798e-07,-6.839262908509003e-07,-6.22506817857249e-07
2,0.0004435566798304894,-9.302155336010642e-07,-9.724669495059235e-07,-8.852027519573591e-07
2,0.0005343400963997016,-1.3221464736368205e-06,-1.3821506533423511e-06,-1.258223440969708e-06
2,0.0006437042921539515,-1.878379408015718e-06,-1.963554752981711e-06,-1.7876453738935317e-06
2,0.0007754522232736782,-2.6673897417506254e-06,-2.788234846937132e-06,-2.5386641381353047e-06
2,0.000934165202732988,-3.7859958614827605e-06,-3.95735881406345e-06,-3.603467059204446e-06
2,0.0011253622077619311,-5.370995338038753e-06,-5.613861353709337e-06,-5.112317760741503e-06
2,0.001355691793008043,-7.615531445903656e-06,-7.959537916141236e-06,-7.249148332347244e-06
2,0.0016331632828549452,-1.0792089677913452e-05,-1.1279060853927603e-05,-1.02734701115631e-05
2,0.001967425282222473,-1.528477516554716e-05,-1.5973688239528937e-05,-1.4551130653575607e-05
2,0.0023701011905935526,-2.1634564314476634e-05,-2.2608512158875383e-05,-2.0597438944272575e-05
2,0.0028551933862044237,-3.060266729892902e-05,-3.197861362141119e-05,-2.9137558213412908e-05
2,0.0034395701352244444,-4.325913190961206e-05,-4.520155987315366e-05,-4.119096879762751e-05
2,0.004143552157374201,-6.110656651669988e-05,-6.384604118138404e-05,-5.818942640958558e-05
2,0.004991619244815915,-8.625263439721031e-05,-9.011247157348911e-05,-8.214144588705452e-05
2,0.006013261505800906,-0.00012165014092302417,-0.0001270836418858029,-0.00011586127884671283
2,0.007244004833642019,-0.00017143058879520723,-0.00017907202546429136,-0.0001632870947943621
2,0.008726646259971648,-0.00024136666196583612,-0.00025210229959208853,-0.00022992223976811834
2,0.017453292519943295,-0.0008549830180137885,-0.0008926559361035369,-0.000814769593309489
2,0.026179938779914945,-0.0017782472185584597,-0.0018560754267999192,-0.0016950908826386475
2,0.03490658503988659,-0.0029777608066861028,-0.00310737360489933,-0.0028391659592379745
2,0.04363323129985824,-0.004430145262318552,-0.004622062532130466,-0.004224788739146906
2,0.05235987755982989,-0.006117322308790141,-0.006381208535045183,-0.0058347853726882755
2,0.061086523819801536,-0.00802451461309861,-0.008369337412517963,-0.0076551157470201164
2,0.06981317007977318,-0.010139202084790466,-0.01057334085282092,-0.00967388243406091
2,0.07853981633974483,-0.012450506194530253,-0.012981831304757385,-0.011880746085774718
2,0.08726646259971647,-0.014948795803091386,-0.015584728937486242,-0.014266551173155442
2,0.09599310885968812,-0.017625419435646883,-0.018373024472822345,-0.016823071794513745
2,0.10471975511965978,-0.02047251509197978,-0.021338893955349776,-0.01954283110878026
2,0.11344640137963143,-0.023482870281994916,-0.024474465026722396,-0.022418968459905708
2,0.12217304763960307,-0.026649816041529495,-0.027772767951736204,-0.025445138766387248
2,0.1308996938995747,-0.0299671447658022,-0.031227316356173665,-0.028615434525744745
2,0.13962634015954636,-0.03342904523511292,-0.03483203919529592,-0.03192432414271933
2,0.14835298641951802,-0.03703005036219453,-0.03858122603944005,-0.03536660233614246
2,0.15707963267948966,-0.0407649945552464,-0.04246948242558424,-0.038937349675234115
2,0.16580627893946132,-0.04462897848395919,-0.04649169295874305,-0.04263189914432274
2,0.17453292519943295,-0.04861733963746184,-0.05064299047680084,-0.046445808206265225
2,0.1832595714594046,-0.05272562747854259,-0.05491873002719937,-0.05037483522929453
2,0.19198621771937624,-0.056949582291633605,-0.05931446671075023,-0.05441491942039352
2,0.2007128639793479,-0.06128511703298989,-0.06382593666863165,-0.0585621636085577
2,0.20943951023931956,-0.06572830164590471,-0.06844904065027202,-0.0628128193679632
2,0.2181661564992912,-0.07027534941862057,-0.07317982971998957,-0.06716327408004691
2,0.22689280275926285,-0.07492260504918846,-0.07801449275091724,-0.07161003961573999
2,0.23561944901923448,-0.07966653414763203,-0.08294934542393682,-0.07614974238186671
2,0.24434609527920614,-0.08450371395690581,-0.0879808205028539,-0.08077911452425086
2,0.2530727415391778,-0.08943082511401212,-0.09310545919881212,-0.08549498611795486
2,0.2617993877991494,-0.09444464430414556,-0.0983199034699036,-0.09029427820496917
2,0.27052603405912107,-0.09954203768576453,-0.10362088912814833,-0.09517399656345277
2,0.2792526803190927,-0.10471995498461661,-0.10900523964707284,-0.10013122611171028
2,0.2879793265790644,-0.10997542417098671,-0.11446986058013983,-0.1051631258655448
2,0.29670597283903605,-0.11530554664771042,-0.12001173451414966,-0.11026692438019248
2,0.30543261909900765,-0.12070749288734228,-0.12562791649312086,-0.11543991561837083
2,0.3141592653589793,-0.12617849846586116,-0.13131552985754383,-0.12067945519449289
2,0.32288591161895097,-0.13171586044773187,-0.13707176245170438,-0.12598295695216502
2,0.33161255787892263,-0.13731693408336865,-0.14289386315828861,-0.13134790744024444
2,0.34033920413889424,-0.14297912978527205,-0.14877913872494633,-0.13677181827287616
2,0.3490658503988659,-0.14869991035351338,-0.15472495085210508,-0.14225225363949862
2,0.35779249665883756,-0.15447678842496826,-0.16072871351523393,-0.14778683152723507
2,0.3665191429188092,-0.1603073241238986,-0.16678789049808668,-0.15337321490234074
2,0.3752457891787809,-0.16618912289417553,-0.1728999931162956,-0.15900910966020743
2,0.3839724354387525,-0.17211983349578963,-0.1790625781131372,-0.16469226273111356
2,0.39269908169872414,-0.17809714615028638,-0.18527324571138082,-0.17042046032715527
2,0.4014257279586958,-0.1841187908215165,-0.19152963780696527,-0.17619152631743482
2,0.41015237421866746,-0.19018253561958864,-0.19782943629181782,-0.18200332072002076
2,0.4188790204786391,-0.1962861853172274,-0.2041703614945036,-0.18785373830043703
2,0.4276056667386107,-0.2024275799688814,-0.21055017072859633,-0.19374070726752043
2,0.4363323129985824,-0.20860459362393713,-0.21696665693970985,-0.19966218805844607
2,0.44505895925855404,-0.21481513312626355,-0.2234176252007729,-0.20561617220554718
2,0.4537856055185257,-0.22105713699310048,-0.22990095634743352,-0.2116006812783009
2,0.4625122517784973,-0.22732857436697573,-0.23641454394965053,-0.21761376589449352
2,0.47123889803846897,-0.23362744403495517,-0.24295631167174164,-0.22365350479491178
2,0.4799655442984406,-0.2399517735100546,-0.2495241577648167,-0.22971800397783884
2,0.4886921905584123,-0.2462996181701338,-0.2561143786799784,-0.23580539588668953
2,0.49741883681838395,-0.25266906045000725,-0.2627266660489543,-0.2419138386487865
2,0.5061454830783556,-0.2590582090828937,-0.26935905990847886,-0.24804151536073085
2,0.5148721293383273,-0.2654651983876666,-0.2760096271032434,-0.25418663341710457
2,0.5235987755982988,-0.2718881875986725,-0.2826764605777859,-0.26034742387946247
2,0.5323254218582705,-0.2783253602351549,-0.2893576736994782,-0.2665221408828136
2,0.5410520681182421,-0.28477492350757866,-0.2960513959006883,-0.2727090610770161
2,0.5497787143782138,-0.2912351077583582,-0.30275581268571883,-0.2789064831007298
2,0.5585053606381855,-0.2977041659347098,-0.3094691151258431,-0.28511272708575724
2,0.5672320068981571,-0.30418037309151497,-0.3161895174230478,-0.29132613418977804
2,0.5759586531581288,-0.31066202592226333,-0.3229152564134755,-0.297545066155636
2,0.5846852994181004,-0.3171474423162755,-0.3296445910985311,-0.30376790489548466
2,0.5934119456780721,-0.3236349609405585,-0.33637580220191476,-0.3099930520982242
2,0.6021385919380436,-0.3301229408447594,-0.3431071917509697,-0.31621892885877334
2,0.6108652381980153,-0.3366097610878039,-0.34983708268086294,-0.32244397532784297
2,0.619591884457987,-0.3430938203849006,-0.3565638184602115,-0.32866665038095927
2,0.6283185307179586,-0.3495735367736958,-0.3632857627368767,-0.33488543130558257
2,0.6370451769779303,-0.3560473472984447,-0.3700012990027351,-0.34109881350525195
2,0.6457718232379019,-0.3625137077111423,-0.37670883027631696,-0.3473053102197503
2,0.6544984694978736,-0.36897109218863583,-0.38340677880228247,-0.3535034522603674
2,0.6632251157578453,-0.37541799306480106,-0.390093585766772,-0.35969178775938854
2,0.6719517620178169,-0.3818529205769325,-0.3967677110277374,-0.365868881933005
2,0.6806784082777885,-0.3882744026255459,-0.40342763285941047,-0.3720333168568878
2,0.6894050545377601,-0.3946809845468537,-0.41007184771013405,-0.378183691253724
2,0.6981317007977318,-0.401071228897211,-0.4166988699728129,-0.3843186202920499
2,0.7068583470577035,-0.4074437152488847,-0.42330723176731055,-0.39043673539576945
2,0.7155849933176751,-0.413797039996532,-0.4298954827341367,-0.39653668406377524
2,0.7243116395776468,-0.42012981617381573,-0.43646218983883417,-0.40261712969913094
2,0.7330382858376184,-0.4264406732796159,-0.44300593677942796,-0.4086767514473056
2,0.7417649320975901,-0.4327282571133387,-0.44952532290400016,-0.4147142440429809
2,0.7504915783575618,-0.43899122961883996,-0.4560189681487542,-0.4207283176649829
2,0.7592182246175333,-0.4452282687365215,-0.462485507019597,-0.4267176977989144
2,0.767944870877505,-0.4514380682631777,-0.468923590511191,-0.4326811251070894
2,0.7766715171374766,-0.45761933771919644,-0.47533188596474046,-0.4386173553053961
2,0.7853981633974483,-0.4637708022227404,-0.4817090769331527,-0.44452515904360906
2,0.7941248096574199,-0.4698912023705565,-0.4880538630532019,-0.45040332179413295
2,0.8028514559173916,-0.47597929412508194,-0.49436495992435053,-0.45625064376866076
2,0.8115781021773633,-0.48203384870752974,-0.500641098993889,-0.46206593979259925
2,0.8203047484373349,-0.4880536524966597,-0.5068810274480928,-0.46784803922145834
2,0.8290313946973066,-0.49403750693295234,-0.5130835081090892,-0.473595785852511
2,0.8377580409572782,-0.49998422842791973,-0.5192473193371627,-0.4793080378412853
2,0.8464846872172498,-0.5058926482783035,-0.5253712549382304,-0.48498366762264733
2,0.8552113334772214,-0.5117616125849194,-0.5314541240762378,-0.4906215618362527
2,0.8639379797371931,-0.5175899821759216,-0.537494751190235,-0.4962206212561482
2,0.8726646259971648,-0.5233766325342766,-0.5434919759159104,-0.5017797607243262
2,0.8813912722571364,-0.5291204537292391,-0.5494446530113655,-0.507297909088036
2,0.8901179185171081,-0.5348203503516373,-0.555351652286929,-0.5127740091406694
2,0.8988445647770797,-0.5404752414527864,-0.5612118585388151,-0.5182070175660488
2,0.9075712110370514,-0.5460840604868525,-0.5670241714864453,-0.5235959048859522
2,0.9162978572970231,-0.551645755256506,-0.5727875057132559,-0.5289396554107167
2,0.9250245035569946,-0.5571592878616994,-0.5785007906108263,-0.5342372671927744
2,0.9337511498169663,-0.5626236346514271,-0.5841629703261717,-0.5394877519829759
2,0.9424777960769379,-0.5680377861783192,-0.5897730037120472,-0.5446901351895679
2,0.9512044423369096,-0.5734007471559338,-0.5953298642801192,-0.5498434558396949
2,0.9599310885968813,-0.5787115364186202,-0.6008325401568722,-0.5549467665433039
2,0.9686577348568529,-0.5839691868838272,-0.6062800340421146,-0.5599991334593345
2,0.9773843811168246,-0.5891727455167376,-0.6116713631699623,-0.5649996362640809
2,0.9861110273767962,-0.5943212732971207,-0.6170055592721826,-0.5699473681216227
2,0.9948376736367679,-0.5994138451882883,-0.6222816685437821,-0.5748414356562203
2,1.0035643198967394,-0.6044495501080585,-0.6274987516107313,-0.5796809589265784
2,1.0122909661567112,-0.6094274909016251,-0.6326558834997266,-0.5844650714018881
2,1.0210176124166828,-0.6143467843162382,-0.6377521536098815,-0.58919291993955
2,1.0297442586766545,-0.6192065609776124,-0.6427866656862662,-0.5938636647645079
2,1.038470904936626,-0.6240059653679666,-0.6477585377951908,-0.5984764794500973
2,1.0471975511965976,-0.6287441558056255,-0.6526669023011579,-0.603030550900342
2,1.0559241974565694,-0.6334203044260939,-0.6575109058453936,-0.6075250793336195
2,1.064650843716541,-0.6380335971645352,-0.6622897093258826,-0.6119592782676255
2,1.0733774899765127,-0.6425832337395814,-0.6670024878788305,-0.6163323745055704
2,1.0821041362364843,-0.6470684276384004,-0.671648430861479,-0.6206436081235418
2,1.090830782496456,-0.6514884061029655,-0.6762267418362079,-0.6248922324589716
2,1.0995574287564276,-0.6558424101174515,-0.6807366385558545,-0.6290775141001467
2,1.1082840750163994,-0.6601296943967063,-0.6851773529501884,-0.6331987328767089
2,1.117010721276371,-0.6643495273757359,-0.6895481311134789,-0.6372551818510853
2,1.1257373675363425,-0.668501191200148,-0.6938482332930991,-0.6412461673108011
2,1.1344640137963142,-0.6725839817175009,-0.6980769338791086,-0.645171008761621
2,1.1431906600562858,-0.6765972084695064,-0.7022335213947598,-0.6490290389214722
2,1.1519173063162575,-0.6805401946850391,-0.7063172984878797,-0.652819603715104
2,1.160643952576229,-0.6844122772739024,-0.710327581923076,-0.656542062269437
2,1.1693705988362009,-0.6882128068213088,-0.7142637025747166,-0.6601957869095619
2,1.1780972450961724,-0.6919411475830302,-0.7181250054206446,-0.6637801631553457
2,1.1868238913561442,-0.6955966774811766,-0.7219108495365767,-0.6672945897186058
2,1.1955505376161157,-0.6991787881005628,-0.7256206080911485,-0.6707384785008155
2,1.2042771838760873,-0.7026868846856269,-0.7292536683415656,-0.6741112545913046
2,1.213003830136059,-0.7061203861378617,-0.7328094316298196,-0.6774123562659204
2,1.2217304763960306,-0.7094787250137254,-0.7362873133794343,-0.6806412349861141
2,1.2304571226560024,-0.7127613475229977,-0.7396867430927065,-0.6837973553984251
2,1.239183768915974,-0.7159677135275467,-0.7430071643484041,-0.6868801953343275
2,1.2479104151759457,-0.719097296540481,-0.746248034799895,-0.6898892458104143
2,1.2566370614359172,-0.7221495837256497,-0.7494088261736681,-0.692824011028887
2,1.265363707695889,-0.7251240758974696,-0.7524890242682228,-0.6956840083783268
2,1.2740903539558606,-0.7280202875210451,-0.7554881289532934,-0.698468895395882
2,1.2828170002158321,-0.7308377467125612,-0.7584056541693838,-0.7011783598500821
2,1.2915436464758039,-0.7335759952399186,-0.7612411279275846,-0.7038116776247351
2,1.3002702927357754,-0.736234588523591,-0.763994092309648,-0.706368418703564
2,1.3089969389957472,-0.7388130956376807,-0.7666641034682954,-0.7088481662691285
2,1.3177235852557188,-0.7413110993111474,-0.7692507316277349,-0.7112505167047475
2,1.3264502315156905,-0.743728195929195,-0.7717535610843678,-0.7135750795965481
2,1.335176877775662,-0.74606399553479,-0.7741721902076594,-0.7158214777356139
2,1.3439035240356338,-0.7483181218302974,-0.7765062314411585,-0.7179893471202199
2,1.3526301702956054,-0.7504902121792116,-0.7787553113036421,-0.7200783369581323
2,1.361356816555577,-0.7525799176079685,-0.7809190703903689,-0.7220881096689612
2,1.3700834628155487,-0.754586902807819,-0.7829971633744245,-0.7240183408865469
2,1.3788101090755203,-0.75651084613675,-0.7849892590081395,-0.7258687194613656
2,1.387536755335492,-0.7583514396214368,-0.7868950401245669,-0.7276389474629418
2,1.3962634015954636,-0.7601083889592131,-0.7887142036390009,-0.7293287401822521
2,1.4049900478554354,-0.7617814135200448,-0.7904464605505273,-0.7309378261341093
2,1.413716694115407,-0.7633702463484939,-0.7920915359435851,-0.7324659470595111
2,1.4224433403753787,-0.7648746341656629,-0.7936491689895339,-0.7339128579279478
2,1.4311699866353502,-0.7662943373711041,-0.7951191129482097,-0.7352783269396526
2,1.4398966328953218,-0.7676291300446861,-0.7965011351694594,-0.7365621355277855
2,1.4486232791552935,-0.7688787999484086,-0.797795017094644,-0.7377640783605462
2,1.457349925415265,-0.7700431485281497,-0.799000554258099,-0.7388839633431983
2,1.4660765716752369,-0.7711219909153448,-0.8001175562885446,-0.7399216116200035
2,1.4748032179352084,-0.772115155928583,-0.8011458469104344,-0.7408768575760565
2,1.4835298641951802,-0.7730224860751161,-0.8020852639452368,-0.7417495488390101
2,1.4922565104551517,-0.7738438375522722,-0.8029356593126409,-0.742539546280688
2,1.5009831567151235,-0.7745790802487673,-0.8036968990316794,-0.7432467240185773
2,1.509709802975095,-0.7752280977459113,-0.804368863221764,-0.7438709694171951
2,1.5184364492350666,-0.7757907873186981,-0.8049514461036258,-0.7444121830893243
2,1.5271630954950384,-0.7762670599367814,-0.8054445560001563,-0.744870278897115
2,1.53588974175501,-0.7766568402653264,-0.8058481153371463,-0.7452451839530452
2,1.5446163880149817,-0.7769600666657386,-0.8061620606439165,-0.7455368386207428
2,1.5533430342749532,-0.7771766911962624,-0.8063863425538389,-0.7457451965156587
2,1.562069680534925,-0.7773066796124501,-0.8065209258047426,-0.7458702245055939
2,1.5707963267948966,-0.7773500113674984,-0.8065657892392081,-0.7459119027110774
4,0.0,0.0,0.0,0.0
4,0.0001,-6.92066163265892e-08,-7.047941850413242e-08,-6.782359619483813e-08
4,0.00012046715125649921,-9.864379701962633e-08,-1.0045654221524369e-07,-9.66739702706887e-08
4,0.00014512334531856244,-1.4055578712035555e-07,-1.4313659889020335e-07,-1.3775116554093357e-07
4,0.00017482595991340425,-2.002069378059801e-07,-2.038798752962423e-07,-1.9621522608925802e-07
4,0.00021060785356450738,-2.8507248461817625e-07,-2.9029767078248005e-07,-2.7939342676086556e-07
4,0.0002537132815116212,-4.0576191773222803e-07,-4.131923536959681e-07,-3.976854985876521e-07
4,0.00030564116259643235,-5.773254967422758e-07,-5.878874380998988e-07,-5.658444994866007e-07
4,0.0003681972016471668,-8.211016817583072e-07,-8.361082860092184e-07,-8.047880400652296e-07
4,0.0004435566798304894,-1.1673276193446824e-06,-1.1886395137106208e-06,-1.1441576967807787e-06
4,0.0005343400963997016,-1.6588251519067398e-06,-1.6890771334182598e-06,-1.6259330287621276e-06
4,0.0006437042921539515,-2.356201455389062e-06,-2.3991223067759693e-06,-2.3095308326670504e-06
4,0.0007754522232736782,-3.345180684122262e-06,-3.4060439868310865e-06,-3.278994141223124e-06
4,0.000934165202732988,-4.746930884369505e-06,-4.833189922251457e-06,-4.653118629363573e-06
4,0.0011253622077619311,-6.732596486647147e-06,-6.85477759627684e-06,-6.599703578563654e-06
4,0.001355691793008043,-9.543729097782894e-06,-9.71668741800713e-06,-9.35558780431056e-06
4,0.0016331632828549452,-1.352098060414253e-05,-1.3765663397144467e-05,-1.3254789624633778e-05
4,0.001967425282222473,-1.914435509708934e-05,-1.9490275008929303e-05,-1.8767984920955993e-05
4,0.0023701011905935526,-2.708960875841271e-05,-2.757830869501432e-05,-2.655782587269451e-05
4,0.0028551933862044237,-3.830717487407487e-05,-3.8997075800556444e-05,-3.75563577671878e-05
4,0.0034395701352244444,-5.413245827112778e-05,-5.510563250524514e-05,-5.3073212928986256e-05
4,0.004143552157374201,-7.643973863002973e-05,-7.78113592522417e-05,-7.494659375331947e-05
4,0.004991619244815915,-0.00010785658020096012,-0.00010978808259779483,-0.0001057536302505796
4,0.006013261505800906,-0.000152062014865173,-0.00015477939650228867,-0.00014910295212071934
4,0.007244004833642019,-0.00021420044165942898,-0.0002180196574118276,-0.00021004083674785456
4,0.008726646259971648,-0.00030145495298261604,-0.0003068170836250772,-0.00029561385395137084
4,0.017453292519943295,-0.0010658433793984123,-0.00108460530482265,-0.0010453891978045166
4,0.026179938779914945,-0.002213866348127258,-0.0022525452596156596,-0.0021716745188294804
4,0.03490658503988659,-0.0037032343703820025,-0.0037675205605785882,-0.0036330569811694803
4,0.04363323129985824,-0.005504360648715068,-0.005599380292851985,-0.0054005615338464956
4,0.05235987755982989,-0.007594380371592102,-0.007724825083608907,-0.007451815898236014
4,0.061086523819801536,-0.009954616957190243,-0.010124823362882531,-0.00976855279019603
4,0.06981317007977318,-0.012569259166870128,-0.012783264773833703,-0.012335264243837773
4,0.07853981633974483,-0.015424580604621041,-0.015686164562604823,-0.015138507448016772
4,0.08726646259971647,-0.018508439931671394,-0.018821154106387603,-0.018166387015458606
4,0.09599310885968812,-0.021809941333919447,-0.02217713479164391,-0.021408228009088683
4,0.10471975511965978,-0.025319193264007445,-0.025744032067418023,-0.024854338320751845
4,0.11344640137963143,-0.029027130848433003,-0.029512614395584703,-0.028495834776543896
4,0.12217304763960307,-0.032925381372097995,-0.03347435611262122,-0.032324511469946936
4,0.1308996938995747,-0.03700615996028567,-0.037621331073937336,-0.036332737656639025
4,0.13962634015954636,-0.04126218706065765,-0.04194612852096807,-0.040513376990032136
4,0.14835298641951802,-0.04568662205862151,-0.04644178539476193,-0.04485972255000652
4,0.15707963267948966,-0.05027300908886223,-0.05110173108266486,-0.049365443810433986
4,0.16580627893946132,-0.055015232237968004,-0.055919741738710116,-0.05402454279944469
4,0.17453292519943295,-0.059907478095626576,-0.0608899020956202,-0.05883131745289301
4,0.1832595714594046,-0.06494420413838042,-0.06600657322303316,-0.06378033067695599
4,0.19198621771937624,-0.07012011180155131,-0.07126436506535647,-0.06886638399956864
4,0.2007128639793479,-0.07543012336229937,-0.07665811286520076,-0.07408443440789733
4,0.20943951023931956,-0.08086936195255878,-0.08218285677790578,-0.07942967432946986
4,0.2181661564992912,-0.08643313416614895,-0.08783382413104268,-0.08489756415491158
4,0.22689280275926285,-0.09211691483414075,-0.0936064138946914,-0.0904836617855829
4,0.23561944901923448,-0.09791633362639252,-0.09949618301375175,-0.09618380377272619
4,0.24434609527920614,-0.1038271632019816,-0.10549883431961317,-0.10199378112484607
4,0.2530727415391778,-0.10984530868186093,-0.11161020579008936,-0.1079095205949463
4,0.2617993877991494,-0.11596679825698653,-0.11782626096722652,-0.11392712131765222
4,0.27052603405912107,-0.12218777477693976,-0.12414308037497739,-0.1200427945576514
4,0.2792526803190927,-0.12850448818957372,-0.1305568538047442,-0.12625285631676617
4,0.2879793265790644,-0.13491328872284536,-0.13706387335781564,-0.1325537206672161
4,0.29670597283903605,-0.14141062071679678,-0.14366052715086947,-0.1389418937209994
4,0.30543261909900765,-0.1479930170274537,-0.15034329360476378,-0.14541396815882512
4,0.3141592653589793,-0.15465709393578386,-0.157108736248455,-0.15196661825316568
4,0.32288591161895097,-0.16139954650431942,-0.1639534989795146,-0.15859659532926243
4,0.33161255787892263,-0.16821714433193735,-0.17087430173076995,-0.16530072361563886
4,0.34033920413889424,-0.17510672766393298,-0.17786793649935173,-0.17207589644216673
4,0.3490658503988659,-0.18206520382009517,-0.18493126370013316,-0.17891907274920657
4,0.35779249665883756,-0.1890895439082585,-0.19206120881037983,-0.18582727387597753
4,0.3665191429188092,-0.19617677979481452,-0.19925475927654335,-0.19279758060027133
4,0.3752457891787809,-0.20332400130714134,-0.20650896165765154,-0.19982713040499175
4,0.3839724354387525,-0.2105283536458541,-0.21382091898276448,-0.20691311494991105
4,0.39269908169872414,-0.21778703498734664,-0.22118778830257757,-0.2140527777295186
4,0.4014257279586958,-0.22509729425927716,-0.22860677841748478,-0.22124341190001434
4,0.41015237421866746,-0.23245642907360253,-0.23607514776639169,-0.2284823582603549
4,0.4188790204786391,-0.2398617838033954,-0.24359020246224378,-0.23576700337390744
4,0.4276056667386107,-0.24731074779115592,-0.25114929446173895,-0.24309477781867855
4,0.4363323129985824,-0.2548007536775998,-0.25874981985797996,-0.2504631545553424
4,0.44505895925855404,-0.26232927584102195,-0.2663892172859707,-0.25786964740338014
4,0.4537856055185257,-0.2698938289383235,-0.27406496643186573,-0.26531180961661543
4,0.4625122517784973,-0.277491966539656,-0.2817745866377684,-0.27278720005811424
4,0.47123889803846897,-0.28512127984941926,-0.2895156355946586,-0.2802934631257592
4,0.4799655442984406,-0.2927793965070137,-0.29728570811673116,-0.2878282775102057
4,0.4886921905584123,-0.30046397946138137,-0.3050824349910474,-0.29538934172581255
4,0.49741883681838395,-0.3081727259138872,-0.3129034818969488,-0.30297438783936625
4,0.5061454830783556,-0.3159033663245958,-0.3207465483901854,-0.31058118050037004
4,0.5148721293383273,-0.3236536634774225,-0.3286093669471444,-0.31820751602887903
4,0.5235987755982988,-0.33142141160002814,-0.3364897020649691,-0.32585122155684154
4,0.5323254218582705,-0.33920443553468127,-0.344385349413711,-0.33351015421925023
4,0.5410520681182421,-0.34700058995661853,-0.35229413503697693,-0.34118211865364584
4,0.5497787143782138,-0.35480775863672454,-0.36021391459782937,-0.34886490403684073
4,0.5585053606381855,-0.362623853745605,-0.36814257266695044,-0.3565566526957844
4,0.5672320068981571,-0.370446815196363,-0.376078022050328,-0.3642553347720399
4,0.5759586531581288,-0.3782746100235922,-0.3840182031539239,-0.3719589470059527
4,0.5846852994181004,-0.3861052317962983,-0.3919610833829923,-0.379665512164132
4,0.5934119456780721,-0.3939367000626336,-0.3999046565738841,-0.3873730784980176
4,0.6021385919380436,-0.40176705982447725,-0.40784694245633735,-0.39507971923161805
4,0.6108652381980153,-0.40959438104005697,-0.41578598614440276,-0.40278353207664475
4,0.619591884457987,-0.4174167581529191,-0.423719857654286,-0.4104826387733966
4,0.6283185307179586,-0.4252323096456897,-0.4316466514475094,-0.41817518465586234
4,0.6370451769779303,-0.4330391776171719,-0.43956448599791414,-0.4258593382396281
4,0.6457718232379019,-0.44083552738142867,-0.44747150338111846,-0.43353329083125786
4,0.6544984694978736,-0.44861954708759083,-0.4553658688851513,-0.44119525615792643
4,0.6632251157578453,-0.4563894473592172,-0.4632457706410606,-0.44884347001614816
4,0.6719517620178169,-0.4641434609521126,-0.4711094192723784,-0.4564761899385378
4,0.6806784082777885,-0.47187984242957914,-0.4789550475624001,-0.4640916948775967
4,0.6894050545377601,-0.4795968678541454,-0.4867809101383,-0.4716882849055966
4,0.6981317007977318,-0.4872928344948771,-0.4945852831711685,-0.4792642809296766
4,0.7068583470577035,-0.4949660605494342,-0.5023664640911193,-0.4868180244213445
4,0.7155849933176751,-0.5026148848800842,-0.5101227713166586,-0.49434787715960454
4,0.7243116395776468,-0.51023766676294,-0.517852543997571,-0.5018522209869999
4,0.7330382858376184,-0.5178327856497245,-0.5255541417706069,-0.5093294575778845
4,0.7417649320975901,-0.525398640941418,-0.5332259445273178,-0.5167780082182982
4,0.7504915783575618,-0.5329336517731722,-0.5408663521934061,-0.5241963135968393
4,0.7592182246175333,-0.5404362568099177,-0.5484737845190084,-0.5315828336059785
4,0.767944870877505,-0.5479049140521246,-0.5560466808793562,-0.5389360471532803
4,0.7766715171374766,-0.5553381006512026,-0.563583500085293,-0.5462544519820356
4,0.7853981633974483,-0.5627343127340627,-0.5710827202031594,-0.5535365645008361
4,0.7941248096574199,-0.5700920652363839,-0.5785428383835769,-0.5607809196216417
4,0.8028514559173916,-0.5774098917441581,-0.5859623706986995,-0.5679860706059289
4,0.8115781021773633,-0.5846863443431054,-0.5933398519875108,-0.5751505889185166
4,0.8203047484373349,-0.5919199934755808,-0.6006738357087865,-0.5822730640887024
4,0.8290313946973066,-0.5991094278046056,-0.6079628938013402,-0.5893521035783494
4,0.8377580409572782,-0.6062532540846833,-0.6152056165512116,-0.5963863326565911
4,0.8464846872172498,-0.6133500970390757,-0.6224006124654616,-0.6033743942808375
4,0.8552113334772214,-0.6203985992432284,-0.6295465081522595,-0.6103149489837801
4,0.8639379797371931,-0.6273974210140552,-0.6366419482069651,-0.6172066747661101
4,0.8726646259971648,-0.634345240304808,-0.6436855951039228,-0.6240482669946812
4,0.8813912722571364,-0.6412407526052631,-0.6506761290937009,-0.630838438305861
4,0.8901179185171081,-0.6480826708469796,-0.6576122481055163,-0.6375759185138209
4,0.8988445647770797,-0.6548697253133886,-0.6644926676546095,-0.6442594545235415
4,0.9075712110370514,-0.6616006635544927,-0.6713161207543326,-0.650887810248307
4,0.9162978572970231,-0.6682742503059553,-0.6780813578327365,-0.6574597665314806
4,0.9250245035569946,-0.6748892674123825,-0.6847871466534463,-0.6639741210723634
4,0.9337511498169663,-0.6814445137545964,-0.6914322722406266,-0.6704296883559443
4,0.9424777960769379,-0.6879388051807198,-0.6980155368078494,-0.6768252995863618
4,0.9512044423369096,-0.6943709744408949,-0.7045357596906824,-0.6831598026239057
4,0.9599310885968813,-0.7007398711254668,-0.7109917772828277,-0.6894320619253934
4,0.9686577348568529,-0.7070443616064723,-0.7173824429756476,-0.6956409584877649
4,0.9773843811168246,-0.713283328982282,-0.7237066271009179,-0.701785389794747
4,0.9861110273767962,-0.7194556730252483,-0.7299632168766661,-0.7078642697664459
4,0.9948376736367679,-0.725560310132221,-0.7361511163559448,-0.7138765287117276
4,1.0035643198967394,-0.7315961732777979,-0.7422692463784105,-0.7198211132832618
4,1.0122909661567112,-0.7375622119701828,-0.748316544524576,-0.7256969864351032
4,1.0210176124166828,-0.743457392209527,-0.7542919650726082,-0.7315031273826851
4,1.0297442586766545,-0.749280696448646,-0.7601944789575631,-0.7372385315651272
4,1.038470904936626,-0.755031123555989,-0.7660230737329317,-0.7429022106097305
4,1.0471975511965976,-0.7607076887807658,-0.7717767535343985,-0.7484931922985709
4,1.0559241974565694,-0.7663094237201219,-0.7774545390457035,-0.7540105205370826
4,1.064650843716541,-0.7718353762882681,-0.7830554674665099,-0.7594532553245406
4,1.0733774899765127,-0.7772846106874725,-0.7885785924821835,-0.7648204727263519
4,1.0821041362364843,-0.7826562073808202,-0.7940229842353884,-0.7701112648480637
4,1.090830782496456,-0.7879492630666636,-0.7993877292994194,-0.7753247398110114
4,1.0995574287564276,-0.7931628906546728,-0.8046719306531783,-0.7804600217295203
4,1.1082840750163994,-0.7982962192434147,-0.8098747076577214,-0.7855162506895907
4,1.117010721276371,-0.8033483940993802,-0.8149951960342977,-0.7904925827289854
4,1.1257373675363425,-0.8083185766373924,-0.8200325478438047,-0.7953881898186569
4,1.1344640137963142,-0.8132059444023229,-0.8249859314675934,-0.8002022598454424
4,1.1431906600562858,-0.8180096910520499,-0.8298545315895488,-0.8049339965959602
4,1.1519173063162575,-0.8227290263415987,-0.8346375491793906,-0.809582619741652
4,1.160643952576229,-0.827363176108399,-0.8393342014771218,-0.814147364824904
4,1.1693705988362009,-0.8319113822586017,-0.8439437219785727,-0.8186274832461946
4,1.1780972450961724,-0.8363729027544016,-0.8484653604219787,-0.8230222422522128
4,1.1868238913561442,-0.8407470116023091,-0.8528983827755403,-0.8273309249248934
4,1.1955505376161157,-0.8450329988423205,-0.8572420712259081,-0.8315528301713191
4,1.2042771838760873,-0.8492301705379369,-0.8614957241675483,-0.835687272714443
4,1.213003830136059,-0.8533378487669862,-0.8656586561929331,-0.8397335830845822
4,1.2217304763960306,-0.8573553716131984,-0.8697301980835166,-0.84369110761164
4,1.2304571226560024,-0.8612820931584957,-0.8737096968014444,-0.8475592084180121
4,1.239183768915974,-0.8651173834759496,-0.8775965154819597,-0.8513372634121373
4,1.2479104151759457,-0.8688606286233713,-0.8813900334264627,-0.8550246662826547
4,1.2566370614359172,-0.87251123063749,-0.8850896460961825,-0.858620826493125
4,1.265363707695889,-0.8760686075286884,-0.888694765106426,-0.8621251692772844
4,1.2740903539558606,-0.8795321932762538,-0.8922048182213658,-0.8655371356347944
4,1.2828170002158321,-0.882901437824117,-0.8956192493493337,-0.8688561823274545
4,1.2915436464758039,-0.8861758070770409,-0.898937518538586,-0.8720817818758463
4,1.3002702927357754,-0.8893547828972315,-0.902159101973507,-0.8752134225563767
4,1.3089969389957472,-0.8924378631013394,-0.9052834919712252,-0.8782506083986953
4,1.3177235852557188,-0.8954245614578231,-0.9083101969786047,-0.8811928591834526
4,1.3264502315156905,-0.8983144076846491,-0.9112387415695944,-0.8840397104403765
4,1.335176877775662,-0.9011069474472988,-0.9140686664428979,-0.8867907134466401
4,1.3439035240356338,-0.9038017423570617,-0.9167995284199462,-0.889445435225495
4,1.3526301702956054,-0.9063983699695864,-0.9194309004431452,-0.8920034585451504
4,1.361356816555577,-0.9088964237836715,-0.9219623715743759,-0.8944643819178708
4,1.3700834628155487,-0.9112955132402701,-0.9243935469937239,-0.896827819599277
4,1.3788101090755203,-0.9135952637216908,-0.9267240479984201,-0.8990934015878242
4,1.387536755335492,-0.9157953165509735,-0.9289535120019685,-0.9012607736244432
4,1.3962634015954636,-0.9178953289914228,-0.9310815925334456,-0.9033295971923226
4,1.4049900478554354,-0.9198949742462804,-0.9331079592369521,-0.9052995495168188
4,1.413716694115407,-0.9217939414585191,-0.9350322978711981,-0.9071703235654712
4,1.4224433403753787,-0.9235919357107455,-0.9368543103092091,-0.9089416280481157
4,1.4311699866353502,-0.9252886780251923,-0.9385737145381344,-0.9106131874170733
4,1.4398966328953218,-0.9268839053637894,-0.9401902446591456,-0.9121847418674064
4,1.4486232791552935,-0.9283773706283003,-0.9417036508874105,-0.9136560473372263
4,1.457349925415265,-0.929768842660509,-0.9431136995521305,-0.9150268755080422
4,1.4660765716752369,-0.9310581062424484,-0.9444201730966294,-0.9162970138051372
4,1.4748032179352084,-0.9322449620966595,-0.9456228700784824,-0.9174662653979664
4,1.4835298641951802,-0.933329226886469,-0.9467216051696768,-0.91853444920056
4,1.4922565104551517,-0.9343107332162784,-0.9477162091567917,-0.9195013998719291
4,1.5009831567151235,-0.9351893296318566,-0.9486065289411918,-0.9203669678164624
4,1.509709802975095,-0.9359648806206263,-0.9493924275392263,-0.9211310191843076
4,1.5184364492350666,-0.9366372666119382,-0.9500737840824236,-0.9217934358717298
4,1.5271630954950384,-0.9372063839773288,-0.9506504938176796,-0.9223541155214426
4,1.53588974175501,-0.937672145030752,-0.9511224681074306,-0.9228129715229045
4,1.5446163880149817,-0.9380344780287863,-0.9514896344298083,-0.9231699330125787
4,1.5533430342749532,-0.9382933271708069,-0.9517519363787723,-0.92342494487415
4,1.562069680534925,-0.9384486525991237,-0.9519093336642156,-0.9235779677386967
4,1.5707963267948966,-0.938500430399082,-0.9519618021120424,-0.9236289779848156
6,0.0,0.0,0.0,0.0
6,0.0001,-7.333553431188022e-08,-7.398290531590579e-08,-7.256587372383994e-08
6,0.00012046715125649921,-1.0452418353068538e-07,-1.054460702393234e-07,-1.0342814018016177e-07
6,0.00014512334531856244,-1.489275887056607e-07,-1.5023992019913557e-07,-1.4736732495135295e-07
6,0.00017482595991340425,-2.1212125989045205e-07,-2.1398869292088564e-07,-2.09900998821011e-07
6,0.00021060785356450738,-3.020217369531508e-07,-3.046780265858473e-07,-2.9886354192265594e-07
6,0.0002537132815116212,-4.2986406467715454e-07,-4.3364089637731864e-07,-4.253735511022816e-07
6,0.00030564116259643235,-6.11584723642089e-07,-6.169524984639407e-07,-6.052025640468362e-07
6,0.0003681972016471668,-8.697769409149458e-07,-8.774024249008639e-07,-8.607103069796507e-07
6,0.0004435566798304894,-1.2364533249487053e-06,-1.247281085176022e-06,-1.2235790502107546e-06
6,0.0005343400963997016,-1.7569463073296987e-06,-1.7723136545022555e-06,-1.7386741939157123e-06
6,0.0006437042921539515,-2.495410697189726e-06,-2.517209800584341e-06,-2.469490726153545e-06
6,0.0007754522232736782,-3.542580042981136e-06,-3.5734863792769023e-06,-3.505830690347933e-06
6,0.000934165202732988,-5.02669039637027e-06,-5.0704843916116186e-06,-4.974616111047548e-06
6,0.0011253622077619311,-7.128850663784547e-06,-7.190870114223702e-06,-7.05510379508667e-06
6,0.001355691793008043,-1.010464823614221e-05,-1.0192424047500425e-05,-1.0000272923280095e-05
6,0.0016331632828549452,-1.4314487439270884e-05,-1.4438635996716354e-05,-1.4166858240938219e-05
6,0.001967425282222473,-2.026614269801108e-05,-2.04416170325461e-05,-2.005747643339939e-05
6,0.0023701011905935526,-2.8674372495762768e-05,-2.89222143462331e-05,-2.8379644237852553e-05
6,0.0028551933862044237,-4.0544326513236584e-05,-4.089411658201037e-05,-4.012835500589451e-05
6,0.0034395701352244444,-5.728808023230947e-05,-5.778135998860678e-05,-5.670145748800093e-05
6,0.004143552157374201,-8.088721041010771e-05,-8.158225334229108e-05,-8.00606258339609e-05
6,0.004991619244815915,-0.0001141192332285712,-0.00011509768667327946,-0.00011295557214229812
6,0.006013261505800906,-0.00016087243528906114,-0.00016224854952142376,-0.0001592357989658122
6,0.007244004833642019,-0.00022658276053399984,-0.00022851618774437366,-0.00022428323826503005
6,0.008726646259971648,-0.00031883879501792833,-0.00032155230086069466,-0.00031561139006807125
6,0.017453292519943295,-0.0011266569772583335,-0.0011361360856737336,-0.001115381190210596
6,0.026179938779914945,-0.0023392197083478283,-0.002358738563338064,-0.002315999033335156
6,0.03490658503988659,-0.003911611352573674,-0.003944030366479756,-0.0038730409579006975
6,0.04363323129985824,-0.0058124132919975535,-0.005860304441420314,-0.005755431137934128
6,0.05235987755982989,-0.008017350143266877,-0.008083063438204127,-0.007939158002893697
6,0.061086523819801536,-0.010506597837836917,-0.010592302848086734,-0.010404611956585083
6,0.06981317007977318,-0.013263378088882893,-0.013371092434520624,-0.013135195333808167
6,0.07853981633974483,-0.016273129081707305,-0.016404738668729053,-0.01611650224025135
6,0.08726646259971647,-0.01952297439895556,-0.01968025020412777,-0.01933579334420819
6,0.09599310885968812,-0.023001362204662312,-0.02318597238495635,-0.022781639051950624
6,0.10471975511965978,-0.026697808842259585,-0.02691132883949795,-0.02644366594639635
6,0.11344640137963143,-0.030602710077128004,-0.030846630959317375,-0.03031237012437547
6,0.12217304763960307,-0.034707198110944026,-0.03498293357545662,-0.03437897580057825
6,0.1308996938995747,-0.03900303068352806,-0.03931192302042901,-0.03863532564462191
6,0.13962634015954636,-0.043482503340232403,-0.043825828571297416,-0.04307379402758515
6,0.14835298641951802,-0.048138378844092666,-0.04851735119718761,-0.04768721722361153
6,0.15707963267948966,-0.05296382954938872,-0.05337960538906136,-0.052468836429376595
6,0.16580627893946132,-0.057952389756106504,-0.05840607106352918,-0.05741225065378797
6,0.17453292519943295,-0.06309791587493829,-0.06359055335019391,-0.06251137733153582
6,0.1832595714594046,-0.06839455279191342,-0.06892714863661797,-0.06776041906737539
6,0.19198621771937624,-0.07383670521655672,-0.07441021564350107,-0.07315383530848735
6,0.2007128639793479,-0.07941901308157706,-0.08003435058939064,-0.07868631802322752
6,0.20943951023931956,-0.08513633027009315,-0.08579436571418143,-0.08435277067029133
6,0.2181661564992912,-0.09098370610106876,-0.09168527058677291,-0.0901482898952735
6,0.22689280275926285,-0.09695636912028571,-0.09770225573997948,-0.09606814950696632
6,0.23561944901923448,-0.10304971283327369,-0.10384067826571976,-0.10210778637385655
6,0.24434609527920614,-0.10925928308547572,-0.11009604907300824,-0.10826278794936987
6,0.2530727415391778,-0.11558076684870278,-0.11646402156554726,-0.11452888118759949
6,0.2617993877991494,-0.12200998221537196,-0.12294038153855043,-0.12090192265321423
6,0.27052603405912107,-0.12854286943576643,-0.1295210381284945,-0.12737788966262895
6,0.2792526803190927,-0.13517548286067826,-0.13620201567686996,-0.1339528723203298
6,0.2879793265790644,-0.14190398367372214,-0.14297944639112176,-0.14062306633592855
6,0.29670597283903605,-0.14872463331545838,-0.14984956370401176,-0.14738476652519125
6,0.30543261909900765,-0.15563378751614865,-0.15680869624742777,-0.15423436091277645
6,0.3141592653589793,-0.16262789086604035,-0.16385326236887954,-0.16116832536639789
6,0.32288591161895097,-0.1697034718621525,-0.17097976512906327,-0.16818321870204625
6,0.33161255787892263,-0.1768571383789096,-0.17818478772735696,-0.1752756782082258
6,0.34033920413889424,-0.18408557351703192,-0.18546498930921118,-0.18244241554411314
6,0.3490658503988659,-0.19138553179102158,-0.19281710111541178,-0.18968021297243748
6,0.35779249665883756,-0.19875383562064153,-0.20023792293827056,-0.1969859198928556
6,0.3665191429188092,-0.20618737209605909,-0.20772431985413423,-0.2043564496458454
6,0.3752457891787809,-0.21368308999000396,-0.21527321920530934,-0.21178877656076495
6,0.3839724354387525,-0.22123799699343816,-0.2228816078076707,-0.2192799332248417
6,0.39269908169872414,-0.22884915715394916,-0.23054652936297126,-0.226827007952539
6,0.4014257279586958,-0.23651368849842314,-0.2382650820572306,-0.23442714243706245
6,0.41015237421866746,-0.2442287608235908,-0.24603441632864267,-0.24207752956779155
6,0.4188790204786391,-0.2519915936398157,-0.25385173279022416,-0.2497754113991692
6,0.4276056667386107,-0.2597994542550376,-0.2617142802939994,-0.25751807725810766
6,0.4363323129985824,-0.26764965598714185,-0.26961935412487226,-0.2653028619783242
6,0.44505895925855404,-0.2755395564942166,-0.27756429431355195,-0.2731271442511797
6,0.4537856055185257,-0.2834665562132084,-0.2855464840589467,-0.28098834508364606
6,0.4625122517784973,-0.291428096898414,-0.29356334825138336,-0.28888392635493493
6,0.47123889803846897,-0.2994216602520642,-0.3016123520888323,-0.29681138946413393
6,0.4799655442984406,-0.3074447666399853,-0.3096909997790566,-0.3047682740619155
6,0.4886921905584123,-0.31549497388597203,-0.317796833321257,-0.3127521568600261
6,0.49741883681838395,-0.32356987613907773,-0.3259274313613605,-0.3207606505128302
6,0.5061454830783556,-0.3316671028085506,-0.33408040811563333,-0.32879140256569467
6,0.5148721293383273,-0.3397843175616,-0.3422534123577537,-0.33684209446545776
6,0.5235987755982988,-0.3479192173795954,-0.3504441264649015,-0.34491044062863313
6,0.5323254218582705,-0.3560695316686677,-0.3586502655188013,-0.3529941875633664
6,0.5410520681182421,-0.364233021421025,-0.36686957645798685,-0.36109111304149943
6,0.5497787143782138,-0.3724074784235869,-0.375099837277866,-0.36919902531738613
6,0.5585053606381855,-0.38059072451082643,-0.38333886162536734,-0.3773157623903846
6,0.5672320068981571,-0.3887806108589442,-0.3915845852226662,-0.3854391913081839
6,0.5759586531581288,-0.3969750173187334,-0.3998347741810986,-0.39356720750835433
6,0.5846852994181004,-0.4051718517846892,-0.4080873234958565,-0.4016977341957054
6,0.5934119456780721,-0.4133690495981084,-0.4163401558342739,-0.4098287217532218
6,0.6021385919380436,-0.42156457298208605,-0.42459122096460905,-0.4179581471845099
6,0.6108652381980153,-0.4297564105064793,-0.43283849521509915,-0.4260840135858464
6,0.619591884457987,-0.43794257658103797,-0.441079980961463,-0.4342043496460506
6,0.6283185307179586,-0.44612111097503515,-0.4493137061411801,-0.44231720917253553
6,0.6370451769779303,-0.4542900783618551,-0.45753772379297514,-0.4504206706420075
6,0.6457718232379019,-0.46244756788708574,-0.46575011162004937,-0.4585128367743857
6,0.6544984694978736,-0.47059169275878143,-0.47394897157571075,-0.46659183412861815
6,0.6632251157578453,-0.47872058985864085,-0.48213242947012985,-0.4746558127191561
6,0.6719517620178169,-0.4868324193729309,-0.4902986345970478,-0.48270294565192967
6,0.6806784082777885,-0.49492536444206364,-0.4984457593793285,-0.49073142877874903
6,0.6894050545377601,-0.5029976308278111,-0.5065719990323292,-0.4987394803691226
6,0.6981317007977318,-0.5110474465971961,-0.5146755712441202,-0.5067253407985444
6,0.7068583470577035,-0.5190730618221674,-0.5227547158716546,-0.514687272252372
6,0.7155849933176751,-0.5270727482942226,-0.5308076946520374,-0.5226235584444631
6,0.7243116395776468,-0.5350447992531895,-0.5388327909281025,-0.5305325043497955
6,0.7330382858376184,-0.5429875291294257,-0.5468283093875481,-0.5384124359503377
6,0.7417649320975901,-0.5508992732987488,-0.5547925758149338,-0.5462616999934877
6,0.7504915783575618,-0.5587783878494355,-0.5627239368558764,-0.5540786637624341
6,0.7592182246175333,-0.5666232493606844,-0.5706207597928257,-0.5618617148578308
6,0.767944870877505,-0.5744322546919569,-0.5784814323318369,-0.5696092609902166
6,0.7766715171374766,-0.5822038207826565,-0.5863043623997874,-0.5773197297826393
6,0.7853981633974483,-0.5899363844616278,-0.5940879779515196,-0.5849915685829784
6,0.7941248096574199,-0.5976284022659943,-0.60183072678642,-0.5926232442854837
6,0.8028514559173916,-0.6052783502688763,-0.6095310763739731,-0.6002132431610834
6,0.8115781021773633,-0.6128847239155508,-0.6171875136878487,-0.6077600706960256
6,0.8203047484373349,-0.6204460378676533,-0.6247985450481156,-0.6152622514384578
6,0.8290313946973066,-0.6279608258550262,-0.6323626959711846,-0.6227183288525566
6,0.8377580409572782,-0.6354276405348532,-0.6398785110271151,-0.6301268651798454
6,0.8464846872172498,-0.642845053357728,-0.6473445537039341,-0.6374864413073615
6,0.8552113334772214,-0.6502116544403325,-0.6547594062786307,-0.6447956566423437
6,0.8639379797371931,-0.657526052444409,-0.6621216696945187,-0.6520531289931324
6,0.8726646259971648,-0.6647868744617336,-0.669429963444662,-0.6592574944559931
6,0.8813912722571364,-0.6719927659048082,-0.676682925461083,-0.6664074073075833
6,0.8901179185171081,-0.6791423904030041,-0.683879212009482,-0.673501539902799
6,0.8988445647770797,-0.6862344297039051,-0.6910174975892132,-0.6805385825777517
6,0.9075712110370514,-0.693267583579608,-0.6980964748382732,-0.6875172435576382
6,0.9162978572970231,-0.7002405697377512,-0.7051148544430713,-0.6944362488692737
6,0.9250245035569946,-0.707152123737055,-0.7120713650527593,-0.7012943422580789
6,0.9337511498169663,-0.7140009989071638,-0.7189647531979131,-0.7080902851093084
6,0.9424777960769379,-0.7207859662725944,-0.7257937832133677,-0.7148228563733303
6,0.9512044423369096,-0.7275058144805987,-0.7325572371650084,-0.7214908524947706
6,0.9599310885968813,-0.7341593497327672,-0.7392539147803466,-0.7280930873453421
6,0.9686577348568529,-0.7407453957201953,-0.7458826333827004,-0.7346283921601907
6,0.9773843811168246,-0.7472627935620529,-0.7524422278288145,-0.7410956154775985
6,0.9861110273767962,-0.7537104017474019,-0.7589315504497688,-0.7474936230818869
6,0.9948376736367679,-0.7600870960801089,-0.7653494709950163,-0.753821297949376
6,1.0035643198967394,-0.7663917696267153,-0.7716948765794125,-0.7600775401972549
6,1.0122909661567112,-0.7726233326671271,-0.777966671633101,-0.7662612670352377
6,1.0210176124166828,-0.7787807126479915,-0.784163777854112,-0.7723714127198628
6,1.0297442586766545,-0.7848628541386441,-0.7902851341635686,-0.7784069285113308
6,1.038470904936626,-0.790868718789498,-0.7963296966633592,-0.7843667826327448
6,1.0471975511965976,-0.7967972852927708,-0.8022964385961778,-0.7902499602316587
6,1.0559241974565694,-0.8026475493454321,-0.8081843503078139,-0.7960554633438113
6,1.064650843716541,-0.8084185236142746,-0.8139924392115883,-0.8017823108589526
6,1.0733774899765127,-0.8141092377030061,-0.819719729754838,-0.8074295384886627
6,1.0821041362364843,-0.8197187381212653,-0.8253652633873476,-0.8129961987360641
6,1.090830782496456,-0.8252460882554744,-0.830928098531641,-0.8184813608673441
6,1.0995574287564276,-0.8306903683414366,-0.8364073105550395,-0.8238841108849947
6,1.1082840750163994,-0.836050675438599,-0.8418019917434086,-0.8292035515026924
6,1.117010721276371,-0.8413261234058944,-0.8471112512765023,-0.8344388021217336
6,1.1257373675363425,-0.8465158428790929,-0.8523342152048381,-0.8395889988089533
6,1.1344640137963142,-0.8516189812495829,-0.85747002642802,-0.8446532942760532
6,1.1431906600562858,-0.8566347026445118,-0.8625178446744403,-0.849630857860266
6,1.1519173063162575,-0.8615621879082223,-0.8674768464822938,-0.8545208755062952
6,1.160643952576229,-0.8664006345849147,-0.8723462251818359,-0.8593225497494583
6,1.1693705988362009,-0.8711492569024741,-0.8771251908788203,-0.864035099699979
6,1.1780972450961724,-0.8758072857574039,-0.8818129704390614,-0.8686577610283631
6,1.1868238913561442,-0.8803739687008056,-0.8864088074740558,-0.8731897859518057
6,1.1955505376161157,-0.8848485699253521,-0.8909119623276135,-0.8776304432215716
6,1.2042771838760873,-0.8892303702531995,-0.8953217120634402,-0.8819790181112994
6,1.213003830136059,-0.8935186671247881,-0.8996373504536243,-0.8862348124061784
6,1.2217304763960306,-0.8977127745884828,-0.9038581879679742,-0.8903971443929478
6,1.2304571226560024,-0.9018120232910065,-0.9079835517641638,-0.8944653488506756
6,1.239183768915974,-0.9058157604686214,-0.9120127856786354,-0.8984387770422696
6,1.2479104151759457,-0.9097233499390175,-0.9159452502182229,-0.9023167967066819
6,1.2566370614359172,-0.91353417209386,-0.9197803225524461,-0.9060987920517597
6,1.265363707695889,-0.9172476238919673,-0.923517396506444,-0.9097841637477125
6,1.2740903539558606,-0.9208631188530699,-0.9271558825545024,-0.9133723289211478
6,1.2828170002158321,-0.9243800870521226,-0.9306952078141427,-0.9168627211496491
6,1.2915436464758039,-0.9277979751141301,-0.9341348160407353,-0.9202547904568531
6,1.3002702927357754,-0.931116246209455,-0.937474167622604,-0.9235480033080016
6,1.3089969389957472,-0.9343343800495761,-0.9407127395765909,-0.9267418426059292
6,1.3177235852557188,-0.9374518728832641,-0.9438500255440461,-0.9298358076874604
6,1.3264502315156905,-0.9404682374931506,-0.9468855357872207,-0.9328294143201877
6,1.335176877775662,-0.9433830031926552,-0.9498187971860258,-0.9357221946996005
6,1.3439035240356338,-0.9461957158232519,-0.9526493532351377,-0.9385136974465409
6,1.3526301702956054,-0.9489059377520425,-0.9553767640414195,-0.9412034876049591
6,1.361356816555577,-0.9515132478696171,-0.9580006063216364,-0.943791146639947
6,1.3700834628155487,-0.9540172415881778,-0.9605204734004412,-0.9462762724360249
6,1.3788101090755203,-0.9564175308399002,-0.9629359752086063,-0.9486584792956586
6,1.387536755335492,-0.9587137440755178,-0.9652467382814827,-0.9509373979379915
6,1.3962634015954636,-0.960905526263103,-0.967452405757665,-0.953112675497765
6,1.4049900478554354,-0.9629925388870316,-0.969552637377845,-0.9551839755244141
6,1.413716694115407,-0.9649744599471071,-0.971547109483831,-0.9571509779813163
6,1.4224433403753787,-0.966850983957834,-0.9734355150177241,-0.9590133792451812
6,1.4311699866353502,-0.968621821947819,-0.9752175635212252,-0.9607708921055624
6,1.4398966328953218,-0.9702867014592876,-0.9768929811350671,-0.9624232457644762
6,1.4486232791552935,-0.9718453665477029,-0.9784615105985508,-0.9639701858361169
6,1.457349925415265,-0.9732975777814702,-0.9799229112491759,-0.9654114743466503
6,1.4660765716752369,-0.9746431122417178,-0.9812769590223511,-0.9667468897340789
6,1.4748032179352084,-0.9758817635221428,-0.9825234464511755,-0.9679762268481623
6,1.4835298641951802,-0.9770133417289081,-0.9836621826662764,-0.9690992969503874
6,1.4922565104551517,-0.9780376734805846,-0.9846929933956964,-0.9701159277139729
6,1.5009831567151235,-0.9789546019081277,-0.9856157209648221,-0.9710259632239056
6,1.509709802975095,-0.9797639866548802,-0.9864302242963413,-0.971829263976995
6,1.5184364492350666,-0.9804657038765939,-0.9871363789102262,-0.9725257068819432
6,1.5271630954950384,-0.981059646241465,-0.9877340769237329,-0.9731151852594199
6,1.53588974175501,-0.9815457229301745,-0.9882232270514134,-0.9735976088421398
6,1.5446163880149817,-0.981923859635933,-0.988603754605134,-0.9739729037749363
6,1.5533430342749532,-0.9821939985645219,-0.9888756014940966,-0.974241012614828
6,1.562069680534925,-0.9823560984343284,-0.9890387262248563,-0.9744018943310718
6,1.5707963267948966,-0.9824101344763733,-0.9890931039013404,-0.9744555243052053
8,0.0,0.0,0.0,0.0
8,0.0001,-7.431836479554477e-08,-7.473763127263667e-08,-7.374722909569976e-08
8,0.00012046715125649921,-1.0592380328411366e-07,-1.0652084236617565e-07,-1.0511050001493771e-07
8,0.00014512334531856244,-1.5092002081384948e-07,-1.5176989889009728e-07,-1.497622909268914e-07
8,0.00017482595991340425,-2.1495651858494114e-07,-2.1616585017536493e-07,-2.1330912672035128e-07
8,0.00021060785356450738,-3.0605476353251504e-07,-3.077748986501927e-07,-3.03711533317097e-07
8,0.0002537132815116212,-4.355985130377604e-07,-4.380442010287755e-07,-4.322669017231551e-07
8,0.00030564116259643235,-6.19734899731661e-07,-6.232106881387534e-07,-6.150000344373741e-07
8,0.0003681972016471668,-8.81355358250957e-07,-8.862929083086612e-07,-8.746292036676539e-07
8,0.0004435566798304894,-1.2528943875711462e-06,-1.2599051801509554e-06,-1.2433439445985738e-06
8,0.0005343400963997016,-1.7802808910394319e-06,-1.7902306157280278e-06,-1.766726856511358e-06
8,0.0006437042921539515,-2.5285123851359614e-06,-2.54262585256404e-06,-2.509286231047736e-06
8,0.0007754522232736782,-3.5895121317519596e-06,-3.609521102176938e-06,-3.5622547167046825e-06
8,0.000934165202732988,-5.093194477057139e-06,-5.121545780564784e-06,-5.054572521406841e-06
8,0.0011253622077619311,-7.223033892667097e-06,-7.263182150687997e-06,-7.1683412012052415e-06
8,0.001355691793008043,-1.023794912702325e-05,-1.029476804680074e-05,-1.016054627027696e-05
8,0.0016331632828549452,-1.450303159189481e-05,-1.4583391244443744e-05,-1.4393559461228778e-05
8,0.001967425282222473,-2.053264372647856e-05,-2.0646219855555147e-05,-2.03779209792726e-05
8,0.0023701011905935526,-2.905079413950684e-05,-2.9211201366430294e-05,-2.883227337660832e-05
8,0.0028551933862044237,-4.107560582233827e-05,-4.1301982263133864e-05,-4.0767214768810955e-05
8,0.0034395701352244444,-5.803732738662859e-05,-5.835654733761797e-05,-5.760245439065392e-05
8,0.004143552157374201,-8.194295970331833e-05,-8.23927185696377e-05,-8.133025088829515e-05
8,0.004991619244815915,-0.00011560553761369441,-0.00011623864572382903,-0.0001147430470046229
8,0.006013261505800906,-0.00016296289436135147,-0.0001638532425519257,-0.00016174995632550204
8,0.007244004833642019,-0.00022951997647480127,-0.00023077080793269255,-0.00022781593597567817
8,0.008726646259971648,-0.00032296129898012893,-0.00032471665409226913,-0.00032056991867357166
8,0.017453292519943295,-0.0011410613926189361,-0.0011471911084372066,-0.0011327104563925634
8,0.026179938779914945,-0.0023688853349193018,-0.0023815039021551493,-0.002351693866503313
8,0.03490658503988659,-0.003960889842443915,-0.003981843473008545,-0.003932342291323274
8,0.04363323129985824,-0.005885218692190275,-0.005916166594125171,-0.005843054230988534
8,0.05235987755982989,-0.008117259707722813,-0.008159717205164008,-0.008059413499927037
8,0.061086523819801536,-0.010636915006141723,-0.010692280480781274,-0.010561481510268011
8,0.06981317007977318,-0.013427175692800164,-0.013496749069589916,-0.0133323834839467
8,0.07853981633974483,-0.016473280872793872,-0.016558277110618164,-0.016357474267777145
8,0.08726646259971647,-0.01976217908792588,-0.01986373833165387,-0.019623804133114858
8,0.09599310885968812,-0.02328216240613168,-0.023401357600492625,-0.023119755833731218
8,0.10471975511965978,-0.027022606393647175,-0.02716045100900565,-0.026834786690851868
8,0.11344640137963143,-0.030973778683897613,-0.0311312315836845,-0.030759238720225682
8,0.12217304763960307,-0.03512669396292889,-0.03530466394984928,-0.03488419480012218
8,0.1308996938995747,-0.039473001494698456,-0.039672351181990154,-0.03920136711563385
8,0.13962634015954636,-0.044004896138752025,-0.04422644528636114,-0.043703008904926476
8,0.14835298641951802,-0.04871504675479921,-0.04895957517408401,-0.048381843451290055
8,0.15707963267948966,-0.053596537751925855,-0.0538647878573138,-0.0532310061130568
8,0.16580627893946132,-0.0586428207599512,-0.05893549982799725,-0.05824399639333849
8,0.17453292519943295,-0.06384767422197868,-0.06416545640519787,-0.06341463786646902
8,0.1832595714594046,-0.06920516927451725,-0.0695486974076317,-0.06873704434075237
8,0.19198621771937624,-0.07470964068189656,-0.07507952791080315,-0.07420559103425106
8,0.2007128639793479,-0.08035566187983267,-0.0807524931379574,-0.07981488982613288
8,0.20943951023931956,-0.08613802339390719,-0.08656235674623852,-0.08555976785530295
8,0.2181661564992912,-0.09205171405558799,-0.09250408192723214,-0.09143524889364868
8,0.22689280275926285,-0.09809190455670924,-0.09857281486007231,-0.09743653703853718
8,0.23561944901923448,-0.10425393297368213,-0.10476387014616782,-0.10355900235884671
8,0.24434609527920614,-0.11053329196252903,-0.1110727179248739,-0.10979816819806466
8,0.2530727415391778,-0.1169256173803922,-0.11749497242426739,-0.11614969989208199
8,0.2617993877991494,-0.12342667813216801,-0.12402638174449727,-0.12260939470199578
8,0.27052603405912107,-0.13003236707518473,-0.13066281870560276,-0.12917317279619078
8,0.2792526803190927,-0.136738692842313,-0.13740027261936452,-0.13583706914323918
8,0.2879793265790644,-0.1435417724661492,-0.14423484186711658,-0.14259722619921666
8,0.29670597283903605,-0.15043782470502298,-0.1511627271836711,-0.14944988729100064
8,0.30543261909900765,-0.15742316398645162,-0.1581802255624742,-0.15639139061186808
8,0.3141592653589793,-0.1644941948959333,-0.16528372470944608,-0.1634181637578734
8,0.32288591161895097,-0.17164740714917137,-0.172469697983224,-0.17052671874361264
8,0.33161255787892263,-0.17887937099432205,-0.17973469976807988,-0.17771364744440443
8,0.34033920413889424,-0.18618673299802113,-0.18707536123298268,-0.18497561741902674
8,0.3490658503988659,-0.1935662121749624,-0.19448838643633945,-0.19230936807310964
8,0.35779249665883756,-0.201014596425922,-0.2019705487410912,-0.19971170712837527
8,0.3665191429188092,-0.20852873925346438,-0.2095186875092169,-0.20717950736721083
8,0.3752457891787809,-0.2161055567283,-0.21712970504844364,-0.21470970362577224
8,0.3839724354387525,-0.2237420246824473,-0.2248005637871823,-0.22229929001196605
8,0.39269908169872414,-0.23143517610811282,-0.2325282836564574,-0.22994531732740262
8,0.4014257279586958,-0.2391820987435762,-0.24030993966001882,-0.23764489067475975
8,0.41015237421866746,-0.24697993282944108,-0.24814265961588408,-0.24539516723405883
8,0.4188790204786391,-0.25482586902040205,-0.2560236220543716,-0.2531933541931254
8,0.4276056667386107,-0.2627171464392515,-0.26395005425927576,-0.261036706819075
8,0.4363323129985824,-0.270651050861231,-0.27191923044020183,-0.2689225266590193
8,0.44505895925855404,-0.27862491301803005,-0.279928470025308,-0.27684815985939565
8,0.4537856055185257,-0.28663610701180753,-0.28797513606476455,-0.28481099559436573
8,0.4625122517784973,-0.29468204883054505,-0.29605663373618935,-0.292808464594676
8,0.47123889803846897,-0.3027601949568791,-0.3041704089441552,-0.3008380377691844
8,0.4799655442984406,-0.31086804106329013,-0.312313947006606,-0.30889722491199806
8,0.4886921905584123,-0.3190031207871913,-0.32048477142167825,-0.31698357348881545
8,0.49741883681838395,-0.3271630045800382,-0.3286804427090202,-0.3250946674966442
8,0.5061454830783556,-0.3353452986251074,-0.3368985573202198,-0.3332281263915925
8,0.5148721293383273,-0.3435476438190608,-0.34513674661342464,-0.34138160407988494
8,0.5235987755982988,-0.3517677148128283,-0.35339267588766543,-0.34955278796768124
8,0.5323254218582705,-0.3600032191077267,-0.361664043472767,-0.3577393980656441
8,0.5410520681182421,-0.36825189620306054,-0.36994857987107815,-0.3659391861445383
8,0.5497787143782138,-0.3765115167917723,-0.3782440469475586,-0.3741499349384556
8,0.5585053606381855,-0.3847798820009727,-0.38654823716503633,-0.3823694573925242
8,0.5672320068981571,-0.39305482267444014,-0.3948589728617091,-0.39059559595221777
8,0.5759586531581288,-0.40133419869440656,-0.4031741055681854,-0.3988262218915995
8,0.5846852994181004,-0.4096158983401441,-0.41149151536156614,-0.40705923467804583
8,0.5934119456780721,-0.4178978376810698,-0.41980911025427176,-0.4152925613711777
8,0.6021385919380436,-0.42617796000224073,-0.428124825615467,-0.42352415605389443
8,0.6108652381980153,-0.43445423526027804,-0.43643662362312047,-0.43175199929356733
8,0.619591884457987,-0.4427246595678984,-0.44474249274485306,-0.439974097631583
8,0.6283185307179586,-0.4509872547053583,-0.4530404472458783,-0.4481884830995593
8,0.6370451769779303,-0.45924006765724046,-0.4613285267224546,-0.45639321276067685
8,0.6457718232379019,-0.46748117017311897,-0.46960479565936886,-0.46458636827467287
8,0.6544984694978736,-0.4757086583507364,-0.477867343010085,-0.4727660554851472
8,0.6632251157578453,-0.48392065224042635,-0.4861142817982758,-0.4809304040279197
8,0.6719517620178169,-0.4921152954695929,-0.49434374873954645,-0.48907756695926363
8,0.6806784082777885,-0.5002907548861365,-0.5025539038822299,-0.4972057204029163
8,0.6894050545377601,-0.5084452202197959,-0.5107429302662179,-0.5053130632148402
8,0.6981317007977318,-0.51657690376043,-0.5189090335988444,-0.5133978166647711
8,0.7068583470577035,-0.524684040052336,-0.5270504419469134,-0.5214582241336584
8,0.7155849933176751,-0.5327648856037513,-0.5351654054440105,-0.5294925508261458
8,0.7243116395776468,-0.5408177186107371,-0.543252196012297,-0.5374990834973098
8,0.7330382858376184,-0.5488408386947011,-0.5513091070980284,-0.5454761301929039
8,0.7417649320975901,-0.5568325666528464,-0.5593344534200918,-0.5534220200024155
8,0.7504915783575618,-0.5647912442208897,-0.5673265707308942,-0.5613351028242795
8,0.7592182246175333,-0.5727152338474228,-0.5752838155889701,-0.5692137491426233
8,0.767944870877505,-0.5806029184793307,-0.5832045651427249,-0.5770563498149713
8,0.7766715171374766,-0.5884527013577111,-0.5910872169247485,-0.5848613158703515
8,0.7853981633974483,-0.5962630058237786,-0.5989301886561829,-0.5926270783172916
8,0.7941248096574199,-0.6040322751342535,-0.6067319180606376,-0.6003520879612156
8,0.8028514559173916,-0.6117589722857784,-0.6144908626871977,-0.6080348152307821
8,0.8115781021773633,-0.6194415798479136,-0.6222054997420661,-0.6156737500127196
8,0.8203047484373349,-0.6270785998043075,-0.6298743259284401,-0.6232674014947623
8,0.8290313946973066,-0.6346685534016365,-0.6374958572942097,-0.6308142980162823
8,0.8377580409572782,-0.642209981005953,-0.6450686290871149,-0.6383129869262569
8,0.8464846872172498,-0.6497014419660816,-0.6525911956170017,-0.6457620344482223
8,0.8552113334772214,-0.6571415144837345,-0.660062130124843,-0.6531600255518787
8,0.8639379797371931,-0.6645287954900252,-0.667480024658202,-0.6605055638310344
8,0.8726646259971648,-0.6718619005280833,-0.6748434899528416,-0.6677972713875927
8,0.8813912722571364,-0.6791394636414846,-0.6821511553201872,-0.675033788721298
8,0.8901179185171081,-0.6863601372682229,-0.6894016685403737,-0.6822137746249716
8,0.8988445647770797,-0.6935225921399706,-0.6965936957606145,-0.6893359060849819
8,0.9075712110370514,-0.700625517186379,-0.7037259213986502,-0.6963988781867104
8,0.9162978572970231,-0.7076676194441889,-0.7107970480510398,-0.7034014040247772
8,0.9250245035569946,-0.7146476239709281,-0.7178057964060712,-0.7103422146178101
8,0.9337511498169663,-0.721564273762985,-0.7247509051610811,-0.7172200588275476
8,0.9424777960769379,-0.7284163296778599,-0.7316311309439809,-0.7240337032820763
8,0.9512044423369096,-0.7352025703603973,-0.7384452482387943,-0.7307819323030136
8,0.9599310885968813,-0.7419217921728247,-0.7451920493150277,-0.7374635478364547
8,0.9686577348568529,-0.7485728091284164,-0.7518703441606921,-0.7440773693875117
8,0.9773843811168246,-0.7551544528286195,-0.7584789604188147,-0.7506222339582789
8,0.9861110273767962,-0.7616655724034859,-0.7650167433272786,-0.757096995989071
8,0.9948376736367679,-0.7681050344552554,-0.7714825556618382,-0.7635005273027795
8,1.0035643198967394,-0.7744717230049463,-0.7778752776821647,-0.7698317170522084
8,1.0122909661567112,-0.7807645394418194,-0.7841938070807861,-0.7760894716702502
8,1.0210176124166828,-0.7869824024755752,-0.7904370589347816,-0.7822727148227705
8,1.0297442586766545,-0.7931242480911699,-0.7966039656601146,-0.7883803873640814
8,1.038470904936626,-0.7991890295061173,-0.8026934769684709,-0.7944114472948771
8,1.0471975511965976,-0.8051757171301716,-0.8087045598264953,-0.8003648697225225
8,1.0559241974565694,-0.8110832985272733,-0.8146361984173106,-0.8062396468235841
8,1.064650843716541,-0.8169107783796573,-0.8204873941042138,-0.812034787808497
8,1.0733774899765127,-0.8226571784540205,-0.8262571653964501,-0.8177493188882715
8,1.0821041362364843,-0.8283215375696495,-0.8319445479169616,-0.8233822832431369
8,1.090830782496456,-0.8339029115684226,-0.8375485943720246,-0.8289327409930398
8,1.0995574287564276,-0.8394003732865869,-0.8430683745226785,-0.834399769169898
8,1.1082840750163994,-0.8448130125282373,-0.8485029751578689,-0.8397824616915357
8,1.117010721276371,-0.8501399360404034,-0.8538515000692123,-0.8450799293372107
8,1.1257373675363425,-0.8553802674896775,-0.8591130700273153,-0.8502912997246633
8,1.1344640137963142,-0.8605331474403005,-0.8642868227595644,-0.8554157172886074
8,1.1431906600562858,-0.8655977333336363,-0.8693719129293139,-0.8604523432605924
8,1.1519173063162575,-0.8705731994689675,-0.8743675121164107,-0.8654003556501726
8,1.160643952576229,-0.8754587369855446,-0.8792728087989794,-0.8702589492273135
8,1.1693705988362009,-0.8802535538458234,-0.8840870083364087,-0.8750273355059727
8,1.1780972450961724,-0.884956874819834,-0.8888093329534794,-0.8797047427287975
8,1.1868238913561442,-0.8895679414706195,-0.8934390217255712,-0.8842904158528798
8,1.1955505376161157,-0.8940860121406878,-0.8979753305648929,-0.8887836165365114
8,1.2042771838760873,-0.8985103619394275,-0.9024175322076848,-0.8931836231268887
8,1.213003830136059,-0.90284028273143,-0.906764916202338,-0.8974897306487145
8,1.2217304763960306,-0.9070750831256732,-0.9110167888983812,-0.9017012507936476
8,1.2304571226560024,-0.9112140884655168,-0.9151724734362896,-0.9058175119105542
8,1.239183768915974,-0.9152566408194628,-0.9192313097380658,-0.9098378589965128
8,1.2479104151759457,-0.919202098972643,-0.923192654498555,-0.9137616536885365
8,1.2566370614359172,-0.923049838418982,-0.9270558811774442,-0.9175882742559601
8,1.265363707695889,-0.9267992513540059,-0.9308203799919131,-0.9213171155934644
8,1.2740903539558606,-0.93044974666825,-0.9344855579098912,-0.9249475892146878
8,1.2828170002158321,-0.9340007499412344,-0.9380508386438897,-0.9284791232464003
8,1.2915436464758039,-0.9374517034359675,-0.9415156626453668,-0.931911162423193
8,1.3002702927357754,-0.9408020660939468,-0.9448794870995979,-0.93524316808266
8,1.3089969389957472,-0.9440513135306238,-0.9481417859210141,-0.938474618161033
8,1.3177235852557188,-0.9471989380313001,-0.9513020497489791,-0.9416050071892422
8,1.3264502315156905,-0.9502444485474285,-0.9543597859439759,-0.9446338462893732
8,1.335176877775662,-0.9531873706932873,-0.9573145185841717,-0.9475606631714886
8,1.3439035240356338,-0.9560272467430029,-0.9601657884623378,-0.9503850021307936
8,1.3526301702956054,-0.9587636356278934,-0.9629131530830934,-0.9531064240451139
8,1.361356816555577,-0.9613961129341104,-0.965556186660455,-0.9557245063726653
8,1.3700834628155487,-0.9639242709005539,-0.9680944801156605,-0.95823884315009
8,1.3788101090755203,-0.9663477184170373,-0.9705276410752512,-0.9606490449907377
8,1.387536755335492,-0.9686660810226837,-0.9728552938693874,-0.9629547390831705
8,1.3962634015954636,-0.9708790009045319,-0.975077079530378,-0.9651555691898726
8,1.4049900478554354,-0.9729861368963321,-0.977192655791406,-0.9672511956461436
8,1.413716694115407,-0.974987164477513,-0.9792016970854275,-0.9692412953591584
8,1.4224433403753787,-0.976881775772308,-0.9811038945442332,-0.9711255618071789
8,1.4311699866353502,-0.9786696795490153,-0.982898955997651,-0.9729037050388969
8,1.4398966328953218,-0.9803506012193856,-0.984586605972876,-0.9745754516728974
8,1.4486232791552935,-0.9819242828381182,-0.9861665856939149,-0.9761405448972258
8,1.457349925415265,-0.983390483102452,-0.9876386530811286,-0.9775987444690465
8,1.4660765716752369,-0.9847489773518415,-0.989002582750863,-0.9789498267143792
8,1.4748032179352084,-0.9859995575677045,-0.990258166015154,-0.9801935845279047
8,1.4835298641951802,-0.9871420323732305,-0.9914052108814991,-0.9813298273728249
8,1.4922565104551517,-0.9881762270332402,-0.9924435420526807,-0.982358381280771
8,1.5009831567151235,-0.9891019834540882,-0.9933730009266374,-0.983279088851749
8,1.509709802975095,-0.9899191601835994,-0.9941934455963711,-0.9840918092541151
8,1.5184364492350666,-0.9906276324110304,-0.9949047508498842,-0.984796418224573
8,1.5271630954950384,-0.9912272919670532,-0.9955068081701394,-0.9853928080681867
8,1.53588974175501,-0.9917180473237505,-0.9959995257350366,-0.9858808876584036
8,1.5446163880149817,-0.9920998235946221,-0.996382828417403,-0.9862605824370826
8,1.5533430342749532,-0.9923725625345956,-0.9966566577849898,-0.9865318344145223
8,1.562069680534925,-0.9925362225400365,-0.9968209721004726,-0.9866946021694863
8,1.5707963267948966,-0.9925907786487599,-0.9968757463214554,-0.986748860849225
