field_profile,field_strength_ratio,fragment_size,fragment_fraction,holevo_mean,holevo_mean_ci_low,holevo_mean_ci_high,holevo_mean_n,holevo_q10,holevo_q10_ci_low,holevo_q10_ci_high,holevo_q10_n,discord_mean,discord_mean_ci_low,discord_mean_ci_high,discord_mean_n
none,0.0,1,0.0625,3.45712836511887e-16,2.8332906354862854e-16,4.075183683164867e-16,24,0.0,0.0,0.0,24,5.994236087222219e-16,5.082973876809509e-16,6.922771839172408e-16,24
none,0.0,2,0.125,9.951851654954975e-16,8.791480050577254e-16,1.1107994870860002e-15,24,0.0,0.0,0.0,24,1.4088441857038953e-15,1.2272832570064083e-15,1.6034908180222411e-15,24
none,0.0,3,0.1875,1.9714043704552584e-15,1.804457918412929e-15,2.133121796135668e-15,24,0.0,0.0,0.0,24,2.275055470021024e-15,2.0256955017964558e-15,2.5221272391081213e-15,24
none,0.0,4,0.25,2.9182789746373594e-15,2.6711712664460516e-15,3.187231016631307e-15,24,0.0,0.0,0.0,24,3.139111599860992e-15,2.817883771999487e-15,3.4801289921660667e-15,24
none,0.0,5,0.3125,4.0360244127086995e-15,3.771407094646663e-15,4.301607998659293e-15,24,0.0,0.0,0.0,24,3.969755834235889e-15,3.580344173974867e-15,4.3528121595845285e-15,24
none,0.0,6,0.375,5.168897633898787e-15,4.821405856380337e-15,5.526055954331505e-15,24,0.0,0.0,0.0,24,4.884093420823351e-15,4.428353299168564e-15,5.326259157459849e-15,24
none,0.0,7,0.4375,6.3752140296182495e-15,5.9711499433244216e-15,6.756892189393745e-15,24,0.0,0.0,0.0,24,5.784297103340634e-15,5.328968653154869e-15,6.214888977207559e-15,24
none,0.0,8,0.5,7.487789776514734e-15,7.096434795767914e-15,7.915613488280187e-15,24,2.5184805648766983e-16,0.0,7.5554416946300945e-16,24,6.470978375439794e-15,6.022167829038259e-15,6.937166609214315e-15,24
uniform,0.25,1,0.0625,0.7807280398079256,0.7615041756152997,0.799597279766204,24,0.5845762045005474,0.5039530805151096,0.6637655426717926,24,5.122144710981361e-10,1.7883220730203376e-10,9.406513851240381e-10,24
uniform,0.25,2,0.125,0.9443467117309386,0.9357528584574958,0.952492367049528,24,0.88661353780215,0.8712345024103167,0.9014350150827299,24,2.6737166867541107e-09,9.95896212665803e-10,4.740345240613372e-09,24
uniform,0.25,3,0.1875,0.98535576583319,0.9821855527689748,0.9882268526242126,24,0.9685656222676983,0.9599387646804006,0.9757198887736355,24,1.2383705878141955e-08,4.997379606892319e-09,2.0894011320640423e-08,24
uniform,0.25,4,0.25,0.9958784122495047,0.9944618120066228,0.997076064177772,24,0.9910372793999768,0.9881833319875134,0.9935106704639384,24,5.532494781429716e-08,2.3549120103617507e-08,9.509803013843394e-08,24
uniform,0.25,5,0.3125,0.9990468292953709,0.998676236041108,0.9993558652135139,24,0.9978312308310268,0.9970332780641192,0.9985869108676819,24,2.4088085103683073e-07,1.0951950937869547e-07,4.0543059344452456e-07,24
uniform,0.25,6,0.375,0.9997677248989061,0.999681957071178,0.9998437742031908,24,0.9994438086831666,0.9992398357610869,0.9996268038771404,24,8.761788855311266e-07,4.564939777530864e-07,1.3360566230925528e-06,24
uniform,0.25,7,0.4375,0.9999346687059077,0.999904266988025,0.9999614667139038,24,0.9998504772091193,0.9997831743679026,0.9999126955998693,24,3.713667122766437e-06,2.0980903369180083e-06,5.647039524822278e-06,24
uniform,0.25,8,0.5,0.9999850406832094,0.999978309366221,0.9999911775406266,24,0.9999658712468364,0.9999505827492007,0.9999794040070438,24,1.4404788969080051e-05,7.989067417875725e-06,2.180215491898963e-05,24
random,30.0,1,0.0625,0.19835554234730926,0.16684041760910231,0.23109226106448005,24,0.0013838163393136045,0.0007640123116605624,0.0020646094753609835,24,0.00904859020762597,0.005329317667031703,0.012754584151632012,24
random,30.0,2,0.125,0.341430457000828,0.290489011319677,0.3909580279063852,24,0.02337751272485163,0.016090413537886823,0.03176725219717631,24,0.01943096217869832,0.011629678583087104,0.027173832028081595,24
random,30.0,3,0.1875,0.4682424114657979,0.41022157695860806,0.5289458255650634,24,0.07063289377397754,0.05600953702189204,0.08503118926417122,24,0.033777717411076026,0.02160487768324498,0.04740177255925327,24
random,30.0,4,0.25,0.5632193139001916,0.4920998098983121,0.63114381380653,24,0.17430787937938577,0.12614665836747033,0.22771287467563162,24,0.04752797040906551,0.032283265496190844,0.06330371292727129,24
random,30.0,5,0.3125,0.6384043866814672,0.5666662369927785,0.7116980737257251,24,0.28854873136137676,0.21613059211131028,0.3714635442531349,24,0.06644061281614475,0.04695676157676274,0.0880978669801465,24
random,30.0,6,0.375,0.7021343139150492,0.6320542859314632,0.772844010408589,24,0.3896314178168388,0.3002165917095805,0.480758552217067,24,0.08709912274767555,0.062236376264747935,0.11510512895546074,24
random,30.0,7,0.4375,0.7504755214061948,0.6764399224559254,0.8143252871807262,24,0.4785769263799902,0.3822143826681882,0.5785172340695207,24,0.11856265216974511,0.08856162153111476,0.14901152145990798,24
random,30.0,8,0.5,0.7869646994266571,0.7148004503211377,0.8493560275527191,24,0.5348433606055546,0.43761053591644666,0.6274949483930252,24,0.15010245139744427,0.11806129092761777,0.1820456370536306,24
uniform,0.5,1,0.0625,0.5950064314740028,0.569644372122337,0.6191714624088006,24,0.28830805637047463,0.22055591913866107,0.35588693348901485,24,8.461773232764166e-06,2.3036887922227697e-06,1.7149624335432093e-05,24
uniform,0.5,2,0.125,0.8178018290356691,0.79578833964924,0.8385178396563208,24,0.658607439428643,0.6227596951190036,0.696637753985137,24,2.5377277559416715e-05,7.679089160398007e-06,4.8842786334226246e-05,24
uniform,0.5,3,0.1875,0.9130119597326981,0.89739459322053,0.9271351627266489,24,0.8234901944846441,0.7908617821204904,0.8535456722860565,24,5.9024375684635334e-05,1.8232229473731264e-05,0.00011664554348943894,24
uniform,0.5,4,0.25,0.9576725841133323,0.9473679007137357,0.9668281703256212,24,0.9139767484552848,0.8930561705860569,0.9324664768458093,24,0.000134587390196213,5.0651114316891457e-05,0.00024297172803528454,24
uniform,0.5,5,0.3125,0.9808551747507196,0.9750936103613987,0.9859189417419003,24,0.9586853309716178,0.9457763821031777,0.9696082174060927,24,0.0002697216352515474,0.00011391924042811096,0.0004716550274032429,24
uniform,0.5,6,0.375,0.9903726997905874,0.9868621475939054,0.9933415699907974,24,0.979308245201779,0.972799980414111,0.9851723249315769,24,0.000531618879536546,0.00026631102759171643,0.0008305580261712487,24
uniform,0.5,7,0.4375,0.9952027232182791,0.9929601462536396,0.9969117508712289,24,0.9896752992572116,0.9856060226934473,0.993250467733515,24,0.0010659299404588926,0.0005653056504132007,0.001673651757473519,24
uniform,0.5,8,0.5,0.9976375156437239,0.9963542891027822,0.9986159270454324,24,0.9949638274205986,0.9925680803099132,0.9970501093754034,24,0.002189223672274933,0.0013234538965766205,0.003269673488384665,24
uniform,30.0,1,0.0625,0.10059541771319991,0.08003823065133549,0.11989021718660357,24,0.0006789124979446987,0.00037326397952608707,0.0010484316542745489,24,0.018547855729127833,0.015968996172934142,0.021327091280511804,24
uniform,30.0,2,0.125,0.18454314233219984,0.1485292116415508,0.22040790957070763,24,0.009481129766578543,0.005670365018465057,0.01383621591649325,24,0.038709709098905865,0.03342060435285248,0.04383038069699413,24
uniform,30.0,3,0.1875,0.26000123071429604,0.2120078038582685,0.3134799288830362,24,0.03022413577704282,0.02099526894800528,0.04000013977764716,24,0.05986293411273395,0.051989573757352935,0.0687570973207095,24
uniform,30.0,4,0.25,0.323867931270935,0.26489947808359676,0.3840599650771945,24,0.07117372471847282,0.05028730137593554,0.09426500571889185,24,0.08496927562796375,0.07336650826506516,0.09697981252430177,24
uniform,30.0,5,0.3125,0.3810791372836541,0.3156328856214508,0.4501349842781445,24,0.10393799577806088,0.07863371501518256,0.12842773998801746,24,0.11221876027815425,0.10019899578386712,0.12568282988198565,24
uniform,30.0,6,0.375,0.44337802632066925,0.37310157289282186,0.5225575217601636,24,0.20222677881078796,0.15074359154538686,0.2596765285213647,24,0.14629236349283684,0.12858702675452696,0.16588382372832897,24
uniform,30.0,7,0.4375,0.481654415991379,0.40404575251039687,0.5604729661672379,24,0.2404638721744571,0.1831863540560367,0.3013048729898207,24,0.17826317277427503,0.1589384459655564,0.19871021830445146,24
uniform,30.0,8,0.5,0.5167220730924753,0.4338328366133594,0.5966787790570987,24,0.285104709700193,0.22197857741430496,0.3469024852146328,24,0.21034538726935362,0.1906267470367016,0.23262347385406762,24
uniform,5.0,1,0.0625,0.35762084250379705,0.32864811082600986,0.3888488757614035,24,0.014833821186708987,0.007741856274523557,0.0233802986657933,24,0.0007043983595665277,0.00025768240813265876,0.0013633096192641996,24
uniform,5.0,2,0.125,0.5710554577989647,0.5332659594926074,0.6109135276658701,24,0.1435798996147626,0.10745896754299698,0.18290196076214887,24,0.0017972226670063957,0.0006780203121755635,0.0035013440212839863,24
uniform,5.0,3,0.1875,0.7113716406074451,0.6718570215984002,0.7515650879823438,24,0.32965053625792523,0.27167610124618263,0.390942782856504,24,0.003035695058487989,0.001469215379323441,0.005031208461594159,24
uniform,5.0,4,0.25,0.8057832528530048,0.7658919591466282,0.8421002309066334,24,0.5241454225512538,0.44228857047602554,0.6017631270797241,24,0.00585693963581269,0.0028906130969641886,0.010164574340247897,24
uniform,5.0,5,0.3125,0.8726917809220814,0.8394673610911494,0.9028265153035921,24,0.6723785294981832,0.5962626634487248,0.7431867357213217,24,0.010044149616583007,0.005545930964742693,0.015940014705933002,24
uniform,5.0,6,0.375,0.9136762812254474,0.8885018667573094,0.9360710374463881,24,0.7799776930549637,0.7183391348424215,0.8339814972917238,24,0.01567686427390518,0.009179484257646758,0.023179066050038534,24
uniform,5.0,7,0.4375,0.9425256547258544,0.9219922291580506,0.9614185001695116,24,0.8467042917380221,0.7867493173017864,0.8972326093139621,24,0.02468283288958616,0.01624821521429212,0.03479562100010567,24
uniform,5.0,8,0.5,0.9612837888361465,0.9445903910369426,0.9747715832720983,24,0.8972769702509643,0.8532398027827867,0.9350024737714623,24,0.03620741672319178,0.023822172715422724,0.049928859037729784,24
uniform,2.0,1,0.0625,0.4579260731669263,0.4317534695190628,0.4824063323263864,24,0.0611222037153464,0.03766081395977345,0.08988630358744479,24,8.569423233541384e-05,2.618724882046228e-05,0.0001579559651900739,24
uniform,2.0,2,0.125,0.6917237924377848,0.6601468380284733,0.7199701236348263,24,0.32335775156347324,0.27582153191323805,0.36997729920520916,24,0.000261028867625468,0.00010002203861097334,0.0004795380697858308,24
uniform,2.0,3,0.1875,0.8177719245273737,0.7892253302485253,0.8451839391033953,24,0.5650998523191965,0.5039853617610076,0.6203404100685671,24,0.0005419352004821253,0.00021321464694326378,0.0009423543845117101,24
uniform,2.0,4,0.25,0.8927734852256858,0.8676217674535576,0.9154500619528247,24,0.7355118651995068,0.6842424841492277,0.7818051760554513,24,0.001135054262276847,0.00047796643094460777,0.0018852243395286585,24
uniform,2.0,5,0.3125,0.9445471319437573,0.9272448485859275,0.9582278875487072,24,0.857296246059108,0.8150071086911888,0.8928066233813253,24,0.0022615635308724483,0.000983482784681081,0.0038675402315795273,24
uniform,2.0,6,0.375,0.9648446003661554,0.9533316414561952,0.9747677724136639,24,0.9073753331274129,0.8750021722731407,0.9361859122583379,24,0.0037252247530725987,0.0020574536927294006,0.005841093424094336,24
uniform,2.0,7,0.4375,0.9792109447188474,0.9695216611358343,0.987391995508899,24,0.9452651992483005,0.9174045218606391,0.9675912294468975,24,0.0074974850429041645,0.004334495692061798,0.01107182874103742,24
uniform,2.0,8,0.5,0.9894192777585884,0.9847748379606089,0.9934553303112424,24,0.9734297805403163,0.9588512799220222,0.9839942872012624,24,0.012268165995497191,0.007449571881493901,0.017906890101493305,24
random,1.0,1,0.0625,0.4805989986864964,0.44850615377681147,0.5114811708992122,24,0.08385369702060937,0.057264637319763015,0.11320645682701361,24,9.330078276656121e-05,7.843986699479462e-06,0.00022390462635210896,24
random,1.0,2,0.125,0.7190086248834463,0.6820687494659732,0.7546607389424566,24,0.34297529733957594,0.2866425387219055,0.39598341378729135,24,0.0002531291608516675,3.0121938759064924e-05,0.0006223691359084958,24
random,1.0,3,0.1875,0.8455744596744831,0.816159064135378,0.8734374488073442,24,0.5988269143816162,0.538241895986502,0.6601901438158513,24,0.0005572935558817513,7.985626652036516e-05,0.001306809361614942,24
random,1.0,4,0.25,0.9109170335372422,0.8834882111996061,0.9315651623849076,24,0.7616429674498777,0.7066390711869037,0.8088940424129845,24,0.0009426738677595223,0.00023270569753078125,0.0019107568146361233,24
random,1.0,5,0.3125,0.9499381005832822,0.931290228199228,0.9649997330093242,24,0.8650571603007225,0.8179681797608268,0.9046052364171929,24,0.002178155906895296,0.0005153476584350956,0.0047836088010833125,24
random,1.0,6,0.375,0.9712822150262662,0.957947742928234,0.9823015745646118,24,0.9303661201909792,0.9011622877898401,0.9553678155820989,24,0.00348069060807854,0.0010616472666623463,0.006912506625746817,24
random,1.0,7,0.4375,0.9841869523427113,0.9744293073031908,0.9914151214927677,24,0.9634830790023269,0.9428898891591901,0.9786368770213729,24,0.005001352937277726,0.0021645291414057527,0.008792544346739168,24
random,1.0,8,0.5,0.99111821943412,0.9848310914952746,0.9958613821078667,24,0.9787906257505486,0.9631136785177439,0.9897272064380706,24,0.009730485746938456,0.004337713329552971,0.016883514814293104,24
random,0.5,1,0.0625,0.4966793081155998,0.4723358588120679,0.5202633566225415,24,0.0660873120781537,0.045091111131474085,0.08725572196920282,24,6.069930778733777e-06,2.1580813180797193e-06,1.1261418432633729e-05,24
random,0.5,2,0.125,0.7378311535823805,0.7165945454662788,0.7588195454973267,24,0.3349123144321238,0.27546587225563735,0.3945309597993847,24,2.4751351369629417e-05,8.969070775187724e-06,4.581088657653586e-05,24
random,0.5,3,0.1875,0.8586180761040257,0.8400164945330352,0.8782542553400278,24,0.6041606046247292,0.5498858310959495,0.65983386926977,24,6.35821022747734e-05,3.0767849649926694e-05,0.00010169952662347655,24
random,0.5,4,0.25,0.9264629337956397,0.9113856099490597,0.9406175401730872,24,0.7888605171613801,0.7324196328206685,0.8375178147368871,24,0.00019111897149752305,8.207260586990256e-05,0.0003235273886757378,24
random,0.5,5,0.3125,0.9632225992863873,0.953856545385111,0.9715131428991794,24,0.9068747510893008,0.8813494465269053,0.9295662062500759,24,0.00046622808475236437,0.00022220002289570408,0.0007750644097587289,24
random,0.5,6,0.375,0.9826141294651105,0.9776810170234288,0.9869265005631447,24,0.9539338644651559,0.939810667814101,0.9665060337385597,24,0.0010022014020996456,0.000574763454180724,0.0015379832321756692,24
random,0.5,7,0.4375,0.9915991382262859,0.9889750813128453,0.9939719869685878,24,0.9800487655135806,0.9731501552345582,0.9858126705178158,24,0.0021498397420396474,0.0012414113700489168,0.003270116235894997,24
random,0.5,8,0.5,0.9949781166334976,0.9925448582034612,0.9970501123098329,24,0.9872485541647018,0.9800670664786703,0.9930605952485854,24,0.004268205570828983,0.002764128979300785,0.006021356432821959,24
random,0.25,1,0.0625,0.46268854107842644,0.42758191820452485,0.4975328626309757,24,0.05555435178936261,0.03839161582640833,0.07563333279477547,24,0.0001955781608473053,1.6615112505225503e-05,0.000514995187258182,24
random,0.25,2,0.125,0.7002053576198769,0.6554574816839102,0.738061865467224,24,0.2974470522983607,0.24222713622088923,0.357237870552597,24,0.00043821668214083005,4.8622619473463096e-05,0.0010856411636896986,24
random,0.25,3,0.1875,0.8226878710653828,0.7864604298880036,0.8548080172895834,24,0.5557407219136309,0.4832915341946808,0.6252469439246668,24,0.0009464457401359835,0.00013603718710474474,0.0023849626855404864,24
random,0.25,4,0.25,0.9068771216565885,0.8717695099709964,0.9330676901599486,24,0.7488022701347391,0.6767559257517447,0.8152910071764139,24,0.001632936019003055,0.00038919403463455427,0.0035297722112929693,24
random,0.25,5,0.3125,0.9424445297994754,0.9193329457261981,0.9610719309252029,24,0.8407405432359888,0.7887622175173128,0.8920325929819564,24,0.0032692490770912853,0.0007292324762646918,0.0071693588112074205,24
random,0.25,6,0.375,0.964214476173848,0.945754092055957,0.9786209648192068,24,0.9042519131261547,0.8651646081540219,0.9385111275072326,24,0.0043209466631449365,0.0015042515452908744,0.00874481126024314,24
random,0.25,7,0.4375,0.9780104003617044,0.9646969259518832,0.98823400554215,24,0.9430432130064063,0.9106098732772608,0.9681366150010411,24,0.0071222199783158545,0.003019619978642387,0.013490909273715337,24
random,0.25,8,0.5,0.9872454622522735,0.976997441137396,0.9937370873264438,24,0.9706735507066643,0.9512165671835274,0.9855614273567183,24,0.012706661488172398,0.006179200280549656,0.021758750119670326,24
uniform,10.0,1,0.0625,0.2687042843575634,0.23925718068072202,0.2983834003783107,24,0.004858447114478219,0.0024293531530030165,0.007788657178351337,24,0.003866705926436398,0.0020140383659656633,0.005925653013112954,24
uniform,10.0,2,0.125,0.45278419540723264,0.40455505261656666,0.5011532636487348,24,0.06032649598814216,0.039449538435373493,0.08666210185281571,24,0.008282754478176793,0.004555998567115163,0.012465545478407397,24
uniform,10.0,3,0.1875,0.5943423841936359,0.5382749405274412,0.6484256165325502,24,0.17072815874459094,0.12596572641028347,0.22199307509116567,24,0.015724301283479198,0.009243378457755485,0.023273811982885344,24
uniform,10.0,4,0.25,0.6924689222093735,0.6407972984062161,0.7433558889698536,24,0.329283277635628,0.25359407384251487,0.40956964081412955,24,0.02477674800504102,0.013573078750918455,0.03723783137797059,24
uniform,10.0,5,0.3125,0.7663294998562726,0.7146662888248307,0.8140681809330252,24,0.45179206526458376,0.36710449323848515,0.5413672886196234,24,0.03715267445122437,0.023011555856133178,0.05329793059570744,24
uniform,10.0,6,0.375,0.8323442612088483,0.7843480264841133,0.8738976933209979,24,0.5969851447130299,0.5010693531060268,0.6893604662396013,24,0.04861596154236841,0.029576675624233092,0.06868293030950448,24
uniform,10.0,7,0.4375,0.86832811730703,0.8257188781582893,0.9080605061083992,24,0.6814898854260294,0.5914161234208678,0.7707544522218792,24,0.06592298495518013,0.04264290803977135,0.08991257524594114,24
uniform,10.0,8,0.5,0.8964142577378643,0.8578028270193463,0.9294788715205535,24,0.7465145578310078,0.6610742716598235,0.8266773754668089,24,0.09387200152084034,0.06595628587331828,0.12638286633635037,24
random,20.0,1,0.0625,0.24281409752001645,0.2093602914581965,0.2775983475216624,24,0.002847004020367237,0.0017401143493575874,0.004182640276149077,24,0.0060602418798950146,0.003267465832739002,0.009276706428363406,24
random,20.0,2,0.125,0.4093034998502447,0.3609029671775283,0.4607485099039311,24,0.04543217823067921,0.03154341129306799,0.06109399669586415,24,0.013207624033741849,0.007583096070351518,0.01945826030952343,24
random,20.0,3,0.1875,0.5453510585806162,0.4881003124539991,0.599975030031368,24,0.12943010370386532,0.10193780131710099,0.1570965426719654,24,0.023234332068808927,0.013715855400848504,0.034438470824945666,24
random,20.0,4,0.25,0.6420348680015099,0.5789357957567075,0.6990348230640396,24,0.2707856888535982,0.20508088222543588,0.3373643248493571,24,0.03265596939329179,0.019980686114157375,0.04701824441083658,24
random,20.0,5,0.3125,0.7242492392560197,0.6674407202891294,0.7831364857307153,24,0.41033678234306503,0.3269406224967332,0.4992484318988997,24,0.04812616371469219,0.029705612567679885,0.06794820432859884,24
random,20.0,6,0.375,0.7798314281902338,0.7200439013240683,0.8308025021788676,24,0.520262130098483,0.42708607958671085,0.6082957142871935,24,0.06529567346101367,0.04455338406914274,0.08966365402699658,24
random,20.0,7,0.4375,0.8211998315656536,0.7615273636757195,0.8735338040125887,24,0.6120929379717734,0.5150409370739073,0.7035093619986124,24,0.08752943245692175,0.06179225890018225,0.11505050206648533,24
random,20.0,8,0.5,0.8521157619266315,0.8014365472481609,0.8997291363164414,24,0.6726657125895653,0.5849799138236242,0.7556129098808032,24,0.11515758956347903,0.08508494839290802,0.14896923902255724,24
random,10.0,1,0.0625,0.3254482080105461,0.30047404424706703,0.3502900719440877,24,0.008979617556548405,0.005462792025755831,0.013004470535890444,24,0.0010170639129875707,0.0004007013761129887,0.0017990039533666454,24
random,10.0,2,0.125,0.5361540540366108,0.499190974571957,0.5703627279376832,24,0.11072217665863375,0.08305079139852561,0.13962811237970318,24,0.0025880093504456127,0.0011145106298497951,0.00455290751623984,24
random,10.0,3,0.1875,0.6770514278173622,0.6403941347457426,0.7083611801258414,24,0.2909204464327826,0.24486938046807522,0.3366884262676441,24,0.0052138259875093955,0.002568564309113884,0.008309101696523078,24
random,10.0,4,0.25,0.7698914743499428,0.7352339631518151,0.8010824147015051,24,0.45117629597987413,0.38371743381698725,0.5214674355315562,24,0.008965955735957471,0.004700310043844353,0.014570015137720058,24
random,10.0,5,0.3125,0.8489932287792058,0.8187471719962744,0.8752222933867929,24,0.6129554895366107,0.5475914784686529,0.6764042137588966,24,0.014721792203196365,0.008388158766574855,0.022924838969122698,24
random,10.0,6,0.375,0.8975310272814481,0.8713224128036051,0.920509633925219,24,0.7409832608552733,0.6779669734708158,0.7946327702484806,24,0.021129229051661074,0.013443799729860933,0.030966843133376273,24
random,10.0,7,0.4375,0.9260939652299373,0.8997485848447166,0.9469232059531223,24,0.8148207414899736,0.7580921942246516,0.8633468681692946,24,0.031123505422866894,0.020767873187657573,0.04334489200568715,24
random,10.0,8,0.5,0.9469636099182804,0.9293974296617513,0.9625167581290761,24,0.857243864315059,0.8094320684462605,0.8973643692146669,24,0.051354546383482504,0.03707459330119722,0.06768297511320752,24
random,2.0,1,0.0625,0.45972096957671577,0.4326509643521454,0.48700334424568115,24,0.060488814916131915,0.04071423533871683,0.08318075104996736,24,8.640644518054892e-05,1.712625605807531e-05,0.000202286391305807,24
random,2.0,2,0.125,0.6941476793208302,0.6640816366912325,0.7210621922304988,24,0.3023900036615651,0.25510071794384187,0.34724021887431605,24,0.00022669110685995337,5.5950225874338735e-05,0.0005222014763273378,24
random,2.0,3,0.1875,0.8225150633863855,0.7930153089717861,0.8490187085883302,24,0.5808439008126633,0.5253999363093035,0.6329112595481452,24,0.00045528508136083765,0.00013518821844540823,0.0009638879385977309,24
random,2.0,4,0.25,0.8947742579823172,0.8719049738713476,0.9167507219874018,24,0.7313612534124744,0.6779585236571871,0.7837616094009796,24,0.0009634853505281709,0.00039097300262088184,0.0017767827974216805,24
random,2.0,5,0.3125,0.9410653776372891,0.9241789213171879,0.9551938232082188,24,0.8526237710698265,0.8135838509337379,0.885373860626936,24,0.0018701729870157387,0.0007360093651920164,0.0033414763521980844,24
random,2.0,6,0.375,0.9660729624072838,0.9549175857855596,0.9763480110623979,24,0.9131893907531636,0.8856517717148646,0.9378182699723664,24,0.003379076414575777,0.0017999742834005534,0.005527706362053186,24
random,2.0,7,0.4375,0.9811801412610648,0.9740391820816304,0.9875314270469144,24,0.9516216412822883,0.9321862506348767,0.9677038871810746,24,0.005896181686651136,0.00333516526650778,0.009275993022646836,24
random,2.0,8,0.5,0.9874372865192328,0.9807784321652336,0.9928703973622637,24,0.9685938746658748,0.9489770577465372,0.9833989010602765,24,0.010497506386969849,0.006286746875161623,0.01583966448535478,24
uniform,1.0,1,0.0625,0.5064730756239554,0.4832351838776731,0.5287425409195966,24,0.14145483533310174,0.09842424024077888,0.18910065198557116,24,3.974860572901078e-05,1.5116453378156976e-05,7.92494781386111e-05,24
uniform,1.0,2,0.125,0.7401537689408939,0.7200681265479096,0.760469365186167,24,0.47902410892290387,0.43034465710243014,0.5268945847146747,24,0.0001314892479330586,4.6439818387728076e-05,0.00028085843540912904,24
uniform,1.0,3,0.1875,0.8593818864773604,0.8394516516457605,0.8760711736066605,24,0.6992545591311865,0.6566395384220733,0.7344351714554791,24,0.00026583076518875204,0.00011770990631260445,0.0004944312537367811,24
uniform,1.0,4,0.25,0.9218957143355487,0.9084620175066956,0.9341774524509073,24,0.8290208206417701,0.7990347601763697,0.8568543234501115,24,0.000571408982171106,0.0002590338797923108,0.0010419716702937548,24
uniform,1.0,5,0.3125,0.9597031552475115,0.9491631586880128,0.9683533660945672,24,0.9093327155029579,0.8868255306355992,0.9281203790292851,24,0.0010347208701001794,0.0005540913339414947,0.001805391287170093,24
uniform,1.0,6,0.375,0.9764008884826468,0.969361158672638,0.9821269722179741,24,0.947957667345993,0.9350552056386711,0.9602207931997788,24,0.001956549679077285,0.0011145856265559599,0.0032359735812659773,24
uniform,1.0,7,0.4375,0.986937825888137,0.9816473171238939,0.9908184881862308,24,0.9710281009597169,0.9585568855674179,0.9795112241056597,24,0.003811584179486245,0.00235908931641353,0.005907737841638602,24
uniform,1.0,8,0.5,0.9931687324227086,0.9901695044557226,0.9955036272796906,24,0.9850127884358307,0.9792629372887777,0.9894375911234722,24,0.006461981821777954,0.00443015699759549,0.008913738559944966,24
random,5.0,1,0.0625,0.4167706059212463,0.3889349728351741,0.4432532314217279,24,0.025969533599016187,0.016473584308168667,0.036625635047743355,24,8.189666750423688e-05,4.025697444001723e-05,0.00012816624861321558,24
random,5.0,2,0.125,0.6527631775973636,0.6196562930909083,0.6844766638787604,24,0.21387043386148097,0.1763944800306803,0.25430314676922644,24,0.0002696264314232788,0.00013856364368730977,0.0004127815996100381,24
random,5.0,3,0.1875,0.7877042121013681,0.7568383884565895,0.8185132256789933,24,0.46233762234532244,0.3991784771035822,0.5218835745915147,24,0.0006187124884667183,0.00035008203326663737,0.0009364875572863584,24
random,5.0,4,0.25,0.864239832683522,0.8397384908861304,0.8875168268282945,24,0.6398490755752044,0.5819506212222949,0.6997384149157553,24,0.0013323238651577571,0.0007174489267872496,0.002055889744367785,24
random,5.0,5,0.3125,0.9214540954184676,0.903803729824021,0.9383581421072283,24,0.7812736067482433,0.7268305400649959,0.8335948244194165,24,0.003105666591110459,0.0017758172258773252,0.004670814423323023,24
random,5.0,6,0.375,0.9547441811612213,0.9421813864329232,0.9668591659880856,24,0.8804308354445242,0.8462491307660689,0.9127178725881786,24,0.0052739910240612725,0.00315369639023333,0.00761618432680722,24
random,5.0,7,0.4375,0.9718808465742188,0.9617263310553351,0.9810418209506795,24,0.9239935340538471,0.8947444867331663,0.9495301918177851,24,0.008707533226331082,0.005488186946868327,0.012419155008112389,24
random,5.0,8,0.5,0.9850221150580311,0.9794038500295994,0.9901466685386437,24,0.9611335850927768,0.9479709453219312,0.9739598008918543,24,0.01546007142151253,0.01027996947128025,0.02153159808286425,24
uniform,20.0,1,0.0625,0.16104119484846058,0.13308042665142295,0.18643680730716156,24,0.001404637344519576,0.0006547661299173078,0.002305894229407563,24,0.01325418546315159,0.009637104974269452,0.016968580533789083,24
uniform,20.0,2,0.125,0.2872650911768964,0.24256860091547894,0.3346518836870393,24,0.020536618736428782,0.012908721855771804,0.030025138329002492,24,0.027632256582857794,0.020029925662953058,0.03519244354697382,24
uniform,20.0,3,0.1875,0.39555117582926336,0.33643135872866237,0.4564059191411732,24,0.06285978055074005,0.04479049168597202,0.08306631528205863,24,0.04590673419903315,0.03430344031703668,0.05727814886337682,24
uniform,20.0,4,0.25,0.4796817415711752,0.4114845288751637,0.5450841924142822,24,0.13922475305383528,0.10041395120828278,0.18380765508808602,24,0.06549954268086164,0.04924996560802305,0.08144467294442975,24
uniform,20.0,5,0.3125,0.5532235212678948,0.4772254838756828,0.62488125320209,24,0.19967001527456021,0.155674977730466,0.24732916235856,24,0.09002136346189916,0.0706499001804269,0.11136666623597047,24
uniform,20.0,6,0.375,0.6258513932942094,0.5495565657428899,0.7026832473398109,24,0.34582619583586033,0.26948473267578194,0.4254103393370075,24,0.11858165104443665,0.09603768243284366,0.1426183738396089,24
uniform,20.0,7,0.4375,0.6665076890592408,0.5866867183031871,0.738387617570182,24,0.40726410168576344,0.31991723573618924,0.5015105522247663,24,0.1469399540340761,0.12105205498671039,0.1741765160876543,24
uniform,20.0,8,0.5,0.7041609402506147,0.6241938818399902,0.7760387473144291,24,0.46403993207113087,0.3752825258348349,0.5480728051467437,24,0.18422037306111852,0.1537319344491341,0.21449392309668464,24
