run_id,field_geometry,field_profile,field_strength_ratio,uniform_field_h0,random_field_width_W,realizations,q10_source,holevo_fhalf,holevo_fhalf_ci_low,holevo_fhalf_ci_high,holevo_fhalf_n,discord_fhalf,discord_fhalf_ci_low,discord_fhalf_ci_high,discord_fhalf_n,redundancy_q10,redundancy_q10_ci_low,redundancy_q10_ci_high,redundancy_q10_n,holevo_fhalf_min,holevo_fhalf_min_ci_low,holevo_fhalf_min_ci_high,holevo_fhalf_min_n,kappa_typ,kappa_typ_ci_low,kappa_typ_ci_high,kappa_typ_n,kappa_ann,kappa_ann_ci_low,kappa_ann_ci_high,kappa_ann_n
1d60286dc4c56e8d77bf30838b0dfdd047daaca9d8304a21a6b3aca62ef378dd,aligned,none,0.0,0.0,0.0,24,stored_q0.1,7.487789776514734e-15,7.104936206974798e-15,7.886674334248924e-15,24,6.470978375439794e-15,6.029117652264214e-15,6.941625767592031e-15,24,nan,nan,nan,0,0.0,0.0,0.0,24,3.093590198825306e-17,2.905661822261152e-17,3.28151857538946e-17,24,0.0,0.0,0.0,24
ca74b3030ee4d3edc899aa852b1238f6143c8e2cef06ceb772ab1715e9710356,aligned,random,0.25,0.0,0.025,24,stored_q0.1,0.9872454622522735,0.9776982078173478,0.9940411863302803,24,0.012706661488172398,0.006339315655430847,0.022282240201053773,24,2.937698412698413,2.6984027777777775,3.188115079365079,24,0.8807164778321207,0.8356273881479301,0.9231942095744217,24,0.4342164010729223,0.3840523935855985,0.4856121323559038,24,0.328785151474934,0.2917283169592919,0.3655343366596383,24
2491667bd59b7ad87e8f808640b34e399d677a995bccc0eb81c69b723cae67ec,aligned,uniform,0.25,0.025,0.0,24,stored_q0.1,0.9999850406832094,0.9999778422789564,0.9999913024409812,24,1.4404788969080051e-05,8.3182735920265e-06,2.2256511303325486e-05,24,6.5555555555555545,6.0,7.111111111111111,24,0.984954775819841,0.981326386313589,0.9880686993861238,24,0.7582806319584207,0.7316039322144512,0.7853818127241416,24,0.7109548330810798,0.6802009249119998,0.7412120000828937,24
c5795ae37840314d38101145310b00c8cb5a8a1c1578cdd7f2025918b6ddc56b,aligned,random,0.5,0.0,0.05,24,stored_q0.1,0.9949781166334976,0.9924855488918226,0.9970036977032838,24,0.004268205570828983,0.002791864208617348,0.006065214473778566,24,3.123809523809524,2.9142857142857146,3.3111111111111113,24,0.9528861969234804,0.9309095593798588,0.9712666186587525,24,0.48639815677513765,0.44872347960100817,0.5311388854831068,24,0.3587152372501105,0.3326222630044718,0.38531527069690086,24
66e152d88b1c1d2f75bfec7244e47998fe1991ab1412d2afce05f66efa01fb2c,aligned,uniform,0.5,0.05,0.0,24,stored_q0.1,0.9976375156437239,0.9963241009708561,0.9986473783055668,24,0.002189223672274933,0.0013012611189956926,0.0032087262743510096,24,4.8999999999999995,4.633194444444444,5.138888888888888,24,0.5996643656191575,0.5495005739720533,0.6487967442755007,24,0.42330728164080034,0.3960308477577674,0.4502634779279627,24,0.39505161715169884,0.3683481117066255,0.42071022771432404,24
a4ca94cbf88c1f9dd6401d564920fffb87519fa60b1921f7d89c4faabd7c43a3,aligned,random,1.0,0.0,0.1,24,stored_q0.1,0.99111821943412,0.9844851544586097,0.9958646249940274,24,0.009730485746938456,0.004429145644694648,0.0165343259648865,24,2.9317460317460315,2.7349206349206345,3.1476190476190475,24,0.9377516725136914,0.9112885630647525,0.9615733241465149,24,0.4439821703717804,0.39207528640229267,0.49178087233509565,24,0.34048830043864253,0.30633209383926824,0.37436005128811745,24
f94a7fdfa43ce53277e710f93c3581e2fa2584ced620123136ba719504dc6798,aligned,uniform,1.0,0.1,0.0,24,stored_q0.1,0.9931687324227086,0.9902732444619928,0.9954656901677085,24,0.006461981821777954,0.004410146073963523,0.009087682721209125,24,3.8388888888888886,3.6666666666666665,4.044444444444444,24,0.6968396351447845,0.6533111322451077,0.7393461585195623,24,0.3528713952995281,0.33163075453866914,0.3763369211046823,24,0.31518566710826407,0.2944786921599282,0.3361453817963878,24
e4c331b0047dd4423c0086e74e9988a6aa18eba7890cd4a0c76312d910d9d1b1,aligned,random,2.0,0.0,0.2,24,stored_q0.1,0.9874372865192328,0.9806395881827921,0.992941058910556,24,0.010497506386969849,0.00636509330546206,0.015819607064962934,24,2.7027777777777775,2.526547619047619,2.902013888888889,24,0.920063199449389,0.885593063687662,0.9492972573766917,24,0.42047398658469143,0.3711591055238417,0.4804778020844252,24,0.3126039736735889,0.28419163685859844,0.34491878105294677,24
90c65a1930c341ebc0f17014c19bbae76a7817058bde04d5d04dc38be9d1d1ec,aligned,uniform,2.0,0.2,0.0,24,stored_q0.1,0.9894192777585884,0.9848531152476685,0.9932431470123317,24,0.012268165995497191,0.007418727812988247,0.018144527036228528,24,2.9468253968253966,2.7801388888888887,3.088888888888889,24,0.8036800678145676,0.762362062083405,0.8430255502099512,24,0.35832978394459764,0.3275380815719178,0.38847141428487614,24,0.2960579493710901,0.27165717710571163,0.31962275497332016,24
fc8f0536b57f1a66c8463de68c34c9d1e53f122c10955c80d31d0103221e6be0,aligned,random,5.0,0.0,0.5,24,stored_q0.1,0.9850221150580311,0.9793707061701257,0.9898061953803066,24,0.01546007142151253,0.010197722155906119,0.021798191177993118,24,2.571428571428571,2.425396825396825,2.7206349206349203,24,0.8772114923473504,0.8420712935465472,0.9096314262148079,24,0.3796656546914606,0.34284078767265747,0.42024988016372683,24,0.28373388930817867,0.2567808516149766,0.31190343995077824,24
8defc2c9c79d2ddb5b0e1f8019e3d0ace89a2615a42516c2a9bc4a032a35bf95,aligned,uniform,5.0,0.5,0.0,24,stored_q0.1,0.9612837888361465,0.9458534173057113,0.9743699872943642,24,0.03620741672319178,0.024218033555617104,0.04922229034025747,24,2.4090702947845806,2.276643990929705,2.55421768707483,21,0.751248005361813,0.6857978677428325,0.810870907761184,24,0.292627971073503,0.25686673248456526,0.33306865535241026,24,0.225937339454627,0.19941818655573448,0.2539552534804927,24
d5976b2248afade426f086a40eca4597ea1e1186abb47a5498ee7f8f9fa52929,aligned,random,10.0,0.0,1.0,24,stored_q0.1,0.9469636099182804,0.929308609804778,0.9624148090702523,24,0.051354546383482504,0.03719546518293667,0.06783244521721637,24,2.319047619047619,2.219047619047619,2.428571428571428,20,0.7123516588330842,0.6519319449342956,0.7689143962716876,24,0.25576128875809273,0.2313763936045669,0.28091818786159223,24,0.19568849323645332,0.17743902578114093,0.21284792000244848,24
cd6881cb4207d3291be893e04a05e01984161df001a800a120108f8479835ee4,aligned,uniform,10.0,1.0,0.0,24,stored_q0.1,0.8964142577378643,0.8590412176578662,0.9300967001444151,24,0.09387200152084034,0.06598876790758598,0.12544735482839814,24,2.257142857142857,2.123809523809524,2.4063492063492062,15,0.5690203957746373,0.47806049398379397,0.6544256192483384,24,0.22121322049875988,0.1857641284695098,0.2593685052102393,24,0.16468448554382928,0.13821874455285915,0.19274407164525648,24
d4539cb0bd9bd255d3f6b8ce8a74a82b814b5872ca82ca3f7060071f043287fa,aligned,random,20.0,0.0,2.0,24,stored_q0.1,0.8521157619266315,0.7972896868403632,0.8973248036477728,24,0.11515758956347903,0.08341518416346622,0.14621218290162952,24,2.2389610389610386,2.0779220779220777,2.4571428571428573,11,0.5030204999439571,0.4107964713082316,0.6014711132775549,24,0.1970138416641667,0.15401892122670108,0.2426868982351209,24,0.14433631073601882,0.1175346304274188,0.17426127036349867,24
fe1d63c1af04003b45ab6dec0bcebdb69c5dd734f5ca44f29da29941f2f59606,aligned,uniform,20.0,2.0,0.0,24,stored_q0.1,0.7041609402506147,0.6277241045141204,0.7754610534860831,24,0.18422037306111852,0.15334869283632305,0.21310223734084432,24,2.114285714285714,2.0,2.2285714285714286,5,0.272822991731635,0.21067556983129865,0.332802870821795,24,0.10937323372970527,0.07989681071708983,0.14063395700323478,24,0.08384855355667425,0.06475195090633769,0.10509205726630294,24
39313e49ca52cc7fb3c7ee228d0f5638fef1f62c21931e9eaf9f762195fcb349,aligned,random,30.0,0.0,3.0,24,stored_q0.1,0.7869646994266571,0.7140124311513766,0.852532055742387,24,0.15010245139744427,0.11869332134294308,0.1837046223338712,24,2.1714285714285717,2.057142857142857,2.2857142857142856,5,0.3716348187468082,0.28576516775934296,0.45880897718201413,24,0.163936800985397,0.12831833114124433,0.20345350726353145,24,0.1172838955526791,0.09360530572186254,0.14224338770429573,24
831c1ed3a02de782d2b9b96e052d3fe61b7473f518e57d2efda783dc9670681e,aligned,uniform,30.0,3.0,0.0,24,stored_q0.1,0.5167220730924753,0.4357516613907938,0.5962676929171361,24,0.21034538726935362,0.19196354010476702,0.23131256389648572,24,nan,nan,nan,0,0.16935921365106602,0.12981072139940994,0.20814461403633644,24,0.05562178786798692,0.03800945952915373,0.0764943170889017,24,0.04448741027127604,0.032226405839084,0.05768941068425497,24
c53bbe319276393a46c014f2f81f64a51bcf3bad1dccdde4d54d1c0a6a15a12c,longitudinal,none,0.0,0.0,0.0,24,stored_q0.1,0.9988627108113719,0.9984353966238507,0.9992317766087819,24,0.0010221535868213838,0.0007030883355121263,0.0013587438935507166,24,3.6888888888888887,3.4333333333333336,3.9555555555555557,24,0.9634913961442066,0.9495591180699803,0.9753541646170986,24,0.6678420435853946,0.6312966853391178,0.7090740325633212,24,0.45570892974406957,0.4285073043519607,0.48282481888975254,24
5c9f72f99d2010d9272d5325c722d6002469dfd46f99b72e847e2fd59e225ba8,longitudinal,random,0.5,0.0,0.05,24,stored_q0.1,0.9988627108115966,0.9984213680425092,0.9992459744316685,24,0.001022153586821618,0.0007056837688843026,0.0013738532373668978,24,3.6888888888888887,3.4444444444444446,3.9558333333333318,24,0.9634913961444069,0.9496548417762786,0.9760642824409604,24,0.6678420435853956,0.6279848654089697,0.711343490759217,24,0.4557089297440697,0.42953559461287416,0.48306582163367734,24
71daa2238d80e572eef38aac99c0ad72702eb277f639487c36aec23e1230aaca,longitudinal,uniform,0.5,0.05,0.0,24,stored_q0.1,0.9988627108119882,0.9984272490189969,0.9992536315874836,24,0.0010221535868217607,0.0007075602050850264,0.0013645136372447903,24,3.6888888888888887,3.4441666666666664,3.9555555555555557,24,0.9634913961446214,0.9498211194081175,0.9755251925576996,24,0.667842043585395,0.630117045612726,0.7111055335692692,24,0.45570892974406957,0.43031022591630746,0.4834761893647969,24
0381fd824af507d8dbb92741c423f3d0f0b7a5ebbb303faf0d5599ecb20f413d,longitudinal,random,2.0,0.0,0.2,24,stored_q0.1,0.9988627108113777,0.9984406782492042,0.999232556562542,24,0.0010221535868213895,0.0006966192324377429,0.0013631726316379407,24,3.6888888888888887,3.4444444444444446,3.9777777777777774,24,0.9634913961442116,0.9497737940424522,0.9753485679565538,24,0.667842043585395,0.6299250078249453,0.7073912344954676,24,0.4557089297440695,0.43151003211526484,0.4839946597655075,24
ecf18cfd9420d5bae2bb82feffd4944a01fa6c98d9540db57b1f998fe6681714,longitudinal,uniform,2.0,0.2,0.0,24,stored_q0.1,0.9988627108159481,0.998462291343596,0.9992366659126083,24,0.0010221535868283251,0.000712845616324683,0.0013684624398725017,24,3.6888888888888887,3.444444444444444,3.966666666666667,24,0.9634913961485152,0.9503863861993682,0.975299998266472,24,0.6678420435853943,0.6294962935346602,0.7087250687111016,24,0.45570892974406957,0.4292180266091342,0.48385448199652403,24
b9e0b83856c4ac15ef3e7aad4d550b55ae09e9d62e6c5feb894834a766a3bf26,longitudinal,random,10.0,0.0,1.0,24,stored_q0.1,0.9988627108113924,0.9984230584948333,0.9992448702877524,24,0.0010221535868213988,0.0006985488456466225,0.0013600532820284429,24,3.6888888888888887,3.444444444444444,3.9666666666666663,24,0.9634913961442253,0.948826028510091,0.9755244463864136,24,0.6678420435854023,0.627435870189279,0.7094805052296855,24,0.45570892974406935,0.4293603937973952,0.4831583008213946,24
f17cbdcaa929c091b129fafdbdf56460f76d94e2ad4a0bb0b01378a5475a0dd8,longitudinal,uniform,10.0,1.0,0.0,24,stored_q0.1,0.9988627108135266,0.998445999614742,0.99924060438281,24,0.0010221535868244547,0.0006788848393433728,0.0013632105589474178,24,3.6888888888888887,3.4444444444444446,3.9555555555555557,24,0.9634913961469976,0.9499894267232167,0.9754836199349247,24,0.6678420435853886,0.6294579881804285,0.7084075868033769,24,0.4557089297440697,0.42928260773643107,0.4839275320936252,24
b7b52dfb780a71efeba9ddf9fdb76abe000b56667a0dc2d3e5697b69009b69a5,longitudinal,random,30.0,0.0,3.0,24,stored_q0.1,0.9988627108113884,0.9984407784073038,0.9992396435460752,24,0.0010221535868213854,0.0007082067710571102,0.0013719935409275158,24,3.6888888888888887,3.4555555555555557,3.9558333333333318,24,0.9634913961442181,0.9499592095544972,0.9754255556707195,24,0.6678420435854102,0.6292218885162685,0.7090053273669902,24,0.45570892974406946,0.4311266970199214,0.4833185792353181,24
c0954b25a48b96a839ef5e060b19e8351dba6dbf78f7f0166dc1584c4e1b7051,longitudinal,uniform,30.0,3.0,0.0,24,stored_q0.1,0.9988627109278196,0.9984479882850111,0.9992511053146487,24,0.0010221535869290874,0.0007051464727439878,0.0013559986743138241,24,3.6888888888888887,3.444444444444444,3.9555555555555557,24,0.9634913962511701,0.9495656301905128,0.9758058246030952,24,0.6678420435853821,0.6294366960540362,0.7090895548658249,24,0.4557089297440691,0.4308116745332753,0.4841384847217906,24
