chi_z,chi_best,gain_raw,best_polar,best_azimuth,grid_best,optimum_source,starts,max_grid_polar,max_grid_azimuth,theta,theta_over_pi,h,environment_qubits,total_qubits,t,p_mix,initial_purity,initial_coherence,mutual_information,D_Z,complement_coherence,gain_leq_DZ_margin,gain_plot,angle_defined,local_decoherence
0.2859471243535131,0.28594712435351327,1.6653345369377348e-16,2.5373426811694414e-08,3.141592653589793,0.2859471243535131,local,10,9,32,0.7853981633974483,0.25,0.0,2,3,1.0,0.1,0.82,0.0,0.45582311138374854,0.16987598703023543,0.565685424949238,0.16987598703023526,1.6653345369377348e-16,0,0.565685424949238
0.2859471243535131,0.2859471243535131,0.0,0.0,0.0,0.2859471243535131,z,10,9,32,0.7853981633974483,0.25,0.0,3,4,1.0,0.1,0.82,0.0,0.33736049133137236,0.051413366977859254,0.32,0.051413366977859254,0.0,0,0.565685424949238
0.2859471243535131,0.2859471243535131,0.0,0.0,0.0,0.2859471243535131,z,10,9,32,0.7853981633974483,0.25,0.0,4,5,1.0,0.1,0.82,0.0,0.30213790083624237,0.016190776482729263,0.18101933598375616,0.016190776482729263,0.0,0,0.565685424949238
0.2859471243535131,0.2859471243535132,1.1102230246251565e-16,4.588500220769309e-11,0.7849600900579107,0.2859471243535131,local,10,9,32,0.7853981633974483,0.25,0.0,5,6,1.0,0.1,0.82,0.0,0.29110247985901827,0.005155355505505166,0.1024,0.005155355505505055,1.1102230246251565e-16,0,0.565685424949238
0.2859471243535131,0.2859471243535132,1.1102230246251565e-16,2.753790144338132e-11,3.141592653589793,0.2859471243535131,local,10,9,32,0.7853981633974483,0.25,0.0,6,7,1.0,0.1,0.82,0.0,0.287594240742973,0.0016471163894599128,0.057926187514801976,0.0016471163894598018,1.1102230246251565e-16,0,0.565685424949238
0.2859471243535131,0.2859471243535132,1.1102230246251565e-16,9.304302117612472e-11,0.785383827410399,0.2859471243535131,local,10,9,32,0.7853981633974483,0.25,0.0,8,9,1.0,0.1,0.82,0.0,0.2861156772176976,0.00016855286418449023,0.018536380004736633,0.0001685528641843792,1.1102230246251565e-16,0,0.565685424949238
0.2859471243535131,0.2859471243535131,0.0,0.0,0.0,0.2859471243535131,z,10,9,32,0.7853981633974483,0.25,0.0,12,13,1.0,0.1,0.82,0.0,0.28594889162618453,1.767272671426845e-06,0.001898125312485031,1.767272671426845e-06,0.0,0,0.565685424949238
0.2859471243535131,0.2859471243535132,1.1102230246251565e-16,5.245966743605701e-10,0.0,0.2859471243535131,local,10,9,32,0.7853981633974483,0.25,0.0,16,17,1.0,0.1,0.82,0.0,0.2859471428846958,1.8531182699454973e-08,0.0001943680319984672,1.853118258843267e-08,1.1102230246251565e-16,0,0.565685424949238
0.2859471243535131,0.2859471243535131,0.0,0.0,0.0,0.2859471243535131,z,10,9,32,0.7853981633974483,0.25,0.0,24,25,1.0,0.1,0.82,0.0,0.2859471243555509,2.037814361699475e-12,2.0380965352082475e-06,2.037814361699475e-12,0.0,0,0.565685424949238
0.2859471243535131,0.2859471243535131,0.0,0.0,0.0,0.2859471243535131,z,10,9,32,0.7853981633974483,0.25,0.0,32,33,1.0,0.1,0.82,0.0,0.28594712435351344,3.3306690738754696e-16,2.1370991125025236e-08,3.3306690738754696e-16,0.0,0,0.565685424949238
0.2859471243535131,0.2859471243535131,0.0,0.0,0.0,0.2859471243535131,z,10,9,32,0.7853981633974483,0.25,0.0,48,49,1.0,0.1,0.82,0.0,0.2859471243535132,1.1102230246251565e-16,2.349765323906295e-12,1.1102230246251565e-16,0.0,0,0.565685424949238
0.2859471243535131,0.2859471243535131,0.0,0.0,0.0,0.2859471243535131,z,10,9,32,0.7853981633974483,0.25,0.0,64,65,1.0,0.1,0.82,0.0,0.28594712435351344,3.3306690738754696e-16,2.5835942961798107e-16,3.3306690738754696e-16,0.0,0,0.565685424949238
0.2859471243535131,0.2859471243535131,0.0,0.0,0.0,0.2859471243535131,z,10,9,32,0.7853981633974483,0.25,0.0,96,97,1.0,0.1,0.82,0.0,0.2859471243535132,1.1102230246251565e-16,3.1233738520608588e-24,1.1102230246251565e-16,0.0,0,0.565685424949238
0.2859471243535131,0.2859471243535131,0.0,0.0,0.0,0.2859471243535131,z,10,9,32,0.7853981633974483,0.25,0.0,128,129,1.0,0.1,0.82,0.0,0.2859471243535132,1.1102230246251565e-16,3.775927294065574e-32,1.1102230246251565e-16,0.0,0,0.565685424949238
0.2859471243535131,0.2859471243535131,0.0,0.0,0.0,0.2859471243535131,z,10,9,32,0.7853981633974483,0.25,0.0,192,193,1.0,0.1,0.82,0.0,0.2859471243535132,1.1102230246251565e-16,5.518523922719283e-48,1.1102230246251565e-16,0.0,0,0.565685424949238
0.2859471243535131,0.2859471243535131,0.0,0.0,0.0,0.2859471243535131,z,10,9,32,0.7853981633974483,0.25,0.0,256,257,1.0,0.1,0.82,0.0,0.2859471243535132,1.1102230246251565e-16,8.065331748704106e-64,1.1102230246251565e-16,0.0,0,0.565685424949238
0.41691685299393344,0.41691685299393344,0.0,0.0,0.0,0.41691685299393344,z,10,9,32,0.7853981633974483,0.25,1.5,2,3,1.0,0.1,0.82,0.0,0.5342471531563262,0.11733030016239276,0.4399754521589524,0.11733030016239276,0.0,0,0.4399754521589524
0.41691685299393344,0.41691685299393344,0.0,0.0,0.0,0.41691685299393344,z,10,9,32,0.7853981633974483,0.25,1.5,3,4,1.0,0.1,0.82,0.0,0.43888010212978945,0.02196324913585601,0.19357839850247463,0.02196324913585601,0.0,0,0.4399754521589524
0.41691685299393344,0.41691685299393344,0.0,0.0,0.0,0.41691685299393344,z,10,9,32,0.7853981633974483,0.25,1.5,4,5,1.0,0.1,0.82,0.0,0.4211426194832393,0.004225766489305838,0.08516974340933214,0.004225766489305838,0.0,0,0.4399754521589524
0.41691685299393344,0.41691685299393344,0.0,0.0,0.0,0.41691685299393344,z,10,9,32,0.7853981633974483,0.25,1.5,5,6,1.0,0.1,0.82,0.0,0.41773391616224487,0.0008170631683114271,0.037472596366782865,0.0008170631683114271,0.0,0,0.4399754521589524
0.41691685299393344,0.41691685299393344,0.0,0.0,0.0,0.41691685299393344,z,10,9,32,0.7853981633974483,0.25,1.5,6,7,1.0,0.1,0.82,0.0,0.41707498312997604,0.00015813013604260018,0.01648702253004521,0.00015813013604260018,0.0,0,0.4399754521589524
0.41691685299393344,0.41691685299393344,0.0,0.0,0.0,0.41691685299393344,z,10,9,32,0.7853981633974483,0.25,1.5,8,9,1.0,0.1,0.82,0.0,0.41692277823226664,5.925238333204241e-06,0.0031915314174403684,5.925238333204241e-06,0.0,0,0.4399754521589524
0.41691685299393344,0.41691685299393344,0.0,0.0,0.0,0.41691685299393344,z,10,9,32,0.7853981633974483,0.25,1.5,12,13,1.0,0.1,0.82,0.0,0.4169168613141092,8.32017577057087e-09,0.00011959496859764933,8.32017577057087e-09,0.0,0,0.4399754521589524
0.41691685299393344,0.41691685299393344,0.0,0.0,0.0,0.41691685299393344,z,10,9,32,0.7853981633974483,0.25,1.5,16,17,1.0,0.1,0.82,0.0,0.41691685300561643,1.1682987910432985e-11,4.4815339857577855e-06,1.1682987910432985e-11,0.0,0,0.4399754521589524
0.41691685299393344,0.41691685299393344,0.0,0.0,0.0,0.41691685299393344,z,10,9,32,0.7853981633974483,0.25,1.5,24,25,1.0,0.1,0.82,0.0,0.4169168529939329,-5.551115123125783e-16,6.292949759400988e-09,-5.551115123125783e-16,0.0,0,0.4399754521589524
0.41691685299393344,0.41691685299393344,0.0,0.0,0.0,0.41691685299393344,z,10,9,32,0.7853981633974483,0.25,1.5,32,33,1.0,0.1,0.82,0.0,0.4169168529939329,-5.551115123125783e-16,8.836531598376076e-12,-5.551115123125783e-16,0.0,0,0.4399754521589524
0.41691685299393344,0.41691685299393344,0.0,0.0,0.0,0.41691685299393344,z,10,9,32,0.7853981633974483,0.25,1.5,48,49,1.0,0.1,0.82,0.0,0.4169168529939329,-5.551115123125783e-16,1.7423563212339568e-17,-5.551115123125783e-16,0.0,0,0.4399754521589524
0.41691685299393344,0.41691685299393344,0.0,0.0,0.0,0.41691685299393344,z,10,9,32,0.7853981633974483,0.25,1.5,64,65,1.0,0.1,0.82,0.0,0.41691685299393266,-7.771561172376096e-16,3.435517110244735e-23,-7.771561172376096e-16,0.0,0,0.4399754521589524
0.41691685299393344,0.41691685299393344,0.0,0.0,0.0,0.41691685299393344,z,10,9,32,0.7853981633974483,0.25,1.5,96,97,1.0,0.1,0.82,0.0,0.41691685299393266,-7.771561172376096e-16,1.3356799195912318e-34,-7.771561172376096e-16,0.0,0,0.4399754521589524
0.41691685299393344,0.41691685299393344,0.0,0.0,0.0,0.41691685299393344,z,10,9,32,0.7853981633974483,0.25,1.5,128,129,1.0,0.1,0.82,0.0,0.41691685299393266,-7.771561172376096e-16,5.192932505791318e-46,-7.771561172376096e-16,0.0,0,0.4399754521589524
0.41691685299393344,0.41691685299393344,0.0,0.0,0.0,0.41691685299393344,z,10,9,32,0.7853981633974483,0.25,1.5,192,193,1.0,0.1,0.82,0.0,0.4169168529939329,-5.551115123125783e-16,7.849341785924985e-69,-5.551115123125783e-16,0.0,0,0.4399754521589524
0.41691685299393344,0.41691685299393344,0.0,0.0,0.0,0.41691685299393344,z,10,9,32,0.7853981633974483,0.25,1.5,256,257,1.0,0.1,0.82,0.0,0.4169168529939329,-5.551115123125783e-16,1.1864619153735632e-91,-5.551115123125783e-16,0.0,0,0.4399754521589524
0.10352597344762321,0.18807555958500322,0.08454958613738,1.5707963267948966,4.174501968934213,0.18782774200353003,local,10,9,32,0.7853981633974483,0.25,3.0,2,3,1.0,0.1,0.82,0.0,0.30631350630250864,0.20278753285488543,0.8337681369897327,0.11823794671750543,0.08454958613738,1,0.8337681369897327
0.10352597344762321,0.12477948472537181,0.021253511277748605,1.5707963267948966,1.8966781537339874,0.12443778218721735,local,10,9,32,0.7853981633974483,0.25,3.0,3,4,1.0,0.1,0.82,0.0,0.22952941710783636,0.12600344366021315,0.6951693062593296,0.10474993238246455,0.021253511277748605,1,0.8337681369897327
0.10352597344762321,0.10352597344762327,5.551115123125783e-17,3.138016282419388e-08,2.7355703514908214,0.10352597344762321,local,10,9,32,0.7853981633974483,0.25,3.0,4,5,1.0,0.1,0.82,0.0,0.18594710833221106,0.08242113488458785,0.5796100173722862,0.0824211348845878,5.551115123125783e-17,0,0.8337681369897327
0.10352597344762321,0.10352597344762338,1.6653345369377348e-16,1.3058038539277263e-09,0.0,0.10352597344762321,local,10,9,32,0.7853981633974483,0.25,3.0,5,6,1.0,0.1,0.82,0.0,0.15874405133839775,0.05521807789077454,0.4832603643650777,0.055218077890774375,1.6653345369377348e-16,0,0.8337681369897327
0.10352597344762321,0.10352597344762338,1.6653345369377348e-16,3.749493682076567e-10,0.0,0.10352597344762321,local,10,9,32,0.7853981633974483,0.25,3.0,6,7,1.0,0.1,0.82,0.0,0.14101453129769803,0.03748855785007482,0.4029270936776503,0.037488557850074655,1.6653345369377348e-16,0,0.8337681369897327
0.10352597344762321,0.1035259734476236,3.885780586188048e-16,1.7823807850990235e-09,2.7493498119505735,0.10352597344762321,local,10,9,32,0.7853981633974483,0.25,3.0,8,9,1.0,0.1,0.82,0.0,0.12117651703939036,0.017650543591767154,0.28010254818498004,0.017650543591766765,3.885780586188048e-16,0,0.8337681369897327
0.10352597344762321,0.10352597344762338,1.6653345369377348e-16,1.1102230246251565e-08,0.0,0.10352597344762321,local,10,9,32,0.7853981633974483,0.25,3.0,12,13,1.0,0.1,0.82,0.0,0.10757605211708632,0.004050078669463109,0.1353624594954602,0.004050078669462942,1.6653345369377348e-16,0,0.8337681369897327
0.10352597344762321,0.10352597344762338,1.6653345369377348e-16,1.565762570763669e-08,3.3945570615409557,0.10352597344762321,local,10,9,32,0.7853981633974483,0.25,3.0,16,17,1.0,0.1,0.82,0.0,0.10446805382935653,0.0009420803817333234,0.06541531149712917,0.0009420803817331569,1.6653345369377348e-16,0,0.8337681369897327
0.10352597344762321,0.10352597344762338,1.6653345369377348e-16,4.215911923975737e-09,0.39269779242353714,0.10352597344762321,local,10,9,32,0.7853981633974483,0.25,3.0,24,25,1.0,0.1,0.82,0.0,0.10357729684688888,5.132339926566809e-05,0.01527712977263054,5.132339926550156e-05,1.6653345369377348e-16,0,0.8337681369897327
0.10352597344762321,0.10352597344762338,1.6653345369377348e-16,2.137776529012491e-09,0.9817476954312483,0.10352597344762321,local,10,9,32,0.7853981633974483,0.25,3.0,32,33,1.0,0.1,0.82,0.0,0.1035287725130074,2.7990653841958313e-06,0.0035678297442646454,2.799065384029298e-06,1.6653345369377348e-16,0,0.8337681369897327
0.10352597344762321,0.10352597344762338,1.6653345369377348e-16,1.3482843144382457e-08,0.3926987231807065,0.10352597344762321,local,10,9,32,0.7853981633974483,0.25,3.0,48,49,1.0,0.1,0.82,0.0,0.10352598177409345,8.326470235520134e-09,0.00019459372420198854,8.32647006898668e-09,1.6653345369377348e-16,0,0.8337681369897327
0.10352597344762321,0.10352597344762338,1.6653345369377348e-16,1.3912943616844561e-08,6.086835031650687,0.10352597344762321,local,10,9,32,0.7853981633974483,0.25,3.0,64,65,1.0,0.1,0.82,0.0,0.10352597347239323,2.4770019368958174e-11,1.061337569699649e-05,2.476985283550448e-11,1.6653345369377348e-16,0,0.8337681369897327
0.10352597344762321,0.10352597344762338,1.6653345369377348e-16,1.6846627899783878e-08,0.7853982187397932,0.10352597344762321,local,10,9,32,0.7853981633974483,0.25,3.0,96,97,1.0,0.1,0.82,0.0,0.10352597344762415,9.43689570931383e-16,3.157206250289064e-08,7.771561172376096e-16,1.6653345369377348e-16,0,0.8337681369897327
0.10352597344762321,0.10352597344762321,0.0,0.0,0.0,0.10352597344762321,z,10,9,32,0.7853981633974483,0.25,3.0,128,129,1.0,0.1,0.82,0.0,0.10352597344762393,7.216449660063518e-16,9.391876431628827e-11,7.216449660063518e-16,0.0,0,0.8337681369897327
0.10352597344762321,0.10352597344762321,0.0,0.0,0.0,0.10352597344762321,z,10,9,32,0.7853981633974483,0.25,3.0,192,193,1.0,0.1,0.82,0.0,0.10352597344762393,7.216449660063518e-16,8.31096019072866e-16,7.216449660063518e-16,0.0,0,0.8337681369897327
0.10352597344762321,0.10352597344762321,0.0,0.0,0.0,0.10352597344762321,z,10,9,32,0.7853981633974483,0.25,3.0,256,257,1.0,0.1,0.82,0.0,0.10352597344762415,9.43689570931383e-16,7.35444719643718e-21,9.43689570931383e-16,0.0,0,0.8337681369897327
0.015419200711748182,0.21249708024528874,0.19707787953354056,1.5707963267948966,0.0,0.21249708024528874,grid,10,9,32,1.413716694115407,0.45,0.0,2,3,1.0,0.1,0.82,0.0,0.22791628095703653,0.21249708024528835,0.7901506724761097,0.015419200711747794,0.19707787953354056,1,0.7901506724761097
0.015419200711748182,0.11961633063037991,0.10419712991863173,1.5707963109161913,3.1415926393258857,0.11961633063037946,local,10,9,32,1.413716694115407,0.45,0.0,3,4,1.0,0.1,0.82,0.0,0.13503553134212765,0.11961633063037946,0.6243380852144484,0.015419200711747738,0.10419712991863173,1,0.7901506724761097
0.015419200711748182,0.07090899845321386,0.055489797741465674,1.5707963267948966,0.0,0.07090899845321386,grid,10,9,32,1.413716694115407,0.45,0.0,4,5,1.0,0.1,0.82,0.0,0.08632819916496226,0.07090899845321408,0.49332115788464315,0.015419200711748404,0.055489797741465674,1,0.7901506724761097
0.015419200711748182,0.043008063721129364,0.02758886300938118,1.5707963267948966,0.0,0.043008063721129364,grid,10,9,32,1.413716694115407,0.45,0.0,5,6,1.0,0.1,0.82,0.0,0.05842726443287738,0.0430080637211292,0.3897980446492439,0.015419200711748016,0.02758886300938118,1,0.7901506724761097
0.015419200711748182,0.026399511412672383,0.0109803107009242,1.5707963267948966,0.0,0.026399511412672383,grid,10,9,32,1.413716694115407,0.45,0.0,6,7,1.0,0.1,0.82,0.0,0.041818712124420676,0.026399511412672494,0.3079991871094727,0.015419200711748293,0.0109803107009242,1,0.7901506724761097
0.015419200711748182,0.015419200711748182,0.0,0.0,0.0,0.015419200711748182,z,10,9,32,1.413716694115407,0.45,0.0,8,9,1.0,0.1,0.82,0.0,0.025541687394471158,0.010122486682722975,0.19229562272753484,0.010122486682722975,0.0,0,0.7901506724761097
0.015419200711748182,0.015419200711748182,0.0,0.0,0.0,0.015419200711748182,z,10,9,32,1.413716694115407,0.45,0.0,12,13,1.0,0.1,0.82,0.0,0.016944031829088102,0.0015248311173399198,0.07495645773380177,0.0015248311173399198,0.0,0,0.7901506724761097
0.015419200711748182,0.015419200711748182,0.0,0.0,0.0,0.015419200711748182,z,10,9,32,1.413716694115407,0.45,0.0,16,17,1.0,0.1,0.82,0.0,0.015650588020263534,0.00023138730851535172,0.029217880658469628,0.00023138730851535172,0.0,0,0.7901506724761097
0.015419200711748182,0.015419200711748182,0.0,0.0,0.0,0.015419200711748182,z,10,9,32,1.413716694115407,0.45,0.0,24,25,1.0,0.1,0.82,0.0,0.015424541435011374,5.340723263191904e-06,0.00443943828811,5.340723263191904e-06,0.0,0,0.7901506724761097
0.015419200711748182,0.015419200711748182,0.0,0.0,0.0,0.015419200711748182,z,10,9,32,1.413716694115407,0.45,0.0,32,33,1.0,0.1,0.82,0.0,0.015419324009863233,1.232981150511847e-07,0.0006745394214013243,1.232981150511847e-07,0.0,0,0.7901506724761097
0.015419200711748182,0.015419200711748182,0.0,0.0,0.0,0.015419200711748182,z,10,9,32,1.413716694115407,0.45,0.0,48,49,1.0,0.1,0.82,0.0,0.015419200777464948,6.571676536282212e-11,1.5572773273428294e-05,6.571676536282212e-11,0.0,0,0.7901506724761097
0.015419200711748182,0.015419200711748182,0.0,0.0,0.0,0.015419200711748182,z,10,9,32,1.413716694115407,0.45,0.0,64,65,1.0,0.1,0.82,0.0,0.015419200711783931,3.574918139293004e-14,3.5952126700289317e-07,3.574918139293004e-14,0.0,0,0.7901506724761097
0.015419200711748182,0.015419200711748182,0.0,0.0,0.0,0.015419200711748182,z,10,9,32,1.413716694115407,0.45,0.0,96,97,1.0,0.1,0.82,0.0,0.015419200711748626,4.440892098500626e-16,1.9162044103937356e-10,4.440892098500626e-16,0.0,0,0.7901506724761097
0.015419200711748182,0.015419200711748182,0.0,0.0,0.0,0.015419200711748182,z,10,9,32,1.413716694115407,0.45,0.0,128,129,1.0,0.1,0.82,0.0,0.015419200711748626,4.440892098500626e-16,1.021313529800959e-13,4.440892098500626e-16,0.0,0,0.7901506724761097
0.015419200711748182,0.015419200711748182,0.0,0.0,0.0,0.015419200711748182,z,10,9,32,1.413716694115407,0.45,0.0,192,193,1.0,0.1,0.82,0.0,0.015419200711748626,4.440892098500626e-16,2.901306325631362e-20,4.440892098500626e-16,0.0,0,0.7901506724761097
0.015419200711748182,0.015419200711748182,0.0,0.0,0.0,0.015419200711748182,z,10,9,32,1.413716694115407,0.45,0.0,256,257,1.0,0.1,0.82,0.0,0.015419200711748626,4.440892098500626e-16,8.241914113082428e-27,4.440892098500626e-16,0.0,0,0.7901506724761097
0.03693819142707555,0.21380703412425245,0.1768688426971769,1.5707963267948966,0.02626488409186251,0.2136380165753201,local,10,9,32,1.413716694115407,0.45,1.5,2,3,1.0,0.1,0.82,0.0,0.2507615151821092,0.21382332375503366,0.7760631685343989,0.03695448105785676,0.1768688426971769,1,0.7760631685343989
0.03693819142707555,0.11645148316591203,0.07951329173883648,1.5707963267948966,3.188670446735738,0.11619484194124718,local,10,9,32,1.413716694115407,0.45,1.5,3,4,1.0,0.1,0.82,0.0,0.15339312127394056,0.11645492984686501,0.6022740415556509,0.03694163810802853,0.07951329173883648,1,0.7760631685343989
0.03693819142707555,0.06678496287566066,0.029846771448585108,1.5707963267948966,0.06894945889694383,0.06648794199398983,local,10,9,32,1.413716694115407,0.45,1.5,4,5,1.0,0.1,0.82,0.0,0.10372373013552405,0.0667855387084485,0.46740270101569675,0.03693876725986339,0.029846771448585108,1,0.7760631685343989
0.03693819142707555,0.039168394959988806,0.0022302035329132552,1.5707963267948966,0.09127293284952667,0.03887269025669571,local,10,9,32,1.413716694115407,0.45,1.5,5,6,1.0,0.1,0.82,0.0,0.07610649377352585,0.0391683023464503,0.362734021131778,0.036938098813537046,0.0022302035329132552,1,0.7760631685343989
0.03693819142707555,0.03693819142707555,0.0,0.0,0.0,0.03693819142707555,z,10,9,32,1.413716694115407,0.45,1.5,6,7,1.0,0.1,0.82,0.0,0.06017417031961525,0.0232359788925397,0.2815045137747512,0.0232359788925397,0.0,0,0.7760631685343989
0.03693819142707555,0.03693819142707555,0.0,0.0,0.0,0.03693819142707555,z,10,9,32,1.413716694115407,0.45,1.5,8,9,1.0,0.1,0.82,0.0,0.04524924240290651,0.008311050975830958,0.16954286122727785,0.008311050975830958,0.0,0,0.7760631685343989
0.03693819142707555,0.03693819142707555,0.0,0.0,0.0,0.03693819142707555,z,10,9,32,1.413716694115407,0.45,1.5,12,13,1.0,0.1,0.82,0.0,0.03802437519387025,0.0010861837667947016,0.0614989638071575,0.0010861837667947016,0.0,0,0.7760631685343989
0.03693819142707555,0.03693819142707555,0.0,0.0,0.0,0.03693819142707555,z,10,9,32,1.413716694115407,0.45,1.5,16,17,1.0,0.1,0.82,0.0,0.03708098162062701,0.0001427901935514564,0.022307766437207915,0.0001427901935514564,0.0,0,0.7760631685343989
0.03693819142707555,0.03693819142707555,0.0,0.0,0.0,0.03693819142707555,z,10,9,32,1.413716694115407,0.45,1.5,24,25,1.0,0.1,0.82,0.0,0.03694066312173061,2.4716946550595864e-06,0.0029351660094371164,2.4716946550595864e-06,0.0,0,0.7760631685343989
0.03693819142707555,0.03693819142707555,0.0,0.0,0.0,0.03693819142707555,z,10,9,32,1.413716694115407,0.45,1.5,32,33,1.0,0.1,0.82,0.0,0.03693823421753928,4.279046372790418e-08,0.00038619731505640156,4.279046372790418e-08,0.0,0,0.7760631685343989
0.03693819142707555,0.03693819142707555,0.0,0.0,0.0,0.03693819142707555,z,10,9,32,1.413716694115407,0.45,1.5,48,49,1.0,0.1,0.82,0.0,0.03693819143990007,1.282451922435257e-11,6.68593902381924e-06,1.282451922435257e-11,0.0,0,0.7760631685343989
0.03693819142707555,0.03693819142707555,0.0,0.0,0.0,0.03693819142707555,z,10,9,32,1.413716694115407,0.45,1.5,64,65,1.0,0.1,0.82,0.0,0.03693819142707877,3.219646771412954e-15,1.1574855362135435e-07,3.219646771412954e-15,0.0,0,0.7760631685343989
0.03693819142707555,0.03693819142707555,0.0,0.0,0.0,0.03693819142707555,z,10,9,32,1.413716694115407,0.45,1.5,96,97,1.0,0.1,0.82,0.0,0.03693819142707522,-3.3306690738754696e-16,3.469140551502512e-11,-3.3306690738754696e-16,0.0,0,0.7760631685343989
0.03693819142707555,0.03693819142707555,0.0,0.0,0.0,0.03693819142707555,z,10,9,32,1.413716694115407,0.45,1.5,128,129,1.0,0.1,0.82,0.0,0.036938191427074996,-5.551115123125783e-16,1.0397482983198808e-14,-5.551115123125783e-16,0.0,0,0.7760631685343989
0.03693819142707555,0.03693819142707555,0.0,0.0,0.0,0.03693819142707555,z,10,9,32,1.413716694115407,0.45,1.5,192,193,1.0,0.1,0.82,0.0,0.03693819142707522,-3.3306690738754696e-16,9.339870694156483e-22,-3.3306690738754696e-16,0.0,0,0.7760631685343989
0.03693819142707555,0.03693819142707555,0.0,0.0,0.0,0.03693819142707555,z,10,9,32,1.413716694115407,0.45,1.5,256,257,1.0,0.1,0.82,0.0,0.03693819142707522,-3.3306690738754696e-16,8.389836725342371e-29,-3.3306690738754696e-16,0.0,0,0.7760631685343989
0.017429451522423145,0.2125258396003496,0.19509638807792645,1.5707963267948966,0.05662563424187985,0.2116814947373209,local,10,9,32,1.413716694115407,0.45,3.0,2,3,1.0,0.1,0.82,0.0,0.23004385824950424,0.2126144067270811,0.7891787651730446,0.017518018649154643,0.19509638807792645,1,0.7891787651730446
0.017429451522423145,0.1193890718704953,0.10195962034807216,1.5707963267948966,0.10055563923350842,0.11821262650390096,local,10,9,32,1.413716694115407,0.45,3.0,3,4,1.0,0.1,0.82,0.0,0.13684183137625516,0.11941237985383202,0.6228031234000515,0.017452759505759863,0.10195962034807216,1,0.7891787651730446
0.017429451522423145,0.07062145588634727,0.05319200436392413,1.5707963267948966,3.2882743320920325,0.07044518960156232,local,10,9,32,1.413716694115407,0.45,3.0,4,5,1.0,0.1,0.82,0.0,0.08805752312849546,0.07062807160607232,0.491502999870768,0.01743606724214819,0.05319200436392413,1,0.7891787651730446
0.017429451522423145,0.04273782213496735,0.025308370612544207,1.5707963267948966,0.19375495321876302,0.04273754010424613,local,10,9,32,1.413716694115407,0.45,3.0,5,6,1.0,0.1,0.82,0.0,0.060168952722098545,0.0427395011996754,0.3878837305168598,0.017431130587131194,0.025308370612544207,1,0.7891787651730446
0.017429451522423145,0.026173423056856993,0.008743971534433848,1.5707963267948966,0.24131315708742618,0.026122532317419234,local,10,9,32,1.413716694115407,0.45,3.0,6,7,1.0,0.1,0.82,0.0,0.04360308764330867,0.026173636120885524,0.30610960348000943,0.017429664586451676,0.008743971534433848,1,0.7891787651730446
0.017429451522423145,0.017429451522423145,0.0,0.0,0.0,0.017429451522423145,z,10,9,32,1.413716694115407,0.45,3.0,8,9,1.0,0.1,0.82,0.0,0.027417816071427348,0.009988364549004203,0.19064601715010115,0.009988364549004203,0.0,0,0.7891787651730446
0.017429451522423145,0.017429451522423145,0.0,0.0,0.0,0.017429451522423145,z,10,9,32,1.413716694115407,0.45,3.0,12,13,1.0,0.1,0.82,0.0,0.018919549518459977,0.0014900979960368321,0.07394848834036247,0.0014900979960368321,0.0,0,0.7891787651730446
0.017429451522423145,0.017429451522423145,0.0,0.0,0.0,0.017429451522423145,z,10,9,32,1.413716694115407,0.45,3.0,16,17,1.0,0.1,0.82,0.0,0.017653360253850447,0.0002239087314273025,0.028683415523542304,0.0002239087314273025,0.0,0,0.7891787651730446
0.017429451522423145,0.017429451522423145,0.0,0.0,0.0,0.017429451522423145,z,10,9,32,1.413716694115407,0.45,3.0,24,25,1.0,0.1,0.82,0.0,0.0174345188946039,5.067372180755925e-06,0.0043155285297590135,5.067372180755925e-06,0.0,0,0.7891787651730446
0.017429451522423145,0.017429451522423145,0.0,0.0,0.0,0.017429451522423145,z,10,9,32,1.413716694115407,0.45,3.0,32,33,1.0,0.1,0.82,0.0,0.0174295662286299,1.1470620675524401e-07,0.0006492876162491269,1.1470620675524401e-07,0.0,0,0.7891787651730446
0.017429451522423145,0.017429451522423145,0.0,0.0,0.0,0.017429451522423145,z,10,9,32,1.413716694115407,0.45,3.0,48,49,1.0,0.1,0.82,0.0,0.017429451581198574,5.877542896826071e-11,1.4697496825943226e-05,5.877542896826071e-11,0.0,0,0.7891787651730446
0.017429451522423145,0.017429451522423145,0.0,0.0,0.0,0.017429451522423145,z,10,9,32,1.413716694115407,0.45,3.0,64,65,1.0,0.1,0.82,0.0,0.017429451522452677,2.9531932455029164e-14,3.3269757121892687e-07,2.9531932455029164e-14,0.0,0,0.7891787651730446
0.017429451522423145,0.017429451522423145,0.0,0.0,0.0,0.017429451522423145,z,10,9,32,1.413716694115407,0.45,3.0,96,97,1.0,0.1,0.82,0.0,0.017429451522422257,-8.881784197001252e-16,1.7047556602789548e-10,-8.881784197001252e-16,0.0,0,0.7891787651730446
0.017429451522423145,0.017429451522423145,0.0,0.0,0.0,0.017429451522423145,z,10,9,32,1.413716694115407,0.45,3.0,128,129,1.0,0.1,0.82,0.0,0.01742945152242248,-6.661338147750939e-16,8.735236180431174e-14,-6.661338147750939e-16,0.0,0,0.7891787651730446
0.017429451522423145,0.017429451522423145,0.0,0.0,0.0,0.017429451522423145,z,10,9,32,1.413716694115407,0.45,3.0,192,193,1.0,0.1,0.82,0.0,0.0174294515224227,-4.440892098500626e-16,2.2935049044197153e-20,-4.440892098500626e-16,0.0,0,0.7891787651730446
0.017429451522423145,0.017429451522423145,0.0,0.0,0.0,0.017429451522423145,z,10,9,32,1.413716694115407,0.45,3.0,256,257,1.0,0.1,0.82,0.0,0.01742945152242248,-6.661338147750939e-16,6.0217773600457414e-27,-6.661338147750939e-16,0.0,0,0.7891787651730446
