h,environment_qubits,theta,p_mix,peak_time,peak_gain,chi_z,D_Z,complement_coherence,best_polar,best_azimuth,time_samples,angular_grid_polar,angular_grid_azimuth,refined_peaks,optimizer_evaluations,dense_check,coarse_peak_gain,gain_difference
0.0,8,1.413716694115407,0.1,15.635448212210227,0.032678816504045916,0.0045468138169225125,0.041758115225735526,0.6642955952127715,1.5707963267948966,6.233054299954459,1781,17,96,20,2180,1,0.03267881650403848,7.438494264988549e-15
0.0,64,1.413716694115407,0.1,1.8782345946208352,0.003696259297147564,0.000560571212331662,0.004930114028763977,0.650129440336106,1.5707963267948966,4.496843041998128,1781,17,96,20,1256,1,0.003696259297139015,8.548717289613705e-15
0.0,256,1.413716694115407,0.1,17.939446035317346,0.0009147344477897779,0.00013993750719987208,0.0012253422201901065,0.6487084925430365,1.5707963267948966,4.251738954618908,1781,17,96,20,3660,1,0.0009147344477828945,6.8833827526759706e-15
1.5,8,1.413716694115407,0.1,12.198194492957564,0.033322192334611644,0.0037916026069008124,0.041773610726014154,0.6658146093901872,1.5707963267948966,5.451470132614693,470,17,96,3,356,1,0.033322192334643674,-3.2029934260435766e-14
1.5,64,1.413716694115407,0.1,12.436753104396931,0.003996579616777407,0.00022531559564392678,0.004907572969794327,0.6346120320669393,1.5707963267948966,2.2341063075769307,470,17,96,3,540,1,0.003996579616813045,-3.5638159090467525e-14
1.5,256,1.413716694115407,0.1,12.498548142457084,0.001032235000729298,8.535644584251045e-06,0.0012110536861151822,0.6168098491910274,1.5707963267948966,4.225390971567162,470,17,96,3,580,1,0.001032234971423296,2.9306002069517945e-11
3.0,8,1.413716694115407,0.1,10.67318915246814,0.03696782071638344,1.2466767672636436e-05,0.04108071618138953,0.6269141667567505,1.5707963267948966,2.0571048416170474,470,17,96,20,2204,1,0.036967820716376054,7.382983113757291e-15
3.0,64,1.413716694115407,0.1,4.244130690141097,0.004163660155658555,4.006653678184646e-05,0.004815827617703328,0.599054527264427,1.5707963267948966,0.827041022134323,470,17,96,10,1740,1,0.004163660156874915,-1.2163603457793215e-12
3.0,256,1.413716694115407,0.1,2.121713351743196,0.001030434020852733,1.0463087697698548e-05,0.0011965876628702299,0.5968866399704849,1.5707963267948966,0.12352453483839039,470,17,96,4,724,1,0.0010304340387992106,-1.79464776373095e-11
