h,environment_qubits,theta,p_mix,peak_time,peak_gain,chi_z,D_Z,complement_coherence,best_polar,best_azimuth,time_samples,angular_grid_polar,angular_grid_azimuth,refined_peaks,optimizer_evaluations,dense_check
0.0,2,1.413716694115407,0.1,15.0,0.19707787953354872,0.015419200711748349,0.21249708024528308,0.7901506724761177,1.5707963267948966,0.0,981,9,64,10,384,0
0.0,3,1.413716694115407,0.1,15.28947463597028,0.10905441784806175,0.01245959466137303,0.12607239340661747,0.6968013239393798,1.5707963267948966,3.7460268006849846,981,9,64,20,2116,0
0.0,4,1.413716694115407,0.1,14.562697293535692,0.0742918480421294,0.009241098387726798,0.0897226808429078,0.6828067759135065,1.5707963267948966,5.241028384665183,981,9,64,20,2268,0
0.0,5,1.413716694115407,0.1,8.483962741953619,0.056348987322936306,0.007344971153201985,0.06968516005124081,0.6750732912812963,1.5707963267948966,4.699982107083398,981,9,64,20,1972,0
0.0,6,1.413716694115407,0.1,12.431868925328251,0.045389402410489,0.0060946641741169705,0.056976356661347594,0.6701673250449048,1.5707963267948966,4.17086747061888,981,9,64,20,2020,0
0.0,8,1.413716694115407,0.1,17.63544813724937,0.03267881650403848,0.004546815474771759,0.04175811411773733,0.6642954899272197,1.5707963267948966,3.091463294319225,981,9,64,20,2036,0
0.0,12,1.413716694115407,0.1,17.70916357863137,0.020947166893731495,0.0030152777020018284,0.027224580194571635,0.6586958185369955,1.5707963267948966,1.6378999712522964,981,9,64,20,2284,0
0.0,16,1.413716694115407,0.1,14.249157607612712,0.015413632582919945,0.0022555298201922813,0.02019730458283253,0.6559920721868174,1.5707963267948966,0.06355462137145612,981,9,64,20,2816,0
0.0,24,1.413716694115407,0.1,19.798667981909425,0.01008522084283442,0.0014997523944408342,0.013321291190879825,0.6533494964791782,1.5707963267948966,5.507126711288385,1001,9,64,20,2668,0
0.0,32,1.413716694115407,0.1,18.17348066709739,0.007494420112569733,0.0011233432550658007,0.009938168230981925,0.6520506233042339,1.5707963267948966,1.8640748521765798,1001,9,64,20,2928,0
0.0,48,1.413716694115407,0.1,8.140946472240689,0.004950786215211056,0.0007479171532778217,0.006590694839533118,0.6507661478189887,1.5707963267948966,1.5556655305801101,1001,9,64,20,2992,0
0.0,64,1.413716694115407,0.1,1.878234767013488,0.003696259297139015,0.000560569644802611,0.004930114889685588,0.6501302286736718,1.5707963141651304,4.496811782583293,981,9,64,20,3380,0
0.0,96,1.413716694115407,0.1,8.099180638414861,0.002453052896434882,0.000373469838359175,0.003278192433496918,0.6494963520143061,1.5707963267948966,3.1840510482130284,1001,9,64,20,3416,0
0.0,128,1.413716694115407,0.1,0.08578961777006229,0.0018356475642694603,0.0002800100149664697,0.0024554535939416144,0.6491819459755277,1.5707963267948966,2.2058197939744257,1001,9,64,20,3436,0
0.0,192,1.413716694115407,0.1,15.930036240293076,0.0012210159156070266,0.00018661565668948166,0.0016348465195747397,0.6488625940314031,1.5707963267948966,4.706942797488294,1001,9,64,20,3672,0
0.0,256,1.413716694115407,0.1,11.93944600261925,0.0009147344477828945,0.00013993765786357582,0.0012253421391331676,0.6487081897516908,1.5707963267948966,4.2517627187809435,1001,9,64,20,4284,0
1.5,2,1.413716694115407,0.1,11.6855948014091,0.18422089553481313,0.02559934451343432,0.2121682360975395,0.7927171484598299,1.5707963164996723,0.6880162909242995,240,9,64,6,604,0
1.5,3,1.413716694115407,0.1,11.901331775973084,0.10592713194376796,0.014151832709817125,0.1266082183353634,0.7191228778339924,1.5707963267948966,0.6660100035561312,240,9,64,3,220,0
1.5,4,1.413716694115407,0.1,12.016631852253246,0.07370524320736793,0.009365796225069112,0.08997344095647336,0.6953604435424149,1.5707963267948966,0.45404348425352214,240,9,64,3,312,0
1.5,5,1.413716694115407,0.1,12.086415219245934,0.05651464505467907,0.006935796213774659,0.06981389876462235,0.6830036533765338,1.5707963267948966,0.19478832664130047,240,9,64,3,224,0
1.5,6,1.413716694115407,0.1,12.134487875941334,0.04584803021127881,0.0054698880009041995,0.05704514879163847,0.6752356365904925,1.5707963267948966,6.1731244613070775,240,9,64,3,304,0
1.5,8,1.413716694115407,0.1,12.198194272175334,0.033322192334643674,0.0037916078979611245,0.041773607655858414,0.6658142985779465,1.5707963091091233,2.309882435273943,240,9,64,3,312,0
1.5,12,1.413716694115407,0.1,12.269457045340179,0.021605807488986217,0.0022746015645095374,0.027208437074244363,0.6563390213657775,1.5707963267948966,0.5557663013289036,240,9,64,3,364,0
1.5,16,1.413716694115407,0.1,12.310273072649496,0.016020290827419847,0.0015783730885034486,0.020172964576268992,0.651302984234191,1.5707963267948966,4.819880488888913,240,9,64,3,360,0
1.5,24,1.413716694115407,0.1,12.357478486037932,0.010596086620602796,0.0009308055105234359,0.013293904895507913,0.6456114245168243,1.5707963267948966,0.31342395954354646,241,9,64,3,440,0
1.5,32,1.413716694115407,0.1,12.385126397391005,0.007936982497057044,0.0006302928397434737,0.009911367980539376,0.6421672909882616,1.5707963267948966,4.846210715700955,241,9,64,3,368,0
1.5,48,1.413716694115407,0.1,12.417560569362156,0.005305659141333685,0.0003520915784532841,0.0065661918712370815,0.6377088596599668,1.5707963267948966,0.6737939615804093,241,9,64,3,376,0
1.5,64,1.413716694115407,0.1,12.436753372745853,0.003996579616813045,0.00022531401993197697,0.00490757518205287,0.6346132559826506,1.5707963267948966,5.375650291897238,240,9,64,3,488,0
1.5,96,1.413716694115407,0.1,12.459431942136609,0.0026872229757257116,0.00011181638721197151,0.0032584038358481338,0.6300885654827388,1.5707963267948966,1.254095961538343,241,9,64,3,428,0
1.5,128,1.413716694115407,0.1,12.472929626667574,0.0020298339036308732,6.29445047267696e-05,0.0024374609318916773,0.6266134433656528,1.5707963267948966,2.628321743879956,241,9,64,2,364,0
1.5,192,1.413716694115407,0.1,12.48895991177932,0.0013673187766714001,2.3016302110101527e-05,0.0016191376470805485,0.6211790489040699,1.5707963267948966,3.9967865942977703,241,9,64,2,384,0
1.5,256,1.413716694115407,0.1,12.498540922136243,0.001032234971423296,8.543901086843775e-06,0.0012110126814512956,0.6167440187214386,1.5707963267948966,1.0890000814120653,241,9,64,2,312,0
3.0,2,1.413716694115407,0.1,19.465747785207732,0.20925793655723318,0.0018117759018557167,0.21119947685526813,0.7992783167195502,1.5707963267948966,1.743191720283579,240,9,64,10,852,0
3.0,3,1.413716694115407,0.1,19.283916501511616,0.12237199186821213,6.023121885456728e-05,0.124956949551705,0.676685875498713,1.5707963267948966,5.791893017390893,240,9,64,14,1432,0
3.0,4,1.413716694115407,0.1,14.998406945289476,0.0836267815669906,3.5994590853460906e-05,0.08871123912517898,0.6566864852663861,1.5707963267948966,2.2150887166463837,240,9,64,20,1884,0
3.0,5,1.413716694115407,0.1,12.855869677284925,0.06355260829269888,2.6635785915607446e-05,0.06883059904814942,0.6461449590949698,1.5707963267948966,4.619495516398544,240,9,64,20,1976,0
3.0,6,1.413716694115407,0.1,12.802737808117255,0.05125267795462762,2.737228786042767e-05,0.05606607533506203,0.6341978689331425,1.5707963267948966,0.31586571914613465,240,9,64,20,1972,0
3.0,8,1.413716694115407,0.1,10.673189528693229,0.036967820716376054,1.2466248052622753e-05,0.04108070348784765,0.6269136670120741,1.5707963267948966,5.198688916322733,240,9,64,20,2104,0
3.0,12,1.413716694115407,0.1,8.537609083601007,0.023733883918550247,9.054654932783013e-06,0.026763768676789146,0.6191413709216149,1.5707963267948966,2.6556944156977327,240,9,64,19,2304,0
3.0,16,1.413716694115407,0.1,6.435153484051315,0.017469568030072657,1.5943324034872752e-05,0.019912634471852875,0.6207951532309609,1.5707963267948966,4.315893070097215,240,9,64,19,2468,0
3.0,24,1.413716694115407,0.1,6.385796561322017,0.011419535359449007,3.2054660764668785e-05,0.013057874524828816,0.608168499882972,1.5707963267948966,2.5362064827456394,241,9,64,18,2284,0
3.0,32,1.413716694115407,0.1,4.29781290840641,0.008495462025051748,1.7391136420852327e-05,0.009801545372632892,0.6167834738023021,1.5707963267948966,4.355521192812589,241,9,64,15,1828,0
3.0,48,1.413716694115407,0.1,4.2642332761248065,0.005619565293084328,5.754906873156607e-06,0.006467496483480661,0.6067729437389187,1.5707963267948966,3.8563682155174956,241,9,64,10,1476,0
3.0,64,1.413716694115407,0.1,4.244131776912812,0.004163660156874915,4.00638480834159e-05,0.004815811893316035,0.5990497991516085,1.5707963267948966,0.826845224660323,240,9,64,9,1348,0
3.0,96,1.413716694115407,0.1,2.161718831101418,0.0027690291045422977,2.1080616437851862e-05,0.003239713836097502,0.6175798520894173,1.5707963267948966,2.100874941400646,241,9,64,6,984,0
3.0,128,1.413716694115407,0.1,2.1479947162577924,0.0020832954751762167,3.636760838088282e-06,0.0024201978955757375,0.6122804950264381,1.5707962871258867,0.8788084739374534,241,9,64,5,968,0
3.0,192,1.413716694115407,0.1,2.1316031490036207,0.0013865368136006806,1.6899517304436174e-06,0.0016035860891273623,0.6037825453178571,1.5707963267948966,6.170846643931613,241,9,64,3,624,0
3.0,256,1.413716694115407,0.1,2.1217167071940475,0.0010304340387992106,1.0458842208960206e-05,0.001196563165323683,0.5968570448904399,1.5707963267948966,0.12110757257822617,241,9,64,3,500,0
