lambda,fragment_size,fragment_fraction,geometry_count,holevo_q10,holevo_q10_ci_low,holevo_q10_ci_high,holevo_q10_geometry_range,discord_q90,discord_q90_ci_low,discord_q90_ci_high,discord_q90_geometry_range,joint_record_threshold
0.0,0,0.0,2,0.0,0.0,0.0,0.0,0.0,0.0,0.0,0.0,False
0.0,1,0.0625,2,0.0,0.0,0.0,0.0,4.973241556105788e-16,1.1955207087897016e-16,9.946483112211372e-16,2.8655372382153254e-28,False
0.0,2,0.125,2,0.0,0.0,0.0,0.0,5.314650530647101e-15,4.740841173112379e-15,5.7002841190527276e-15,3.799942980449614e-27,False
0.0,3,0.1875,2,0.0,0.0,0.0,0.0,5.764541552282497e-15,5.600480116436302e-15,5.859316184935578e-15,4.741842901283502e-27,False
0.0,4,0.25,2,0.0,0.0,0.0,0.0,6.216946767736434e-15,5.861583931092231e-15,6.735142830562695e-15,5.806016262426647e-27,False
0.0,5,0.3125,2,0.0,0.0,0.0,0.0,7.397128878149133e-15,6.511550361837797e-15,8.427237897746635e-15,6.347174843408261e-27,False
0.0,6,0.375,2,0.0,0.0,0.0,0.0,9.731300469774167e-15,8.712195550422587e-15,1.0671977178402395e-14,8.622249694065659e-27,False
0.0,7,0.4375,2,0.0,0.0,0.0,0.0,1.121793220056909e-14,1.0504081223736108e-14,1.1765935098682937e-14,7.857054616001278e-27,False
0.0,8,0.5,2,7.555441694631891e-17,0.0,2.2666325083895675e-16,3.5622000251386314e-29,1.1866662106487102e-14,1.1866662106486264e-14,1.1866662106487965e-14,7.964339699111335e-27,False
0.083333333333,0,0.0,3,0.0,0.0,0.0,0.0,0.0,0.0,0.0,0.0,False
0.083333333333,1,0.0625,3,0.01378665157168866,0.01085138151602294,0.017496310831607357,2.0435042547006788e-15,0.03811311653484765,0.03692281680621219,0.03943205642288193,5.68295410730002e-15,False
0.083333333333,2,0.125,3,0.06862757152332159,0.059683516664536924,0.07784739883467245,1.0158540675320182e-14,0.06930808191971773,0.06780677853614211,0.07085054786028097,1.0200174038743626e-14,False
0.083333333333,3,0.1875,3,0.12190096549895313,0.11119015942557334,0.13263723928195073,1.797173521111972e-14,0.09722935564048309,0.09558700073378003,0.09890204524652194,1.4682699500667695e-14,False
0.083333333333,4,0.25,3,0.1723709449756581,0.15856327780958948,0.1851365630416737,2.5340840537069198e-14,0.12604598852010798,0.12432155491931338,0.12777763134723358,1.8762769116165146e-14,False
0.083333333333,5,0.3125,3,0.22024364093505455,0.2049681483267345,0.23497452431761562,3.347322419244847e-14,0.15687289349470535,0.154870326088198,0.1587605552680545,2.353672812205332e-14,False
0.083333333333,6,0.375,3,0.2638844938919012,0.2483942487225312,0.2790990930765942,3.941291737419306e-14,0.18961824684136205,0.18781672080189515,0.1917144599565466,2.8171909249863347e-14,False
0.083333333333,7,0.4375,3,0.3004891462866308,0.28272375502215746,0.3163791540674639,4.5075054799781356e-14,0.22223519886108026,0.219697681914205,0.22491462628282438,3.3612002070526614e-14,False
0.083333333333,8,0.5,3,0.3391375068644214,0.32183450790852375,0.35638130371712307,5.090372567906343e-14,0.2569085962943877,0.254411899236281,0.2592462938657885,3.9690473130349346e-14,False
0.166666666667,0,0.0,3,0.0,0.0,0.0,0.0,0.0,0.0,0.0,0.0,False
0.166666666667,1,0.0625,3,0.025008141449490012,0.01963481394786032,0.03124350435615865,3.264749581788351e-15,0.03497473485746468,0.03251716268051454,0.0375759156664565,4.697631172945194e-15,False
0.166666666667,2,0.125,3,0.12082239588747341,0.10558339106431795,0.13596806491730168,1.5931700403370996e-14,0.06475877408574152,0.06163510275961787,0.06777010818496654,8.881784197001252e-15,False
0.166666666667,3,0.1875,3,0.21040298578995184,0.19201260573516626,0.22750653872706317,2.8255175976710234e-14,0.09349374477880557,0.08952004552368828,0.09749193616134105,1.2712053631958042e-14,False
0.166666666667,4,0.25,3,0.2911225310729319,0.2700502227586699,0.31061827403610376,3.9690473130349346e-14,0.12371143959346365,0.11987822781580793,0.12765845431460476,1.7014167852380524e-14,False
0.166666666667,5,0.3125,3,0.3643351974522597,0.3419873098522319,0.3851530075396427,4.9960036108132044e-14,0.1580851575145996,0.15294945102411361,0.1631035895926843,2.1621593404574924e-14,False
0.166666666667,6,0.375,3,0.4284257908017948,0.40669632082649415,0.449096849770763,5.789813073420191e-14,0.1984524100916021,0.19235339730547704,0.20462635620447733,2.7033930649622562e-14,False
0.166666666667,7,0.4375,3,0.4791119216960955,0.4560357566538489,0.5006881353863879,6.333822355486518e-14,0.23498740437097485,0.22995996115147938,0.23977449498916256,3.272382365082649e-14,False
0.166666666667,8,0.5,3,0.5313560556543752,0.5086428636126229,0.5530751954676228,7.09432512735475e-14,0.2819182403500902,0.2758059734872703,0.28804063219219717,3.835820550079916e-14,False
0.25,0,0.0,3,0.0,0.0,0.0,0.0,0.0,0.0,0.0,0.0,False
0.25,1,0.0625,3,0.03527695548230538,0.028047275827855683,0.044219153396677105,3.3861802251067274e-15,0.025040898744755718,0.022248938418890616,0.028156742101633596,2.491062911502695e-15,False
0.25,2,0.125,3,0.16686450918441342,0.14600351390934496,0.1879611105739833,1.6042722705833512e-14,0.04747837273828554,0.043696100188435776,0.05137068085305648,4.746203430272544e-15,False
0.25,3,0.1875,3,0.28613956423222214,0.2622336797448976,0.30959469287299973,2.842170943040401e-14,0.07092371458382597,0.06522711717213596,0.07672028123670224,6.411537967210279e-15,False
0.25,4,0.25,3,0.38927830815554926,0.3637290033065757,0.41483116271693693,3.957945082788683e-14,0.09686135801299074,0.09054429710018859,0.10336168810946694,9.353628982466944e-15,False
0.25,5,0.3125,3,0.478183768406204,0.4512584916943321,0.5042359352395838,4.574118861455645e-14,0.12628681102339379,0.11831048826597969,0.1345997159665876,1.2545520178264269e-14,False
0.25,6,0.375,3,0.5530780178570174,0.5269792130528749,0.5773700763764932,5.5289106626332796e-14,0.16482317029444385,0.15470296457524177,0.1751592140870623,1.5987211554602254e-14,False
0.25,7,0.4375,3,0.609323337250238,0.5825130630084865,0.6344826194826666,6.161737786669619e-14,0.20002955458212016,0.1904986953584057,0.2091474994037349,1.9567680809018384e-14,False
0.25,8,0.5,3,0.6654066266833377,0.6404403113628533,0.6891456109595403,6.283862319378386e-14,0.24746784314473647,0.23557235256745043,0.25944049373118533,2.3203661214665772e-14,False
0.333333333333,0,0.0,3,0.0,0.0,0.0,0.0,0.0,0.0,0.0,0.0,False
0.333333333333,1,0.0625,3,0.04493356573911202,0.03596765750711048,0.05580578486439863,1.8117451983101773e-14,0.015929565195496088,0.013335346894719387,0.019068829789908055,6.251943407420413e-15,False
0.333333333333,2,0.125,3,0.20893080062295635,0.18257174152031508,0.23361992169689139,8.149037000748649e-14,0.03066806129382976,0.026893522570197958,0.034900549334899326,1.2288781103819701e-14,False
0.333333333333,3,0.1875,3,0.35369091387270996,0.32357535539436394,0.3815618334902099,1.4371837053772651e-13,0.04765565811148231,0.041840929753946446,0.05419841061481103,1.9713397581000436e-14,False
0.333333333333,4,0.25,3,0.47411976683049933,0.44047076993241147,0.5022231344883744,1.915134717478395e-13,0.06703343027687098,0.059969130273925454,0.0751077335766243,2.8407831642596193e-14,False
0.333333333333,5,0.3125,3,0.5724919577151287,0.5394541518296011,0.6002970256936199,2.325917236589703e-13,0.09052049539366387,0.08161158597166641,0.10075941411747338,3.709532681028804e-14,False
0.333333333333,6,0.375,3,0.6515704039557731,0.6228414184077978,0.6765539972065195,2.603472992745992e-13,0.12341126906118272,0.11139394316187132,0.13660251898616765,4.884981308350689e-14,False
0.333333333333,7,0.4375,3,0.7083000771366624,0.6782240474608129,0.7329430502935426,2.858824288409778e-13,0.15332363228718096,0.14128618384814415,0.16597784729065662,6.356026815979021e-14,False
0.333333333333,8,0.5,3,0.7627043568742264,0.7363282364679138,0.7843849320524503,3.0686564400639327e-13,0.19736299319143527,0.18166068850377753,0.214785350990045,7.979727989493313e-14,False
0.416666666667,0,0.0,3,0.0,0.0,0.0,0.0,0.0,0.0,0.0,0.0,False
0.416666666667,1,0.0625,3,0.05413690873076369,0.04308953979744844,0.06704759253413393,1.454392162258955e-14,0.00921627823014493,0.007138704773307995,0.01168761319567226,2.338407245616736e-15,False
0.416666666667,2,0.125,3,0.24802949733445745,0.216761673984885,0.27514720087615363,6.628031457012185e-14,0.017988148578233127,0.014972019153181937,0.0213252270505923,5.006411951669065e-15,False
0.416666666667,3,0.1875,3,0.4153350713262623,0.37990511576792946,0.4463668388921757,1.1218803663837207e-13,0.02919332665119416,0.02422100646902867,0.034840585534451095,8.430756093247282e-15,False
0.416666666667,4,0.25,3,0.5484596974431478,0.512973404356764,0.5784371202859411,1.4011014570769476e-13,0.042345359567018216,0.036038974258139324,0.04969030357341696,1.164346397075633e-14,False
0.416666666667,5,0.3125,3,0.6516572369598553,0.619230243129199,0.6802037697778306,1.7774670624248756e-13,0.059736593109537904,0.0510827434111019,0.069595977655445,1.6112111644872584e-14,False
0.416666666667,6,0.375,3,0.7301189316051385,0.7013163996361905,0.7545072372123891,1.9673151996357774e-13,0.08551678202245312,0.07394885611781682,0.09846158981169355,2.3717139363554907e-14,False
0.416666666667,7,0.4375,3,0.7846869383323315,0.756160696940357,0.8081937791016833,2.134958876354176e-13,0.10953903032615368,0.09755440127810033,0.12299944251654817,2.964295475749168e-14,False
0.416666666667,8,0.5,3,0.8338411261343187,0.8104689673010249,0.852759882292984,2.1938006966593093e-13,0.14778671876714441,0.13161736876120705,0.165701478150458,3.95516952522712e-14,False
0.5,0,0.0,3,0.0,0.0,0.0,0.0,0.0,0.0,0.0,0.0,False
0.5,1,0.0625,3,0.06298354074755956,0.049578076424930236,0.07781527632115065,2.8504976157250894e-14,0.004847923632148336,0.0034142507340709006,0.0066528693153429155,2.168404344971009e-15,False
0.5,2,0.125,3,0.28485029311906085,0.2503431851454659,0.31790023823107355,1.2750911437819923e-13,0.009677630439788877,0.007457302374896593,0.012203909143638517,4.3923198411732756e-15,False
0.5,3,0.1875,3,0.47142430473210367,0.4332334616853123,0.5060583480469825,2.1432855490388647e-13,0.01646277162544739,0.01286808649478208,0.020968039459124416,7.563394355258879e-15,False
0.5,4,0.25,3,0.6142667332508153,0.575146069877321,0.6460442298160958,2.7622348852673895e-13,0.024682882976959197,0.019763056771062916,0.030486445015608238,1.1487338857918417e-14,False
0.5,5,0.3125,3,0.718382119148616,0.6837963482253359,0.7474526549825854,3.22519788653608e-13,0.03704822635478499,0.029920095849350157,0.04565169830684417,1.6792123247455493e-14,False
0.5,6,0.375,3,0.7932253598631934,0.7651193404149693,0.8173981799413386,3.517186542012496e-13,0.055437898298059916,0.04533081576219241,0.06702352453717354,2.4966140266258208e-14,False
0.5,7,0.4375,3,0.8433663776134113,0.8161765069628809,0.8654233170204831,3.850253449400043e-13,0.07387752294496967,0.06317663079305014,0.08666164143247684,3.250177904590146e-14,False
0.5,8,0.5,3,0.8861632975617191,0.8654667032871164,0.9031146873324537,3.8613556796462944e-13,0.10571274746366215,0.09010814986428516,0.12332948222307466,4.8530623963927155e-14,False
0.583333333333,0,0.0,3,0.0,0.0,0.0,0.0,0.0,0.0,0.0,0.0,False
0.583333333333,1,0.0625,3,0.07153584762811543,0.056825143181719134,0.0896828670542429,6.689093723366568e-15,0.0023622903230740653,0.0014397203022370937,0.0035029552412402455,2.3722343533982837e-16,False
0.583333333333,2,0.125,3,0.3197555743521042,0.28054874039928795,0.3580631268392259,3.0808688933348094e-14,0.004722861610582433,0.0032869012616144563,0.006369457596225163,4.527628272299467e-16,False
0.583333333333,3,0.1875,3,0.5228260632123624,0.4813974340972817,0.5628281234404194,4.729550084903167e-14,0.008538326331640473,0.005922788339935303,0.011609872525087848,8.430756093247282e-16,False
0.583333333333,4,0.25,3,0.6723685340376792,0.632786284587749,0.7073094188144116,6.09512440519211e-14,0.0134701110410864,0.009839495500594691,0.01789092654054535,1.3010426069826053e-15,False
0.583333333333,5,0.3125,3,0.7750655922651536,0.7414342770246609,0.8056783467101947,7.482903185973555e-14,0.021621669480738053,0.01588149072295038,0.028408413801750697,2.060851489460447e-15,False
0.583333333333,6,0.375,3,0.8442976997651908,0.8175701879527295,0.8670508684181696,7.827072323607354e-14,0.03396197948214149,0.025749615904461867,0.04316698796999871,3.1363800445660672e-15,False
0.583333333333,7,0.4375,3,0.8884233002351024,0.8641899217370566,0.908859400527972,8.604228440844963e-14,0.04710882668161506,0.03805649184317596,0.057554641223408996,4.3021142204224816e-15,False
0.583333333333,8,0.5,3,0.9243045642786218,0.9070187888370554,0.9392629695678094,8.737455203799982e-14,0.07235538038344815,0.05779840138577892,0.0885911054568129,6.841749389252527e-15,True
0.666666666667,0,0.0,3,0.0,0.0,0.0,0.0,0.0,0.0,0.0,0.0,False
0.666666666667,1,0.0625,3,0.07983802561976748,0.06413508041792526,0.09899371243707464,7.049916206369744e-15,0.0010601419127501247,0.0005425674437345208,0.0016912309633363384,1.0755285551056204e-16,False
0.666666666667,2,0.125,3,0.35315217046914443,0.3119416032406234,0.39226404949257415,3.325117958752344e-14,0.0020884078074910645,0.0013013517521625437,0.0030157993187199124,1.7780915628762273e-16,False
0.666666666667,3,0.1875,3,0.5703450073676427,0.5285743062676613,0.6115617732698518,5.129230373768223e-14,0.004024491829640902,0.0025290411405323935,0.005774188546189794,3.677613769070831e-16,False
0.666666666667,4,0.25,3,0.7235161916422745,0.6802296601095729,0.7583733865694604,6.306066779870889e-14,0.006780413701797205,0.00440397469649767,0.009546790152682552,6.513886652292911e-16,False
0.666666666667,5,0.3125,3,0.8236228613600455,0.7913199577908204,0.8511192701407487,7.882583474838611e-14,0.011877020240209785,0.007906805850595744,0.016601098259688536,9.905271047827569e-16,False
0.666666666667,6,0.375,3,0.8857155904731692,0.8611376615628951,0.9063532237138272,7.971401316808624e-14,0.019402645470103865,0.013593431936868575,0.025883786668710076,1.717376241217039e-15,False
0.666666666667,7,0.4375,3,0.9224025967703567,0.9014917625328863,0.9395701862359351,7.926992395823618e-14,0.0282553398951411,0.021368937576990116,0.0359193259331439,2.4980018054066022e-15,True
0.666666666667,8,0.5,3,0.9516280950771779,0.9375091715072519,0.9629826980306035,8.837375276016246e-14,0.04718082120684656,0.03539943521570792,0.05985820165972348,3.9065972678997696e-15,True
0.75,0,0.0,3,0.0,0.0,0.0,0.0,0.0,0.0,0.0,0.0,False
0.75,1,0.0625,3,0.08792301667240503,0.07033869795963826,0.1099655323616229,1.5792922525292852e-14,0.00042623823613090975,0.00017968213970239868,0.0007494489083819823,8.299567630376536e-17,False
0.75,2,0.125,3,0.3850650833877666,0.3425930474105905,0.4284524899672221,6.822320486321587e-14,0.0008107646092442641,0.0004471556565620802,0.001284382929059522,1.4582519219930035e-16,False
0.75,3,0.1875,3,0.6143456535821848,0.5682990536090983,0.6572174389632217,1.0891287871572786e-13,0.0017197966424466731,0.0009528103325044902,0.002743989395446979,3.3306690738754696e-16,False
0.75,4,0.25,3,0.7700924775553819,0.7296251859351491,0.805434575922246,1.3800072196090696e-13,0.0031265778709170223,0.0018257311919136108,0.004908782344156376,5.668208957754217e-16,False
0.75,5,0.3125,3,0.8644757376798072,0.8352908293077295,0.8914628698719765,1.5631940186722204e-13,0.00592807932868281,0.003614771001977928,0.008976331663896595,1.0373646386341306e-15,False
0.75,6,0.375,3,0.9181588827682724,0.8978669101084773,0.9366429651457787,1.5198953207118393e-13,0.010197139397560452,0.00666212383201952,0.014721252949623146,1.9290125052862095e-15,True
0.75,7,0.4375,3,0.9482270268763985,0.931913673434831,0.9623007791052448,1.7053025658242404e-13,0.01582676914439821,0.011401251153178254,0.021402572722665315,2.7096380694757727e-15,True
0.75,8,0.5,3,0.9705245057974187,0.9601480005478661,0.9790473389191969,1.7719159473017498e-13,0.029146045285955612,0.02047861394272433,0.039740246348678905,5.4539706084710815e-15,True
0.833333333333,0,0.0,3,0.0,0.0,0.0,0.0,0.0,0.0,0.0,0.0,False
0.833333333333,1,0.0625,3,0.0958163126100105,0.0766168753416831,0.12071946447009414,8.396061623727746e-15,0.00013807947038454391,3.8642718981332296e-05,0.00026196733697250415,1.2115959277525512e-17,False
0.833333333333,2,0.125,3,0.4158099386276877,0.36614689487477564,0.46568178681088856,3.108624468950438e-14,0.00027009583125617553,0.00010368526727756391,0.00047201203824739056,2.190088388420719e-17,False
0.833333333333,3,0.1875,3,0.6554807707407667,0.6041860359059459,0.7026839064802702,5.206945985491984e-14,0.0006434292517124119,0.0002565245143755077,0.0011240367500644488,5.4969050145015075e-17,False
0.833333333333,4,0.25,3,0.81103620776396,0.7660468386454227,0.8484076945100257,6.816769371198461e-14,0.0012964332233250055,0.0005458695820181259,0.0022713724247558974,1.0711917464156784e-16,False
0.833333333333,5,0.3125,3,0.8975440047547653,0.8671606603723975,0.9229401315369195,8.093525849517391e-14,0.002631221866356304,0.0012375823413735268,0.0043122472475556955,2.2724877535296173e-16,False
0.833333333333,6,0.375,3,0.9438618997437599,0.9247854372936736,0.9593944411877798,7.349676423018536e-14,0.004815526325823373,0.002598253737069763,0.007430484841138162,4.2674197509029455e-16,True
0.833333333333,7,0.4375,3,0.967563114768101,0.9534808019805404,0.978701562880282,7.838174553853605e-14,0.0080574392849437,0.004972998910420032,0.011703133616805432,6.522560269672795e-16,True
0.833333333333,8,0.5,3,0.9833520644880407,0.9752200359384845,0.9896212336830997,8.01581023779363e-14,0.016469604824424857,0.01030722197794622,0.024173364425891974,1.4398204850607499e-15,True
0.916666666667,0,0.0,3,0.0,0.0,0.0,0.0,0.0,0.0,0.0,0.0,False
0.916666666667,1,0.0625,3,0.1035382179170704,0.08279473752239518,0.12788245025732653,7.549516567451064e-15,3.086779677896592e-05,6.596218194447707e-06,6.419684933390086e-05,2.4868887331386258e-18,False
0.916666666667,2,0.125,3,0.44532360865411214,0.3952214597427597,0.4945781661850996,2.964295475749168e-14,7.079050731786345e-05,1.909524424148085e-05,0.00014229321956318612,5.068645156369733e-18,False
0.916666666667,3,0.1875,3,0.6931061291337107,0.6415953806816049,0.7385781427047541,4.618527782440651e-14,0.00018496337775629118,5.322779561435202e-05,0.00036440789592377773,1.3660947373317356e-17,False
0.916666666667,4,0.25,3,0.8465101566978195,0.8027974895741634,0.8805351903614475,5.906386491005833e-14,0.00044638214217098516,0.00013727759191502328,0.0008772085255185673,2.417770844642675e-17,False
0.916666666667,5,0.3125,3,0.9258413255584198,0.8986094003028617,0.9480491078006529,5.906386491005833e-14,0.0010444332292929785,0.0003632207426239737,0.002015105964692412,6.375108774214766e-17,True
0.916666666667,6,0.375,3,0.963697414424591,0.9478715994477354,0.976383176751724,6.195044477408373e-14,0.0019410271317907618,0.0008872018943746029,0.003342165141803974,1.4983674023749671e-16,True
0.916666666667,7,0.4375,3,0.9810894951611608,0.9707456327635248,0.989042960489224,6.972200594645983e-14,0.0034735137357558682,0.001870354159462988,0.005566773779387552,2.5717275531356165e-16,True
0.916666666667,8,0.5,3,0.991527690592766,0.9861813339877792,0.9955371378753036,7.283063041541027e-14,0.008212864271057494,0.004426780328881112,0.013233828760595206,5.360295540768334e-16,True
1.0,0,0.0,3,0.0,0.0,0.0,0.0,0.0,0.0,0.0,0.0,False
1.0,1,0.0625,3,0.11110528058861176,0.08914727594713681,0.13748801955007067,1.4030443473700416e-14,1.638660954020236e-06,3.538289457234671e-08,4.412414552982076e-06,1.8486494073825105e-19,False
1.0,2,0.125,3,0.4735576492922579,0.42043948400009495,0.5251081402513497,6.261657858885883e-14,7.606486538717546e-06,5.40391697599836e-07,1.788506085519891e-05,5.468444707473763e-18,False
1.0,3,0.1875,3,0.7280443089149937,0.6778078815453954,0.7746378862779755,9.325873406851315e-14,2.694595651142702e-05,2.514503276311407e-06,6.186637221950701e-05,3.415236843329339e-18,False
1.0,4,0.25,3,0.8787498020117989,0.8349532600450242,0.9135922077906966,1.1590728377086634e-13,8.05634691749501e-05,1.0293008232140379e-05,0.00019188859828429082,1.1939776424496618e-17,False
1.0,5,0.3125,3,0.9490576822657113,0.923843317964597,0.9688642629598996,1.254552017826427e-13,0.00019505278824172192,4.4492251213087706e-05,0.0004077260620784243,2.4638494369733088e-17,True
1.0,6,0.375,3,0.9776119352697475,0.96378109665482,0.9879214732925055,1.270095140171179e-13,0.0005867085530920085,0.00013753600180061454,0.0011994868492732188,8.272462576064399e-17,True
1.0,7,0.4375,3,0.9900472008203399,0.982290244333478,0.9958727601857438,1.2534417948018017e-13,0.0010605843592730276,0.00041105756254944354,0.001918274879151486,1.3617579286417936e-16,True
1.0,8,0.5,3,0.9967519667878405,0.9939539118254497,0.9987915113583589,1.297850715786808e-13,0.0031416833148096217,0.0012649970962324308,0.005579109699544818,3.673276960380889e-16,True
