n_environment,lambda,criterion,mean,low,high,defined,total,common_defined,common_mean
8,0.75,mean,3.7777777777777777,3.4444444444444446,4.0,9,12,5,3.6
8,0.75,q25,3.6666666666666665,3.3333333333333335,4.0,6,12,5,3.6
8,0.75,q10,3.8,3.4,4.0,5,12,5,3.8
8,0.933012702,mean,3.0,2.6666666666666665,3.3333333333333335,12,12,11,2.909090909090909
8,0.933012702,q25,3.090909090909091,2.727272727272727,3.4545454545454546,11,12,11,3.090909090909091
8,0.933012702,q10,3.8181818181818183,3.5454545454545454,4.0,11,12,11,3.8181818181818183
8,1.0,mean,3.0,2.6666666666666665,3.3333333333333335,12,12,11,2.909090909090909
8,1.0,q25,2.9166666666666665,2.6666666666666665,3.1666666666666665,12,12,11,2.8181818181818183
8,1.0,q10,3.6363636363636362,3.272727272727273,3.909090909090909,11,12,11,3.6363636363636362
10,0.75,mean,4.090909090909091,3.6363636363636362,4.454545454545454,11,12,7,3.7142857142857144
10,0.75,q25,4.375,4.125,4.75,8,12,7,4.285714285714286
10,0.75,q10,4.571428571428571,4.142857142857143,4.857142857142857,7,12,7,4.571428571428571
10,0.933012702,mean,3.4166666666666665,3.0,3.8333333333333335,12,12,10,3.3
10,0.933012702,q25,3.5833333333333335,3.3333333333333335,3.8333333333333335,12,12,10,3.5
10,0.933012702,q10,4.2,3.8,4.6,10,12,10,4.2
10,1.0,mean,3.1666666666666665,2.75,3.5833333333333335,12,12,10,3.0
10,1.0,q25,3.1666666666666665,2.75,3.5,12,12,10,3.0
10,1.0,q10,3.9,3.5,4.3,10,12,10,3.9
12,0.75,mean,4.416666666666667,4.0,4.833333333333333,12,12,10,4.2
12,0.75,q25,4.818181818181818,4.363636363636363,5.2727272727272725,11,12,10,4.7
12,0.75,q10,5.2,4.7,5.6,10,12,10,5.2
12,0.933012702,mean,3.25,2.8333333333333335,3.6666666666666665,12,12,12,3.25
12,0.933012702,q25,3.5833333333333335,3.0833333333333335,4.083333333333333,12,12,12,3.5833333333333335
12,0.933012702,q10,4.75,4.333333333333333,5.166666666666667,12,12,12,4.75
12,1.0,mean,3.0833333333333335,2.6666666666666665,3.5,12,12,12,3.0833333333333335
12,1.0,q25,3.25,2.75,3.75,12,12,12,3.25
12,1.0,q10,4.25,3.8333333333333335,4.75,12,12,12,4.25
14,0.75,mean,4.416666666666667,3.9166666666666665,4.835416666666655,12,12,11,4.2727272727272725
14,0.75,q25,4.583333333333333,4.083333333333333,5.085416666666655,12,12,11,4.454545454545454
14,0.75,q10,5.454545454545454,4.909090909090909,6.0,11,12,11,5.454545454545454
14,0.933012702,mean,3.5,3.25,3.8333333333333335,12,12,12,3.5
14,0.933012702,q25,3.5833333333333335,3.25,3.9166666666666665,12,12,12,3.5833333333333335
14,0.933012702,q10,4.416666666666667,3.9166666666666665,4.916666666666667,12,12,12,4.416666666666667
14,1.0,mean,3.3333333333333335,2.9166666666666665,3.75,12,12,12,3.3333333333333335
14,1.0,q25,3.25,2.9166666666666665,3.5833333333333335,12,12,12,3.25
14,1.0,q10,4.0,3.5833333333333335,4.5,12,12,12,4.0
16,0.75,mean,4.75,4.333333333333333,5.083333333333333,12,12,12,4.75
16,0.75,q25,4.833333333333333,4.333333333333333,5.333333333333333,12,12,12,4.833333333333333
16,0.75,q10,5.666666666666667,5.083333333333333,6.25,12,12,12,5.666666666666667
16,0.933012702,mean,3.5833333333333335,3.1666666666666665,4.0,12,12,12,3.5833333333333335
16,0.933012702,q25,3.6666666666666665,3.3333333333333335,4.0,12,12,12,3.6666666666666665
16,0.933012702,q10,4.916666666666667,4.583333333333333,5.25,12,12,12,4.916666666666667
16,1.0,mean,3.5,3.0833333333333335,3.9166666666666665,12,12,12,3.5
16,1.0,q25,3.5,3.0833333333333335,3.9166666666666665,12,12,12,3.5
16,1.0,q10,4.333333333333333,3.8333333333333335,4.833333333333333,12,12,12,4.333333333333333
20,0.75,mean,4.625,4.25,4.875,8,8,8,4.625
20,0.75,q25,5.0,4.625,5.375,8,8,8,5.0
20,0.75,q10,6.25,6.0,6.625,8,8,8,6.25
20,0.933012702,mean,3.75,3.375,4.0,8,8,8,3.75
20,0.933012702,q25,4.0,3.625,4.375,8,8,8,4.0
20,0.933012702,q10,4.75,4.5,5.0,8,8,8,4.75
20,1.0,mean,3.5,3.125,3.875,8,8,8,3.5
20,1.0,q25,3.625,3.25,4.0,8,8,8,3.625
20,1.0,q10,4.5,4.125,4.875,8,8,8,4.5
24,0.75,mean,4.5,4.125,4.875,8,8,8,4.5
24,0.75,q25,5.0,4.625,5.375,8,8,8,5.0
24,0.75,q10,6.0,5.625,6.375,8,8,8,6.0
24,0.933012702,mean,3.625,3.25,3.875,8,8,8,3.625
24,0.933012702,q25,3.75,3.375,4.0,8,8,8,3.75
24,0.933012702,q10,4.625,4.125,5.125,8,8,8,4.625
24,1.0,mean,3.5,3.125,3.875,8,8,8,3.5
24,1.0,q25,3.625,3.25,3.875,8,8,8,3.625
24,1.0,q10,4.5,4.125,4.875,8,8,8,4.5
