p,field_width,field_width_over_g,holevo_fhalf,discord_fhalf,redundancy_q10,kappa_typ,kappa_ann,holevo_fhalf_min
0.0,0.0,0.0,0.9300774334913239,0.06393063480529555,2.1428571428571423,0.15959742677681438,0.1528102494922761,0.7923317494318676
0.05,0.0,0.0,0.9956427141868543,0.0050561556785112234,3.311111111111112,0.40728192987146855,0.351150017607565,0.9546686087666908
0.1,0.0,0.0,0.9981542809958578,0.0023487625878414486,3.733333333333334,0.5516850427504277,0.4284100993629028,0.9700665412436432
0.15000000000000002,0.0,0.0,0.9985283080276806,0.001846189317513169,3.733333333333334,0.654956603950165,0.4542968293573649,0.9728264582903224
0.2,0.0,0.0,0.9981542809959191,0.0023487625878415956,3.733333333333334,0.5516850427504277,0.42841009936290275,0.9700665412437041
0.25,0.0,0.0,0.9969670839940056,0.0036678596002043735,3.4111111111111114,0.4589127079423851,0.3833422906930126,0.9625034121581373
0.30000000000000004,0.0,0.0,0.9945843253829406,0.0062811541145698395,3.2000000000000006,0.3809139115079527,0.33292436106358564,0.9490724323209978
0.35000000000000003,0.0,0.0,0.9895552906624885,0.011623433624703831,3.0444444444444447,0.31403793588289847,0.2830902317214667,0.9276649414883984
0.4,0.0,0.0,0.9796058174581607,0.020979217332935406,2.66031746031746,0.2558083005975352,0.2360147623488804,0.8958135778799553
0.45,0.0,0.0,0.9614600909905922,0.0373795368805925,2.301587301587302,0.20432395386266114,0.19245060466771355,0.8511940732054594
0.5,0.0,0.0,0.9300774334908445,0.06393063480526455,2.1428571428571423,0.15959742677681438,0.1528102494922761,0.7923317494314722
0.0,0.025,0.25,0.9268343991671665,0.06485473906520546,2.126984126984127,0.16667820178636691,0.1540221105190087,0.7578146027554195
0.05,0.025,0.25,0.9918791693672921,0.008880224812954461,2.923809523809524,0.353580336804639,0.3049999319864664,0.9250625721044594
0.1,0.025,0.25,0.9968265561021141,0.0036569636324577694,3.333333333333334,0.460204445806581,0.37768432656441836,0.9528417528334169
0.15000000000000002,0.025,0.25,0.9979991203841775,0.002123084506078113,3.5333333333333337,0.5387634340734014,0.41890266556220707,0.9650160634938855
0.2,0.025,0.25,0.9983107939794224,0.0016153184876129512,3.6666666666666674,0.5459475420707237,0.4332402586377122,0.9716837797522215
0.25,0.025,0.25,0.9982378136620847,0.0016200698288477363,3.733333333333334,0.5318499132223978,0.43016953191609214,0.974287960114988
0.30000000000000004,0.025,0.25,0.9975655976820136,0.001971110217177295,3.555555555555556,0.5001190856785033,0.41055937053377645,0.9745057440612334
0.35000000000000003,0.025,0.25,0.9962225475986727,0.002733533106099369,3.4888888888888894,0.46171426339520893,0.38488968852255484,0.9690271907237884
0.4,0.025,0.25,0.9940566061306866,0.004138521326670554,3.4222222222222225,0.4269939747266461,0.3525996436022878,0.9586619761588994
0.45,0.025,0.25,0.9904397101529147,0.0061489691112925245,3.111111111111111,0.3834409286972926,0.3174518481525919,0.941108961982336
0.5,0.025,0.25,0.9841307795061311,0.010090655545941107,3.003174603174603,0.33607777887222934,0.2847520284116511,0.9171165414582721
0.0,0.05,0.5,0.9195335532156775,0.07217625024863365,2.047619047619048,0.1653871897562936,0.14872258829053228,0.7052705861335644
0.05,0.05,0.5,0.9845684228639876,0.014494641978646536,2.6603174603174606,0.3088447682090831,0.2659968965894299,0.9034098912861851
0.1,0.05,0.5,0.9934892350947401,0.006171774398271172,3.133333333333334,0.3992384311639709,0.33055372974137925,0.9435654704773634
0.15000000000000002,0.05,0.5,0.9966152249593759,0.003316235837136214,3.377777777777778,0.46348977520079676,0.37524692527734643,0.9617036029956996
0.2,0.05,0.5,0.9976950148336426,0.0021037932543408935,3.4888888888888894,0.49660717716341574,0.40132412703029313,0.9716620271937191
0.25,0.05,0.5,0.9980894529004104,0.0015739206615082745,3.555555555555556,0.5077292576560065,0.4153736273293884,0.9766081711254456
0.30000000000000004,0.05,0.5,0.9981431927427198,0.001521753253631887,3.6222222222222222,0.5110048303424949,0.42121919296533306,0.977563003840214
0.35000000000000003,0.05,0.5,0.9980464995252539,0.0017887400730201293,3.6222222222222222,0.5108787795092301,0.4196679535970844,0.9778526099122332
0.4,0.05,0.5,0.9973512293707225,0.0022883950546862203,3.4888888888888894,0.5008456290849602,0.409512192592337,0.9748256325682295
0.45,0.05,0.5,0.9962308955483591,0.0031779016076639815,3.422222222222223,0.4868140645735197,0.39127563282485694,0.9693680682632969
0.5,0.05,0.5,0.9945836625495251,0.004629688433668751,3.2285714285714295,0.46565101471144504,0.365311467977228,0.9607710349815682
0.0,0.1,1.0,0.8799703777229758,0.09851448995959816,2.142857142857143,0.14758778658743135,0.12749755837428126,0.6477095940855379
0.05,0.1,1.0,0.9723624152096098,0.027575991822115276,2.433333333333333,0.26800403577166443,0.22082145887864432,0.86588527996602
0.1,0.1,1.0,0.9883220164367992,0.012740186351973893,2.7047619047619045,0.3391079852607086,0.28034723292064,0.9252325805996041
0.15000000000000002,0.1,1.0,0.9939221684575372,0.006880014336157301,3.0444444444444443,0.39936104098189634,0.3258741559352273,0.9558084059441697
0.2,0.1,1.0,0.9964249698510992,0.004221385949078762,3.377777777777778,0.4420135012345329,0.3603673448747986,0.9709447993334451
0.25,0.1,1.0,0.9975118118804759,0.0030860302530858583,3.422222222222223,0.4785933217411484,0.38550051816434117,0.9795048504470425
0.30000000000000004,0.1,1.0,0.9979733594494488,0.002643925947449308,3.4888888888888894,0.5011894312774109,0.40642678243396,0.982273928361816
0.35000000000000003,0.1,1.0,0.9982857994547153,0.002424986813971405,3.377777777777778,0.5250873914713358,0.41672419201877803,0.983389654677434
0.4,0.1,1.0,0.9983125376316195,0.0024204539091410454,3.3111111111111113,0.5409030088918788,0.41684760291271655,0.9815254139331238
0.45,0.1,1.0,0.9980561496652643,0.002751813396424545,3.244444444444445,0.5377027372546719,0.4073303709064167,0.9786371051842014
0.5,0.1,1.0,0.9974413306420028,0.003287834163117759,3.2000000000000006,0.5135565439685793,0.38952989309634484,0.973536148727108
0.0,0.15000000000000002,1.5000000000000002,0.8615897772271478,0.11491234587209959,2.107142857142857,0.13559971911058083,0.11609347458319097,0.5443979422616329
0.05,0.15000000000000002,1.5000000000000002,0.96272267984233,0.03780062553705977,2.238095238095238,0.23748826243663693,0.19904111073719286,0.8149888833436966
0.1,0.15000000000000002,1.5000000000000002,0.984272566817776,0.01760183905199532,2.6698412698412697,0.3130161694700909,0.2584029387705557,0.891093537618417
0.15000000000000002,0.15000000000000002,1.5000000000000002,0.9923110382661121,0.009175888375740808,2.901587301587302,0.3625293068464915,0.3032979270357246,0.9308464178057004
0.2,0.15000000000000002,1.5000000000000002,0.9956531316028535,0.005220716883736937,3.2349206349206354,0.4098894367471893,0.3434487292417016,0.9523672977071737
0.25,0.15000000000000002,1.5000000000000002,0.9971167347325106,0.0036379658375428124,3.4,0.44787619822757424,0.3749663838301846,0.9628811583988316
0.30000000000000004,0.15000000000000002,1.5000000000000002,0.9977224492351598,0.0026259558684799205,3.5111111111111115,0.4826840721876698,0.39945060327816956,0.9699445841217043
0.35000000000000003,0.15000000000000002,1.5000000000000002,0.9978728162985296,0.0020668806689745725,3.555555555555556,0.5179497985476604,0.4187934694022255,0.9734167249502622
0.4,0.15000000000000002,1.5000000000000002,0.9976989161688111,0.0020646898919401,3.755555555555556,0.546936716760451,0.43095287093736045,0.9739201449889104
0.45,0.15000000000000002,1.5000000000000002,0.9971647017689427,0.0021781160279813827,3.755555555555556,0.559297396815467,0.4346115070095393,0.9742739211190434
0.5,0.15000000000000002,1.5000000000000002,0.9962251297898614,0.002637767677058768,3.4444444444444446,0.5445545435333013,0.4234648719563798,0.972830055546727
0.0,0.2,2.0,0.833863720993131,0.13741924392130753,2.142857142857143,0.12855938100849063,0.10529144187937757,0.48651157743392687
0.05,0.2,2.0,0.9456278209554262,0.0476490417335825,2.2095238095238092,0.2167887753755344,0.17653995721146024,0.7733479263110432
0.1,0.2,2.0,0.9771860940873758,0.02074968190513793,2.3968253968253967,0.28869071647871586,0.23429757499141532,0.8727029952810872
0.15000000000000002,0.2,2.0,0.9890906003558878,0.010263128360259425,2.6809523809523808,0.3403965347390454,0.28206066874100993,0.9212109154189047
0.2,0.2,2.0,0.9938809542182746,0.005796839620034533,2.990476190476191,0.38797252263234716,0.32348554179774075,0.9461731464616903
0.25,0.2,2.0,0.9959882464600952,0.00349298238801192,3.377777777777778,0.4317010863991358,0.360171870049087,0.9604603146156058
0.30000000000000004,0.2,2.0,0.9966769671922272,0.0023905033988776193,3.377777777777778,0.4702711040722005,0.3909700678757384,0.9707908253857944
0.35000000000000003,0.2,2.0,0.9968610582825487,0.0017856118065776082,3.555555555555556,0.5129263463467996,0.4153087567653151,0.9761670273589821
0.4,0.2,2.0,0.9968075682466141,0.0016717494046854754,3.7682539682539686,0.5521436469906236,0.4305643113836057,0.9782578750274373
0.45,0.2,2.0,0.9965616112022296,0.0018590320792767519,3.657142857142857,0.5725738074051939,0.4357575422837587,0.97651978102564
0.5,0.2,2.0,0.996132306774363,0.0023384523763887227,3.5904761904761906,0.5571917750830101,0.42858191837373144,0.9735301878857473
0.0,0.30000000000000004,3.0000000000000004,0.7408336875443956,0.17275333326577283,2.2857142857142856,0.09724509261352998,0.0818653470611928,0.350705175717696
0.05,0.30000000000000004,3.0000000000000004,0.9070902603375671,0.07622710509481607,2.1904761904761902,0.17949651348441442,0.14769637994699483,0.6689838555432895
0.1,0.30000000000000004,3.0000000000000004,0.9587322642844346,0.03749128548801486,2.218253968253968,0.23454454406921088,0.19778963015884396,0.797195176597855
0.15000000000000002,0.30000000000000004,3.0000000000000004,0.9794698118286852,0.019073037893339022,2.528571428571429,0.28516358791521507,0.2425596328236733,0.8620799628372389
0.2,0.30000000000000004,3.0000000000000004,0.9887997546730508,0.010539215155713115,2.812698412698413,0.33170973360747696,0.2849148626803309,0.902961861156017
0.25,0.30000000000000004,3.0000000000000004,0.9934173882391133,0.00626501685012027,3.012698412698413,0.38330077259968065,0.32367687374858817,0.9241494699702372
0.30000000000000004,0.30000000000000004,3.0000000000000004,0.9959620422273904,0.0038987429315243335,3.2000000000000006,0.429567875507519,0.35677946330984706,0.9399019915519812
0.35000000000000003,0.30000000000000004,3.0000000000000004,0.997208266863468,0.0026187826032483125,3.266666666666667,0.47065791394425177,0.38360437886228765,0.9546465009266224
0.4,0.30000000000000004,3.0000000000000004,0.9978012068993745,0.0020304190384906784,3.3333333333333335,0.5057530134403438,0.4014491104148829,0.9613620639653756
0.45,0.30000000000000004,3.0000000000000004,0.9979081132734032,0.001869806962222842,3.3333333333333335,0.5382374300634903,0.40687462984907635,0.9650088002826193
0.5,0.30000000000000004,3.0000000000000004,0.9977212441329352,0.001998114438088184,3.3333333333333335,0.5288157856936458,0.4001170001450764,0.9660407189091376
0.0,0.5,5.0,0.6113291539110356,0.21075332624421497,2.2857142857142856,0.0665029325601035,0.0566496823268278,0.2336781211627007
0.05,0.5,5.0,0.844026870490174,0.12386775654484293,2.0,0.13235031149306922,0.11214815374851633,0.60974859368795
0.1,0.5,5.0,0.9286894479175384,0.06382550068130774,2.125,0.18791060158748848,0.16115822786711606,0.7807541675132078
0.15000000000000002,0.5,5.0,0.9651854293958836,0.03287629227359424,2.285714285714286,0.2375332598836032,0.206067491602661,0.872036078356453
0.2,0.5,5.0,0.9824876690990902,0.016991804056567476,2.580952380952381,0.2891394162719292,0.25242530261354373,0.918759840321388
0.25,0.5,5.0,0.9906446628891947,0.009277156046498751,2.9047619047619047,0.3449259002839898,0.2965909979543006,0.9472289568898701
0.30000000000000004,0.5,5.0,0.9942926737486624,0.0053807184964359345,3.1777777777777785,0.4038791957681957,0.33686690012221243,0.965036686588574
0.35000000000000003,0.5,5.0,0.9961788887937532,0.0033546194999301547,3.288888888888889,0.46526049638427663,0.3723855473218222,0.9757893038955547
0.4,0.5,5.0,0.9971035714879996,0.002327313955782159,3.4000000000000004,0.5191166032323292,0.4028246397240945,0.979119950714662
0.45,0.5,5.0,0.9974783879998538,0.00195310286295685,3.5111111111111115,0.5613842881808218,0.4220996388358225,0.9808922113021218
0.5,0.5,5.0,0.9974956584187713,0.001923490764661498,3.444444444444445,0.5723778432920634,0.42515093587045705,0.9806951333290058
0.0,1.0,10.0,0.43600136945289725,0.2157679304085338,nan,0.039414617888552377,0.033594362092734385,0.0907342972452108
0.05,1.0,10.0,0.7763876877707837,0.1620767658715789,nan,0.09817236526881318,0.08597119552547842,0.5295712173103667
0.1,1.0,10.0,0.9031828825490985,0.08568872851756604,2.071428571428571,0.15266727689619805,0.13572633104463447,0.7298382713583239
0.15000000000000002,1.0,10.0,0.9562490349632168,0.04248908031380911,2.2857142857142856,0.2067640080945032,0.185536092982483,0.8410711180718032
0.2,1.0,10.0,0.9792478188095767,0.020244115752940068,2.5484126984126987,0.2628511180350525,0.2355185318437758,0.9016072208730607
0.25,1.0,10.0,0.9893589280220922,0.009733517483525442,2.8357142857142854,0.3207780421112428,0.28449017122085063,0.9360387529378033
0.30000000000000004,1.0,10.0,0.9940672057939061,0.0049463464424874025,3.057142857142857,0.38111169670510114,0.3291702664689762,0.9549487511726772
0.35000000000000003,1.0,10.0,0.9963386253781975,0.0027197376683196473,3.422222222222223,0.4467165325971883,0.373161764967525,0.9655901516694979
0.4,1.0,10.0,0.9974185419933109,0.0017063358262792046,3.5111111111111115,0.5131881719314962,0.4095334680327715,0.9736819134746802
0.45,1.0,10.0,0.9978583729364724,0.0013129295103390087,3.5111111111111115,0.5824612997313174,0.4359868511864917,0.9768506981513333
0.5,1.0,10.0,0.9979349757127846,0.001219718477949839,3.5111111111111115,0.6041880943952096,0.44269161687415703,0.9766340844829591
0.0,2.0,20.0,0.2630565498803268,0.17914557675773013,nan,0.017814790231775582,0.01561729143033315,0.02642892380914802
0.05,2.0,20.0,0.7167068927234963,0.18438928962024267,nan,0.07102366934390758,0.06633756447987947,0.4910615271025483
0.1,2.0,20.0,0.8730089790409168,0.10499027156743,2.0,0.12336554853540244,0.11504514976062456,0.6934536714062886
0.15000000000000002,2.0,20.0,0.9419838938372459,0.05275333790681524,2.1515151515151514,0.17704238542986406,0.16444027437002978,0.8048597672455041
0.2,2.0,20.0,0.972405900898622,0.025776939178343353,2.4365079365079367,0.23489976365777473,0.21492551590608233,0.8705348559669112
0.25,2.0,20.0,0.9867071513567942,0.012617221149397714,2.714285714285714,0.296279287289083,0.2641867976064704,0.9096148875897964
0.30000000000000004,2.0,20.0,0.9929306145124318,0.006361554371496766,3.0007936507936512,0.360341424321223,0.31098794061798585,0.9345949506519712
0.35000000000000003,2.0,20.0,0.9958127494025278,0.003453483772359971,3.2793650793650797,0.4249646133715608,0.3520392033721531,0.9505509441568273
0.4,2.0,20.0,0.9971746623966512,0.0021112423991528286,3.4444444444444446,0.49189498372906554,0.3872545145490686,0.9611014462213906
0.45,2.0,20.0,0.9977223504314979,0.0015045566662021455,3.5111111111111115,0.5600602888890874,0.4130999198292468,0.9671937622674481
0.5,2.0,20.0,0.9978101126813113,0.0013592293078611573,3.5111111111111115,0.5977735020757796,0.4223688419636647,0.9690671695342581
0.0,3.0,30.0,0.2036953016700304,0.15362740935081756,nan,0.01333694553057052,0.0113713426043073,0.013397606904394269
0.05,3.0,30.0,0.6921437820577315,0.19143143841794755,nan,0.06455001181881106,0.06093613301543063,0.4944277485668102
0.1,3.0,30.0,0.8635540710289145,0.11122977091364039,2.0,0.11559101963016492,0.10955551128258434,0.702910086331784
0.15000000000000002,3.0,30.0,0.9365111650507759,0.05644942042748621,2.1991341991341993,0.16822094470325252,0.15824928760430126,0.8173898457046067
0.2,3.0,30.0,0.9695813579509013,0.02781726237947146,2.496825396825397,0.2233786509778296,0.20661572258034022,0.8830147078595477
0.25,3.0,30.0,0.9852892843099103,0.013580200389174181,2.736507936507936,0.28335655781583374,0.25352231761651955,0.9217302701156905
0.30000000000000004,3.0,30.0,0.9925135187409855,0.0068244672845876085,3.088888888888889,0.34759862577066536,0.29978028435526155,0.9438709826610262
0.35000000000000003,3.0,30.0,0.9958804442786674,0.0036974848124428244,3.266666666666667,0.4176410349798673,0.34381907683723,0.9583892862141631
0.4,3.0,30.0,0.9974351141949174,0.00215705447581731,3.5333333333333337,0.49282754504071513,0.3817499849007892,0.9653521608630399
0.45,3.0,30.0,0.9980734502743122,0.0014653834170280438,3.777777777777778,0.5648916140424085,0.41153281964903815,0.9684011666858617
0.5,3.0,30.0,0.998235197766935,0.0012853578448243893,3.777777777777778,0.6081013866264633,0.4233338375460874,0.9690743429908144
