family,batch,run_id,n_environment,realizations,psi_bias,theta,lambda,uniform_field,disorder_strength,window_start,window_end,window_points,q10_source,holevo_fhalf,holevo_fhalf_ci_low,holevo_fhalf_ci_high,holevo_fhalf_n,discord_fhalf,discord_fhalf_ci_low,discord_fhalf_ci_high,discord_fhalf_n,redundancy_q10,redundancy_q10_ci_low,redundancy_q10_ci_high,redundancy_q10_n,kappa_typ,kappa_typ_ci_low,kappa_typ_ci_high,kappa_typ_n,kappa_ann,kappa_ann_ci_low,kappa_ann_ci_high,kappa_ann_n,holevo_fhalf_min,holevo_fhalf_min_ci_low,holevo_fhalf_min_ci_high,holevo_fhalf_min_n,formation_time,formation_time_ci_low,formation_time_ci_high,formation_time_n,record_lifetime,record_lifetime_ci_low,record_lifetime_ci_high,record_lifetime_n,geometry
lambda,Paper_A_final_SubmissionMatchedLambda,00776d7806c7fea980a1b3849bec3591c8bfd367496ff4ba219e2b31dadf5465,16,24,0.5,0.7853981633974484,0.5,0.0,0.0,20.0,40.0,21,stored_q0.1,0.9309357966915967,0.9189178111775865,0.9409997236014951,24,0.061920504238589746,0.05316501874150098,0.07159515068000663,24,2.0674603174603177,2.0238095238095237,2.1210813492063494,24,0.1597600976616927,0.15001151783986794,0.16836608942647496,24,0.1530464503759862,0.14442883077549337,0.16130289631436417,24,0.7976508617699242,0.7696623609347122,0.8229804988226338,24,13.208333333333334,11.082291666666666,15.585416666666665,24,8.625,6.625,10.916666666666666,24,p_half
lambda,Paper_A_final_SubmissionMatchedLambda,0ab10155509bb91595881af46441be24845c7a67159bf7e2f2d895613d5912a4,16,24,0.5,0.0,0.0,0.0,0.0,20.0,40.0,21,stored_q0.1,0.0,0.0,0.0,24,0.0,0.0,0.0,24,nan,nan,nan,0,0.0,0.0,0.0,24,0.0,0.0,0.0,24,0.0,0.0,0.0,24,nan,nan,nan,0,nan,nan,nan,0,theta_zero
lambda,Paper_A_final_SubmissionMatchedLambda,1330e386c6d544f22f50c069acf424b81e3dc5d28f2a48a3eb0d72a1a64f5e74,16,24,0.5,0.5235987755982989,0.25,0.0,0.0,20.0,40.0,21,stored_q0.1,0.7391854568423045,0.7194756160605642,0.7549005146729822,24,0.17595118890752728,0.16926847072809278,0.18291651048420451,24,nan,nan,nan,0,0.07007661154614069,0.06657419608556268,0.07346502709731072,24,0.06889364014207477,0.06501276073024753,0.0725516108055147,24,0.5596491635880546,0.5341136091157391,0.5853506500703526,24,nan,nan,nan,0,nan,nan,nan,0,p_half
lambda,Paper_A_final_SubmissionMatchedLambda,19a54fff60d850eae7138026ae20657cfd5107e9c8add6197c26e295f5872a03,16,24,0.11811869208701337,0.0,0.5833333333333333,0.0,0.0,20.0,40.0,21,stored_q0.1,0.9577976394016141,0.9490353886035285,0.9656437734387145,24,0.0375200172773252,0.030062119384568094,0.04589703114454569,24,2.3035714285714284,2.244047619047619,2.371081349206349,24,0.19681077918577716,0.18552828591172868,0.20844898864406608,24,0.18603287777029065,0.17500176091031627,0.1971302023226622,24,0.8475344737134827,0.8205020448000035,0.8703736634574973,24,8.416666666666666,7.208333333333333,9.75,24,14.791666666666666,10.916666666666666,18.916666666666668,24,theta_zero
lambda,Paper_A_final_SubmissionMatchedLambda,1bf617b14b7c1df1f8d20a9d0d6f04a7d6f3be310f2e14395ab87d4a1947149d,16,24,0.5,0.2928427717285755,0.08333333333333333,0.0,0.0,20.0,40.0,21,stored_q0.1,0.397433486215824,0.38505495700758957,0.41108672871163,24,0.20018695783208804,0.19675031533061563,0.20295846868852382,24,nan,nan,nan,0,0.021696288114874517,0.020533970306277512,0.022900621466273616,24,0.021579950094061533,0.020493522245588834,0.022755408837270008,24,0.26861562778680187,0.2524578834594705,0.283534226306646,24,nan,nan,nan,0,nan,nan,nan,0,p_half
lambda,Paper_A_final_SubmissionMatchedLambda,1e211128438035e2957ee448d2b0e09293e898b18575183e4ea47d1e2912e94b,16,24,0.0,0.7853981633974483,0.5,0.0,0.0,20.0,40.0,21,stored_q0.1,0.9309375022986132,0.919142650630351,0.9415055739618561,24,0.0619194167620884,0.0530274850370707,0.07191327269590639,24,2.0674603174603177,2.017857142857143,2.123015873015873,24,0.15975045727636816,0.1504352993621422,0.16799862516907715,24,0.15304237173580557,0.14409980472088382,0.16201057780423817,24,0.7976524678377946,0.769680744510903,0.8210366983985753,24,13.208333333333334,11.290625,15.583333333333334,24,8.625,6.541666666666667,10.916666666666666,24,p_zero
lambda,Paper_A_final_SubmissionMatchedLambda,262a448db35b3c669638eca7a46e83c291b3e9a0ce2c61c5b6c8df3b683fdf65,16,24,0.5,0.4205343352839651,0.16666666666666666,0.0,0.0,20.0,40.0,21,stored_q0.1,0.6048209725095582,0.5869202742745409,0.621709805066297,24,0.20990084696828368,0.20690440225616827,0.21277556164068462,24,nan,nan,nan,0,0.04500077858414991,0.04271907832961612,0.04744682996564307,24,0.04451798968456811,0.041919678378309566,0.04681812706217026,24,0.4346518357970881,0.41203399996111334,0.4571294852864395,24,nan,nan,nan,0,nan,nan,nan,0,p_half
lambda,Paper_A_final_SubmissionMatchedLambda,2f81a6c3212900f0f60a39bafb920bcb2ba82367d0a17375569e7e8c299eac05,16,24,0.0,1.5707963267948966,0.0,0.0,0.0,20.0,40.0,21,stored_q0.1,0.0,0.0,0.0,24,0.0,0.0,0.0,24,nan,nan,nan,0,6.969398990327835e-08,6.54991552923554e-08,7.373360370530944e-08,24,6.969398376495248e-08,6.596869255985171e-08,7.341927495764999e-08,24,0.0,0.0,0.0,24,nan,nan,nan,0,nan,nan,nan,0,p_zero
lambda,Paper_A_final_SubmissionMatchedLambda,31d45ba497b2c3b2225922e17484422aa5b5ab27bb015725808968ed5755fc7e,16,24,0.0,1.1502619915109316,0.16666666666666666,0.0,0.0,20.0,40.0,21,stored_q0.1,0.6048235837963,0.5873589070790591,0.6215105233529321,24,0.2098986232545108,0.20714657840642245,0.21263427004702085,24,nan,nan,nan,0,0.04503313303239754,0.04232848226006229,0.047333826273048,24,0.044551081634515995,0.042057570555295076,0.046910928523960595,24,0.43465329725053814,0.4124785321507321,0.45900897866908746,24,nan,nan,nan,0,nan,nan,nan,0,p_zero
lambda,Paper_A_final_SubmissionMatchedLambda,3a457cf0ad42f061cdd125000e4876d9da32df23e99d2009cab4ec10fd2e6e6e,16,24,0.043564535412361605,0.0,0.8333333333333333,0.0,0.0,20.0,40.0,21,stored_q0.1,0.9926112482111623,0.989050076174055,0.9952589745905647,24,0.004583496417386079,0.0021782836658911417,0.007898008586018735,24,3.0634920634920633,2.8982936507936508,3.228571428571429,24,0.35232230567829825,0.3302096434113554,0.3727775392178855,24,0.31157227025018336,0.2926832867283369,0.3315139344282847,24,0.9429580931030112,0.9233094976945542,0.957082672080892,24,5.666666666666667,5.291666666666667,6.125,24,31.25,27.288541666666667,34.209375,24,theta_zero
lambda,Paper_A_final_SubmissionMatchedLambda,415e535ab3d309060cf9bdacb1dc075936fb3d071aa7ae977aec1e81a8a72f63,16,24,0.5,0.8691222030072929,0.5833333333333333,0.0,0.0,20.0,40.0,21,stored_q0.1,0.9578104064934335,0.9485883827827859,0.9659845619045296,24,0.03750971483445251,0.029790793552310443,0.046932082832627585,24,2.3035714285714284,2.244047619047619,2.375,24,0.196815783869047,0.18579650992794347,0.20747327582782193,24,0.18603191819399723,0.1738653659933566,0.19615835405485407,24,0.8475462060576952,0.8208028844412235,0.8689225072178838,24,8.416666666666666,7.166666666666667,9.708333333333334,24,14.791666666666666,11.0,18.917708333333334,24,p_half
lambda,Paper_A_final_SubmissionMatchedLambda,41d0d3dec70e127e38d54feed46660b783f559f58c23a339889a86f033dd0135,16,24,0.0,0.2928427717285755,0.9166666666666666,0.0,0.0,20.0,40.0,21,stored_q0.1,0.9963675079908727,0.9942043367141435,0.9980831542155715,24,0.002164835570984286,0.0006624877836325267,0.004250397631540445,24,3.2015873015873013,3.0015079365079367,3.4017063492063495,24,0.4386652190163911,0.4114044762612842,0.46577584062163496,24,0.3704692687125259,0.34684507586862506,0.3944547381616392,24,0.961694047262983,0.9460568209638706,0.9749446188710584,24,5.458333333333333,5.166666666666667,5.791666666666667,24,33.416666666666664,30.665625000000002,35.376041666666666,24,p_zero
lambda,Paper_A_final_SubmissionMatchedLambda,506417e1d1447626ed222ed9e99887e90cba1365f030af3dd4d5d76bd0204018,16,24,0.5,1.277953555066321,0.9166666666666666,0.0,0.0,20.0,40.0,21,stored_q0.1,0.9963656901585637,0.994360289903314,0.9980503602078378,24,0.002164870941858779,0.0006203363512575017,0.004262019170633872,24,3.2015873015873013,3.0126984126984127,3.4063492063492062,24,0.4386477631385903,0.4097147383733003,0.4642337095999185,24,0.3704368215446552,0.3467059523791539,0.3970205473578405,24,0.9616919067682979,0.9456466491526297,0.9746582781123286,24,5.458333333333333,5.166666666666667,5.791666666666667,24,33.416666666666664,30.707291666666666,35.458333333333336,24,p_half
lambda,Paper_A_final_SubmissionMatchedLambda,508410823985c53cde4cfd585da863746daccb69f904d1686fe56fffdbd6dae4,16,24,0.1772513878160486,0.0,0.41666666666666663,0.0,0.0,20.0,40.0,21,stored_q0.1,0.890179857191496,0.8758613573036002,0.903424676071133,24,0.0933769021346581,0.08396989258367421,0.10360976608429115,24,2.0595238095238093,2.0,2.1309523809523805,12,0.12691564554783738,0.11996342993114033,0.13348556997211658,24,0.12280921162930719,0.11578931608403,0.13007183758720553,24,0.735479897582772,0.7086573495839177,0.7603762975931762,24,17.266666666666666,13.731666666666666,21.06833333333333,15,5.066666666666666,3.9983333333333335,6.533333333333333,15,theta_zero
lambda,Paper_A_final_SubmissionMatchedLambda,523602fcaabe501062e570e2dd9762b98ce24aacc64262efb662454c7e7b0772,16,24,0.0,0.5235987755982989,0.75,0.0,0.0,20.0,40.0,21,stored_q0.1,0.9860742090108593,0.981456062345505,0.9902278239086194,24,0.009607106964208299,0.005586705052450089,0.014880379471398184,24,2.7694444444444444,2.6209920634920634,2.917857142857143,24,0.28966980064379705,0.2733325764246349,0.3059528263799366,24,0.26367984151591667,0.24676362697624526,0.28001101133093487,24,0.9184166775837413,0.8982117126174136,0.9363683768278322,24,6.041666666666667,5.583333333333333,6.583333333333333,24,29.791666666666668,26.041666666666668,33.001041666666666,24,p_zero
lambda,Paper_A_final_SubmissionMatchedLambda,52a88ca4aa8e0dc2f2d49707845afc972e37a466cde41aaa2d8119ca6342177f,16,24,0.5,1.5707963267948966,1.0,0.0,0.0,20.0,40.0,21,stored_q0.1,0.9983153501426836,0.9969486236052991,0.9993363046815505,24,0.0010581955763116835,0.00023976841506008736,0.0021764069256879565,24,3.592063492063492,3.384126984126984,3.7999999999999994,24,0.663896067111156,0.6167499720344598,0.7100370877263071,24,0.4564312797269226,0.4229925130357946,0.4871691823024525,24,0.9752905490241712,0.961175624027905,0.9865176379670285,24,5.375,5.125,5.666666666666667,24,33.916666666666664,31.165625000000002,35.709375,24,p_half
lambda,Paper_A_final_SubmissionMatchedLambda,576d7a54e28071b329cf5fdd15a12770d9751207b00bdf79e10659d31b6eac8e,16,24,0.0,1.0471975511965979,0.25,0.0,0.0,20.0,40.0,21,stored_q0.1,0.7391873750832327,0.7189647828298421,0.7558400885852705,24,0.1759497622243332,0.16944161773184507,0.18339271327055898,24,nan,nan,nan,0,0.07008945097599827,0.06610560215177817,0.07386913996188993,24,0.06890534089566795,0.06524979409775551,0.07244753751857626,24,0.5596502221965872,0.5325751481144363,0.5854992017853486,24,nan,nan,nan,0,nan,nan,nan,0,p_zero
lambda,Paper_A_final_SubmissionMatchedLambda,582eb3add95d5f9b5dc8611270fdf571ef0e4f515b86abfb53d5ad7e77a3fa20,16,24,0.0,0.869122203007293,0.41666666666666663,0.0,0.0,20.0,40.0,21,stored_q0.1,0.890193859957633,0.8738521216057448,0.903301562594155,24,0.09336321935331193,0.08383475689839791,0.10467897351652486,24,2.0549450549450547,2.0,2.120879120879121,13,0.1269348020079951,0.12004975515526525,0.1339515365523315,24,0.12282722204582297,0.11523854577356907,0.129511297274521,24,0.7354931149593877,0.7059702317854346,0.7622894940524254,24,17.266666666666666,13.733333333333333,20.933333333333334,15,5.066666666666666,3.933333333333333,6.4,15,p_zero
lambda,Paper_A_final_SubmissionMatchedLambda,58a7e6359556dc9d9519d2bc631a779b01ff20411cc796bc6a49a0d2e4a0e854,16,24,0.21132486540518713,0.0,0.3333333333333333,0.0,0.0,20.0,40.0,21,stored_q0.1,0.8293226970807649,0.8138520214268963,0.8452508401462435,24,0.13269854754200827,0.12315740496180268,0.14149975101242085,24,nan,nan,nan,0,0.09721800525618714,0.09188609120792612,0.10231036787318577,24,0.09488325612206838,0.08920295259911955,0.09994482961527938,24,0.657701640860557,0.629181741411724,0.6816407942721845,24,nan,nan,nan,0,nan,nan,nan,0,theta_zero
lambda,Paper_A_final_SubmissionMatchedLambda,5bfe399c6983f4f43ce945d97339d848d58f0f97a25e321a7ee99936c9625d55,16,24,0.0,1.2779535550663212,0.08333333333333333,0.0,0.0,20.0,40.0,21,stored_q0.1,0.3974362151953789,0.38306975930385934,0.41140256577118994,24,0.20018457527595837,0.1969107376024694,0.2028794517154323,24,nan,nan,nan,0,0.021746522385340764,0.020632547868270772,0.022874960804614087,24,0.02163075077344394,0.020478100731838214,0.022692117831464464,24,0.26861788977635287,0.25267274526443917,0.28435992675707783,24,nan,nan,nan,0,nan,nan,nan,0,p_zero
lambda,Paper_A_final_SubmissionMatchedLambda,6011e55be551f747485b73649b3b2d07887e0621b972d7325214a0ffe0453c75,16,24,0.5,0.6154797086703873,0.3333333333333333,0.0,0.0,20.0,40.0,21,stored_q0.1,0.8293356767576482,0.812018444012315,0.8455457312315017,24,0.13268540264827525,0.12358385352386791,0.14238304128546878,24,nan,nan,nan,0,0.09722322688330809,0.09173960812601491,0.10225056423728161,24,0.09489506480179562,0.08951113657481313,0.09963135797532433,24,0.6577129371801775,0.6292590429815655,0.686464681794053,24,nan,nan,nan,0,nan,nan,nan,0,p_half
lambda,Paper_A_final_SubmissionMatchedLambda,63228f9478e69b455b0deb940b95859885285644df2feea02f78773760c8c125,16,24,0.0,0.0,1.0,0.0,0.0,20.0,40.0,21,stored_q0.1,0.9983161737231652,0.9969307669519875,0.9993722317198972,24,0.0010581507692959638,0.00024226922587743983,0.0021851986597917475,24,3.592063492063492,3.3872222222222224,3.7891666666666666,24,0.6638768878120341,0.6091864892885904,0.7144581986239429,24,0.4564629842527949,0.4223064038438982,0.49029210193781175,24,0.9752908961336123,0.9602117059674511,0.986247653037661,24,5.375,5.125,5.666666666666667,24,33.916666666666664,31.539583333333333,35.75,24,theta_zero
lambda,Paper_A_final_SubmissionMatchedLambda,64706bbf7ca4791a5db298d459af197beaa593e578d10dba47af988dfbfb83af,16,24,0.0669872981077807,0.0,0.75,0.0,0.0,20.0,40.0,21,stored_q0.1,0.9860590681180254,0.981001398486091,0.99027515545327,24,0.00961048776679912,0.00563975608037527,0.014889295634630609,24,2.7694444444444444,2.6249900793650793,2.9174702380952384,24,0.2896757614293373,0.27295680323347893,0.30591348755561765,24,0.2636725214509296,0.246607721180414,0.27948665663672617,24,0.9184011752623173,0.8980338689051826,0.9362088364633733,24,6.041666666666667,5.541666666666667,6.583333333333333,24,29.791666666666668,25.583333333333332,32.959375,24,theta_zero
lambda,Paper_A_final_SubmissionMatchedLambda,6a38b382d92de268d261ab09fbfd886f24817747ff4c06fcb0d3d5bae36cf2e9,16,24,0.1464466094067263,0.7853981633974483,1.0,0.0,0.0,20.0,40.0,21,stored_q0.1,0.9983035634118188,0.9969098758909687,0.9993143830327563,24,0.0010583447476191514,0.0002022417656411701,0.0020725809291126038,24,3.592063492063492,3.3729761904761904,3.781150793650793,24,0.6637478192969456,0.6160907062658626,0.7118444534987695,24,0.45643901065006826,0.42099963531953266,0.48747512053532915,24,0.9752773160646702,0.9616231808684728,0.9862821491604008,24,5.375,5.125,5.666666666666667,24,33.916666666666664,31.208333333333332,35.709375,24,diagonal
lambda,Paper_A_final_SubmissionMatchedLambda,6b98717d800f4d730550ca533d6ca8f0b4ad9b2284253e02ea45d837a93be578,16,24,0.1464466094067262,0.0,0.5,0.0,0.0,20.0,40.0,21,stored_q0.1,0.9309228694157398,0.9182289744781501,0.9415220852253974,24,0.06193301739380941,0.053616961938619666,0.07120116794612552,24,2.0674603174603177,2.0238095238095237,2.125,24,0.15974235038983822,0.1510221755176947,0.16886804866661279,24,0.1530345087219393,0.14363429259218854,0.16166662500946755,24,0.7976390184019513,0.771035324677206,0.8220352032148245,24,13.208333333333334,11.083333333333334,15.541666666666666,24,8.625,6.625,10.875,24,theta_zero
lambda,Paper_A_final_SubmissionMatchedLambda,706f2b695e2158d9de3bebea04ab4690d9fd6659d8b11baf2060992a3dfd1988,16,24,0.0,0.9553166181245093,0.3333333333333333,0.0,0.0,20.0,40.0,21,stored_q0.1,0.8293375865327256,0.8126151622292679,0.8447743974126051,24,0.1326840773766032,0.12382164125302386,0.14209857138321513,24,nan,nan,nan,0,0.09723009023787761,0.0919052978471373,0.10231754792161941,24,0.09489891501442936,0.08909434364850576,0.09968814215773059,24,0.6577154466562666,0.6299068288413263,0.6838066373092955,24,nan,nan,nan,0,nan,nan,nan,0,p_zero
lambda,Paper_A_final_SubmissionMatchedLambda,70b999aec14be715e909e3b5b3a3aa4b32fe85730415b7735e2316162ca2a321,16,24,0.5,1.0471975511965976,0.75,0.0,0.0,20.0,40.0,21,stored_q0.1,0.9860725218085812,0.9810100894520642,0.9901030004459256,24,0.009606994615910018,0.005358634730922819,0.014983801784872379,24,2.7694444444444444,2.618968253968254,2.9174603174603178,24,0.2896636631483969,0.27195204123317135,0.30617064235242086,24,0.2636706894075591,0.24689685216540286,0.27952052530788546,24,0.9184134139151668,0.8972644480231934,0.9357858756675136,24,6.041666666666667,5.583333333333333,6.541666666666667,24,29.791666666666668,25.915625000000002,33.0,24,p_half
lambda,Paper_A_final_SubmissionMatchedLambda,77dc32c58be20b7b19b7c172bf78d0a6aa256e450dbe1005a7756b430df7aee9,16,24,0.5,1.1502619915109313,0.8333333333333333,0.0,0.0,20.0,40.0,21,stored_q0.1,0.9926237865342596,0.9890767995748688,0.9952972913122055,24,0.004572457955831065,0.0021693528313053412,0.007909206048308807,24,3.0634920634920633,2.904761904761905,3.235039682539683,24,0.3523122574356739,0.3307839008224924,0.3720495395820332,24,0.3115624708814271,0.2894684888471867,0.3301589114638264,24,0.9429705121732225,0.9254711188065238,0.9584543109851039,24,5.666666666666667,5.291666666666667,6.083333333333333,24,31.25,27.458333333333332,34.25,24,p_half
lambda,Paper_A_final_SubmissionMatchedLambda,90eddcf51634957cee5cd212fb38251d63091b76fdefd90b3d54a4c4fe9d4889,16,24,0.5,0.9553166181245093,0.6666666666666666,0.0,0.0,20.0,40.0,21,stored_q0.1,0.9751792812836818,0.9678237256527933,0.9809407768677124,24,0.01993774679474319,0.013734299241013843,0.027275748478912308,24,2.552380952380952,2.4308928571428567,2.666706349206349,24,0.2394561394498748,0.22464885008670799,0.25357247533274696,24,0.22258323818749556,0.20810106801391456,0.23604201372562209,24,0.8870187633798835,0.8651223638397575,0.9066027451750149,24,6.833333333333333,6.125,7.625,24,22.083333333333332,17.666666666666668,26.541666666666668,24,p_half
lambda,Paper_A_final_SubmissionMatchedLambda,9c0ce7e1587515b3afa49b2e1c0fae2d0bad4e9a8f44ed6dc9dded2257ce73e3,16,24,0.0,0.7016741237876037,0.5833333333333333,0.0,0.0,20.0,40.0,21,stored_q0.1,0.9578118140663445,0.9482528953390555,0.9652421514629194,24,0.037509046586037195,0.029924649814676345,0.04646336450164394,24,2.3035714285714284,2.244047619047619,2.369047619047619,24,0.19682178161064745,0.18533286946854835,0.2077723045925402,24,0.1860472293993418,0.17532540253845003,0.19626779064595098,24,0.8475481128247478,0.8228844224025869,0.8694580575640677,24,8.416666666666666,7.291666666666667,9.625,24,14.791666666666666,10.916666666666666,18.834374999999998,24,p_zero
lambda,Paper_A_final_SubmissionMatchedLambda,a173f23ccbe8ac5764e9cb2509fb3ea34a8aa43c2aba30dac4243a4f580d5e50,16,24,0.0,0.6154797086703874,0.6666666666666666,0.0,0.0,20.0,40.0,21,stored_q0.1,0.9751809752060471,0.9676859144952644,0.9807935633932231,24,0.01993782200020656,0.013800365169167543,0.027022407192361445,24,2.552380952380952,2.4365079365079363,2.673829365079365,24,0.23945119547939955,0.22519759941376452,0.2523607882460063,24,0.22257797601635387,0.2094840738252832,0.23545885725790391,24,0.8870213266119014,0.8646757450451511,0.9064063460006906,24,6.833333333333333,6.125,7.708333333333333,24,22.083333333333332,17.875,26.166666666666668,24,p_zero
lambda,Paper_A_final_SubmissionMatchedLambda,a21f172611cc8832c20b97593fd8bc24d3f158cff64680d21ad24522b795fa06,16,24,0.02128644612183095,0.0,0.9166666666666666,0.0,0.0,20.0,40.0,21,stored_q0.1,0.9963543182400448,0.994207694493294,0.9980475127553625,24,0.0021654250454350658,0.0006369063305344206,0.0042222535526006055,24,3.2015873015873013,2.996825396825397,3.395357142857143,24,0.4386660849253909,0.4124067938378431,0.46350203700781695,24,0.37046427422749706,0.34745123463594063,0.3951206514978879,24,0.9616813363967643,0.9453830085768362,0.9754586968793759,24,5.458333333333333,5.166666666666667,5.791666666666667,24,33.416666666666664,30.708333333333332,35.458333333333336,24,theta_zero
lambda,Paper_A_final_SubmissionMatchedLambda,a2deb6c17aae5dee1234584585d4a74d5dc5efcbd6b28df400b17ef351892113,16,24,0.25,0.0,0.25,0.0,0.0,20.0,40.0,21,stored_q0.1,0.739176741312033,0.7211046480436468,0.7561977255271073,24,0.17595980603275718,0.16915692999659976,0.18317311516612506,24,nan,nan,nan,0,0.0700549663589448,0.06637360377781643,0.07380775188161358,24,0.06886991756047507,0.06505896758270496,0.07242139711473841,24,0.5596411736808827,0.5316302453617441,0.5844817656138958,24,nan,nan,nan,0,nan,nan,nan,0,theta_zero
lambda,Paper_A_final_SubmissionMatchedLambda,a93d814d829cf130b3395c5f3b0378c6d5758845eddba321d6a2a411d5113ab1,16,24,0.09175170953613698,0.0,0.6666666666666666,0.0,0.0,20.0,40.0,21,stored_q0.1,0.9751658025693216,0.96819037619658,0.9808796293597004,24,0.019950513681200512,0.013940136424840774,0.027164514941349097,24,2.552380952380952,2.4404365079365076,2.6658928571428575,24,0.23945459773562297,0.2253200202153892,0.2524302420809784,24,0.22257577102951606,0.20888753253076828,0.2353647110030287,24,0.8870066185062431,0.8612529107113281,0.9071102960558798,24,6.833333333333333,6.083333333333333,7.708333333333333,24,22.083333333333332,17.75,26.167708333333334,24,theta_zero
lambda,Paper_A_final_SubmissionMatchedLambda,de2bc47461d7b171821758560d24cd2792b8921f536d5f64bdd7107fbadf1723,16,24,0.35566243270259357,0.0,0.08333333333333333,0.0,0.0,20.0,40.0,21,stored_q0.1,0.3974245154178244,0.3841163720420463,0.4112830319245694,24,0.20019612958011637,0.19730165228196203,0.2030092490500171,24,nan,nan,nan,0,0.021695711036339455,0.020672161624611204,0.02277166446947113,24,0.021583759099419286,0.020348790664015192,0.022717330488496418,24,0.2686060952799214,0.2516032005368096,0.28360244802659373,24,nan,nan,nan,0,nan,nan,nan,0,theta_zero
lambda,Paper_A_final_SubmissionMatchedLambda,decd7a626b1c78f66018f117c2717b106ab918988a11c4ccd2a7122b17620811,16,24,0.5,0.7016741237876036,0.41666666666666663,0.0,0.0,20.0,40.0,21,stored_q0.1,0.8901922704786213,0.8746474560309682,0.9030670216760947,24,0.09336459296406574,0.08440817550161157,0.1042159144933434,24,2.0549450549450547,2.010989010989011,2.10989010989011,13,0.12693169740836377,0.1198648831713964,0.13429435663282208,24,0.12282443834034763,0.1158320437853953,0.12926012077627447,24,0.7354909528785698,0.706632642848962,0.7610824649446274,24,17.266666666666666,13.8,20.8,15,5.066666666666666,3.933333333333333,6.334999999999998,15,p_half
lambda,Paper_A_final_SubmissionMatchedLambda,e89d6575f13b5b7da8df23c7f5a1f784ed4cfc22c83ec1ecef135e56eaf41367,16,24,0.2958758547680685,0.0,0.16666666666666666,0.0,0.0,20.0,40.0,21,stored_q0.1,0.6048119260495569,0.5864507800181418,0.6211470997443462,24,0.2099096935016135,0.2069916920620041,0.2126972563633877,24,nan,nan,nan,0,0.044994376319826744,0.042447174094274974,0.04744564643290091,24,0.04450875257703247,0.04187585072475324,0.046988260106982246,24,0.4346420651463511,0.411073393534271,0.45604660492308724,24,nan,nan,nan,0,nan,nan,nan,0,theta_zero
lambda,Paper_A_final_SubmissionMatchedLambda,e9a5ed12824e694a6ce58e6c830e3a49e409f52ff1b8e88976cd1ebaea9d7ef7,16,24,0.0,0.4205343352839653,0.8333333333333333,0.0,0.0,20.0,40.0,21,stored_q0.1,0.992625482394745,0.9892486765729039,0.9950871131762408,24,0.00456310323741384,0.002083081150219834,0.007789306331041515,24,3.0634920634920633,2.9000000000000004,3.2238095238095243,24,0.35232410871655445,0.33026739382947096,0.37252683995041186,24,0.31157864733085444,0.2905436388883928,0.3323060581548863,24,0.9429734715258663,0.9241625878655294,0.9583380548977553,24,5.666666666666667,5.291666666666667,6.125,24,31.25,27.708333333333332,34.166666666666664,24,p_zero
