phase,job,seed,psi_bias,spectral_radius,stability_dt_limit,dT,steps,spectral_radius_times_dT,max_norm_deviation,max_modified_norm_deviation,max_state_infidelity,max_phase_aligned_state_l2_error,max_rhoS_trace_distance,max_S_vn_abs_error,wall_seconds,accepted
screen,Stab_pi4,3212275105,0.0,53.38126442716508,0.037466328710307285,0.001,30000,0.05338126442716508,6.814541768873639e-06,7.033348083496094e-06,2.878716376386592e-09,5.3653676578247925e-05,2.6628597249397904e-05,2.9908002959766478e-06,21.25520929999766,True
screen,Stab_pi4,3212275105,0.0,53.38126442716508,0.037466328710307285,0.0016,18750,0.08541002308346413,2.356074216169901e-06,2.0265579223632812e-06,1.475908750769861e-08,0.00012148698707412084,2.956774126114015e-05,4.9260801517556074e-06,13.888130100000126,True
screen,Stab_pi4,3212275105,0.0,53.38126442716508,0.037466328710307285,0.002,15000,0.10676252885433016,2.1432160627332664e-06,2.205371856689453e-06,3.4856405650707245e-08,0.00018669870424367505,2.9404784530214818e-05,7.570953754643117e-06,12.502700000004552,True
screen,Stab_pi4,3212275105,0.0,53.38126442716508,0.037466328710307285,0.0025,12000,0.1334531610679127,2.159011611824191e-06,2.8014183044433594e-06,8.378416249676945e-08,0.0002894549433791544,3.124631995100842e-05,1.2225201326890311e-05,9.48051839999971,True
screen,Stab_pi4,3212275105,0.0,53.38126442716508,0.037466328710307285,0.003125,9600,0.16681645133489087,3.6534065999127563e-06,4.887580871582031e-06,2.0352205820639568e-07,0.0004511342023537881,3.3544095111239356e-05,1.9193146993903842e-05,7.553341400001955,True
screen,Stab_pi4,3212275105,0.0,53.38126442716508,0.037466328710307285,0.004,7500,0.21352505770866032,5.6416806852865875e-06,6.198883056640625e-06,5.454184657249783e-07,0.0007385245695061611,4.1825723073977294e-05,3.204593362397118e-05,5.928170799998043,True
screen,Stab_pi4,3212275105,0.0,53.38126442716508,0.037466328710307285,0.005,6000,0.2669063221358254,9.2442760732947e-06,1.0371208190917969e-05,1.3274331793766692e-06,0.0011521430552740213,4.7523975224609555e-05,5.068285492174779e-05,5.56637889999547,True
screen,Stab_pi4,3212275105,0.0,53.38126442716508,0.037466328710307285,0.00625,4800,0.33363290266978174,1.4084644823997294e-05,1.537799835205078e-05,3.230151844779705e-06,0.001797263045244413,5.8078502951992644e-05,8.089932601035299e-05,4.117114300002868,True
screen,Stab_pi4,3212275105,0.5,53.38126442716508,0.037466328710307285,0.001,30000,0.05338126442716508,1.5158158473971284e-05,3.0100345611572266e-05,0.00024183124412657797,0.015551394358036858,1.4822604342467882e-05,1.3348437812032987e-05,20.808789599999727,False
screen,Stab_pi4,3212275105,0.5,53.38126442716508,0.037466328710307285,0.0016,18750,0.08541002308346413,3.8819623012997795e-05,7.700920104980469e-05,0.0015765755950853944,0.03971394569993697,3.792392384510916e-05,3.423226423915349e-05,13.183744699999806,False
screen,Stab_pi4,3212275105,0.5,53.38126442716508,0.037466328710307285,0.002,15000,0.10676252885433016,6.0627534792634385e-05,0.00012028217315673828,0.0038370196881105656,0.061973441461080886,5.930272929162658e-05,5.357108274767208e-05,10.594529499998316,False
screen,Stab_pi4,3212275105,0.5,53.38126442716508,0.037466328710307285,0.0025,12000,0.1334531610679127,9.46640036406654e-05,0.00018793344497680664,0.009264031153712993,0.09636174906945971,9.26053931795869e-05,8.371237381665786e-05,8.617611599998781,False
screen,Stab_pi4,3212275105,0.5,53.38126442716508,0.037466328710307285,0.003125,9600,0.16681645133489087,0.00014774777299464414,0.0002936720848083496,0.022057498080964022,0.14893116407667809,0.00014469825244866794,0.00013091313280133576,7.088980500004254,False
screen,Stab_pi4,3212275105,0.5,53.38126442716508,0.037466328710307285,0.004,7500,0.21352505770866032,0.0002415581376550291,0.00048106908798217773,0.05522050946573864,0.23665299358676364,0.00023698392056835358,0.00021467277503717241,5.64743129999988,False
screen,Stab_pi4,3212275105,0.5,53.38126442716508,0.037466328710307285,0.005,6000,0.2669063221358254,0.00037689363323512026,0.0007518529891967773,0.11657101722218866,0.34667267273186314,0.0003699790246788819,0.00033570295175155973,4.559056600002805,False
screen,Stab_pi4,3212275105,0.5,53.38126442716508,0.037466328710307285,0.00625,4800,0.33363290266978174,0.0005913821315773893,0.0011750459671020508,0.21505443900888155,0.47755306492413035,0.0005774578569261756,0.0005252791847832894,3.881734400005371,False
screen,Stab_pi8,3212275105,0.0,53.38126442716508,0.037466328710307285,0.001,30000,0.05338126442716508,3.4211827997232547e-06,3.2186508178710938e-06,3.8311420702541454e-09,6.18962257967782e-05,1.043113176397539e-05,3.029211679550503e-06,22.158864700002596,True
screen,Stab_pi8,3212275105,0.0,53.38126442716508,0.037466328710307285,0.0016,18750,0.08541002308346413,3.4936737058899325e-06,4.0531158447265625e-06,2.444573066195943e-08,0.00015635130788779324,1.3085897260862876e-05,7.496558040331891e-06,14.404646599999978,True
screen,Stab_pi8,3212275105,0.0,53.38126442716508,0.037466328710307285,0.002,15000,0.10676252885433016,2.1678476018749393e-06,1.6093254089355469e-06,5.980103945368853e-08,0.0002445425127920418,1.5554686832989023e-05,1.1699629954717294e-05,10.906889199999569,True
screen,Stab_pi8,3212275105,0.0,53.38126442716508,0.037466328710307285,0.0025,12000,0.1334531610679127,2.0835316771883328e-06,3.2782554626464844e-06,1.4528714786798957e-07,0.0003811655199537801,1.5429575921721274e-05,1.7183050567082248e-05,8.801242199995613,True
screen,Stab_pi8,3212275105,0.0,53.38126442716508,0.037466328710307285,0.003125,9600,0.16681645133489087,4.699267909580307e-06,6.139278411865234e-06,3.554565043417668e-07,0.0005962017583147945,2.1620958870937095e-05,2.70175013046825e-05,6.987905699999828,True
screen,Stab_pi8,3212275105,0.0,53.38126442716508,0.037466328710307285,0.004,7500,0.21352505770866032,7.629306126744062e-06,8.463859558105469e-06,9.541023504588964e-07,0.000976781745502998,3.0367092294598446e-05,4.5430004760455e-05,5.68528850000439,True
screen,Stab_pi8,3212275105,0.0,53.38126442716508,0.037466328710307285,0.005,6000,0.2669063221358254,8.921448733434367e-06,1.1026859283447266e-05,2.3243718394461155e-06,0.0015245895153740338,3.978178640412719e-05,7.06492575676676e-05,4.720265600000857,True
screen,Stab_pi8,3212275105,0.0,53.38126442716508,0.037466328710307285,0.00625,4800,0.33363290266978174,1.4288613802260208e-05,1.6689300537109375e-05,5.655954871897073e-06,0.0023782268331527107,5.739535960528873e-05,0.00011106725046844401,3.948507100001734,False
screen,Stab_pi8,3212275105,0.5,53.38126442716508,0.037466328710307285,0.001,30000,0.05338126442716508,1.5089429062142834e-05,3.0159950256347656e-05,0.0002439479228198982,0.015619308636413459,2.7757632656968004e-05,1.4864549365056767e-05,21.197252600002685,False
screen,Stab_pi8,3212275105,0.5,53.38126442716508,0.037466328710307285,0.0016,18750,0.08541002308346413,3.8644987338187775e-05,7.724761962890625e-05,0.0015903617681238824,0.03988727345987534,7.130443832346922e-05,3.8191143596433275e-05,13.320723699995142,False
screen,Stab_pi8,3212275105,0.5,53.38126442716508,0.037466328710307285,0.002,15000,0.10676252885433016,6.0386128919565074e-05,0.00012063980102539062,0.00387042327757825,0.062242875790682,0.00011165449125923797,5.980012319833916e-05,10.731127599996398,False
screen,Stab_pi8,3212275105,0.5,53.38126442716508,0.037466328710307285,0.0025,12000,0.1334531610679127,9.435957890691071e-05,0.00018846988677978516,0.00934382852185145,0.09677684576902254,0.00017456670992648703,9.347920405550214e-05,9.207232200002181,False
screen,Stab_pi8,3212275105,0.5,53.38126442716508,0.037466328710307285,0.003125,9600,0.16681645133489087,0.00014766912501529283,0.00029456615447998047,0.02224217398365791,0.1495568367644063,0.00027311103284799075,0.00014623062211138738,7.15353750000213,False
screen,Stab_pi8,3212275105,0.5,53.38126442716508,0.037466328710307285,0.004,7500,0.21352505770866032,0.0002422560954877806,0.0004824995994567871,0.055647395242223174,0.23757919298698477,0.00044813788917550697,0.0002398929202064859,5.596962800002075,False
screen,Stab_pi8,3212275105,0.5,53.38126442716508,0.037466328710307285,0.005,6000,0.2669063221358254,0.00037809391995913266,0.0007540583610534668,0.11734052607486267,0.34785172998150105,0.0007013511269102753,0.00037533034747239125,4.438584499999706,False
screen,Stab_pi8,3212275105,0.5,53.38126442716508,0.037466328710307285,0.00625,4800,0.33363290266978174,0.0005934241486418301,0.0011785626411437988,0.21615192871813071,0.4788487283225944,0.0010986267693406252,0.0005877572357104732,3.7197164000026532,False
screen,Stab_pi0,3212275105,0.0,53.553506765258014,0.03734582702056531,0.001,30000,0.05355350676525802,3.712256203214359e-06,4.0531158447265625e-06,4.595013480823695e-09,6.778653529149443e-05,6.8625726389030695e-06,5.9157600423576095e-06,20.759764700000233,True
screen,Stab_pi0,3212275105,0.0,53.553506765258014,0.03734582702056531,0.0016,18750,0.08568561082441283,1.4820525360281778e-06,1.7881393432617188e-06,2.9258104827789566e-08,0.00017105000875483495,6.819676229703683e-06,8.257009319723174e-06,13.513434000000416,True
screen,Stab_pi0,3212275105,0.0,53.553506765258014,0.03734582702056531,0.002,15000,0.10710701353051603,2.1996375505484167e-06,2.8014183044433594e-06,7.171709892617173e-08,0.0002678004859634064,1.0290606164617996e-05,1.2728306972603631e-05,10.760484500002349,True
screen,Stab_pi0,3212275105,0.0,53.553506765258014,0.03734582702056531,0.0025,12000,0.13388376691314505,2.018750244192624e-06,2.5033950805664062e-06,1.743422064492961e-07,0.0004175430699073951,1.2812717387445826e-05,2.076021723237953e-05,8.706965699995635,True
screen,Stab_pi0,3212275105,0.0,53.553506765258014,0.03734582702056531,0.003125,9600,0.16735470864143132,4.8302618165241284e-06,6.020069122314453e-06,4.2583267179097106e-07,0.0006525585935316815,1.8400209845070374e-05,3.2107237586370685e-05,6.882075599998643,True
screen,Stab_pi0,3212275105,0.0,53.553506765258014,0.03734582702056531,0.004,7500,0.21421402706103207,5.4004767713333734e-06,6.258487701416016e-06,1.1426903077094153e-06,0.0010689670877465465,2.9609554845231324e-05,5.1733251124841395e-05,5.495031700003892,True
screen,Stab_pi0,3212275105,0.0,53.553506765258014,0.03734582702056531,0.005,6000,0.2677675338262901,9.00279147852956e-06,1.1265277862548828e-05,2.7828146609287785e-06,0.0016681776275612817,3.9703927133796875e-05,7.900033311342147e-05,4.443748699995922,True
screen,Stab_pi0,3212275105,0.0,53.553506765258014,0.03734582702056531,0.00625,4800,0.33470941728286263,1.444572008801881e-05,1.621246337890625e-05,6.768637087817275e-06,0.0026016626495158615,6.0062807245987444e-05,0.0001216114367459109,3.8685550000009243,False
screen,Stab_pi0,3212275105,0.5,53.553506765258014,0.03734582702056531,0.001,30000,0.05355350676525802,1.513969601685261e-05,3.0279159545898438e-05,0.0002466164173887675,0.015704509676379468,0.00021791098643070812,3.370673285574277e-05,20.940053700003773,False
screen,Stab_pi0,3212275105,0.5,53.553506765258014,0.03734582702056531,0.0016,18750,0.08568561082441283,3.8758372563285626e-05,7.748603820800781e-05,0.0016076351170932757,0.040103388381113644,0.0005569538274311432,8.819656347169857e-05,13.125647300003038,False
screen,Stab_pi0,3212275105,0.5,53.553506765258014,0.03734582702056531,0.002,15000,0.10710701353051603,6.0599053273491243e-05,0.00012111663818359375,0.003912190482773692,0.06257814550096183,0.0008711566540756311,0.000138572558442851,10.63688810000167,False
screen,Stab_pi0,3212275105,0.5,53.553506765258014,0.03734582702056531,0.0025,12000,0.13388376691314505,9.476246612194483e-05,0.00018918514251708984,0.009443401091729253,0.09729235037225396,0.0013606966409318091,0.00021689673956037936,8.773886199996923,False
screen,Stab_pi0,3212275105,0.5,53.553506765258014,0.03734582702056531,0.003125,9600,0.16735470864143132,0.00014808882165440185,0.0002956390380859375,0.02247229426651509,0.15033291085684536,0.0021259365064193883,0.0003391049723828754,7.152874500003236,False
screen,Stab_pi0,3212275105,0.5,53.553506765258014,0.03734582702056531,0.004,7500,0.21421402706103207,0.00024273438274580172,0.00048428773880004883,0.05617929257925636,0.23872849534816848,0.003476222678579252,0.0005545545703279364,5.64471809999668,False
screen,Stab_pi0,3212275105,0.5,53.553506765258014,0.03734582702056531,0.005,6000,0.2677675338262901,0.0003788505107952256,0.0007568001747131348,0.11829934434836908,0.34931599748319647,0.005396492357731162,0.0008621170031632985,4.658168499998283,False
screen,Stab_pi0,3212275105,0.5,53.553506765258014,0.03734582702056531,0.00625,4800,0.33470941728286263,0.000591555175685099,0.0011829137802124023,0.21751940908257927,0.4804595093916386,0.00829276271602138,0.0013348020490338008,3.7210747999997693,False
screen,Stab_pi0,3212275105,0.0,53.553506765258014,0.03734582702056531,0.00025,120000,0.013388376691314504,1.584447575653236e-05,1.5854835510253906e-05,3.4703284690351666e-10,1.8628833909824757e-05,1.7233235195301856e-05,2.206608978649882e-06,82.04400420000457,True
screen,Stab_pi0,3212275105,0.0,53.553506765258014,0.03734582702056531,0.0004,75000,0.021421402706103206,2.3340733230625688e-06,2.384185791015625e-06,2.2028356916337088e-10,1.484195755371697e-05,8.808772368569739e-06,3.2650575710335694e-06,51.37386829999741,True
screen,Stab_pi0,3212275105,0.0,53.553506765258014,0.03734582702056531,0.0005,60000,0.02677675338262901,3.8967705922043905e-06,3.814697265625e-06,4.165383593601746e-10,2.040926517396158e-05,9.586621867815461e-06,6.080499269922601e-06,41.15561680000246,True
screen,Stab_pi0,3212275105,0.0,53.553506765258014,0.03734582702056531,0.000625,48000,0.03347094172828626,2.3218101901090193e-06,2.3245811462402344e-06,7.769511700672638e-10,2.787385988203157e-05,7.937076603425967e-06,2.2382860236369595e-06,33.49473030000081,True
screen,Stab_pi0,3212275105,0.0,53.553506765258014,0.03734582702056531,0.0008,37500,0.04284280541220641,5.358714976422263e-06,5.245208740234375e-06,1.8603429907670943e-09,4.3131697947909277e-05,6.315806019797355e-06,3.196757435958153e-06,25.752605200003018,True
screen,Stab_pi0,3212275105,0.5,53.553506765258014,0.03734582702056531,0.00025,120000,0.013388376691314504,9.59498761665678e-07,1.9669532775878906e-06,1.0048309320165316e-06,0.0010024126801374648,1.399733286701172e-05,1.003453159231782e-06,82.71520500000042,True
screen,Stab_pi0,3212275105,0.5,53.553506765258014,0.03734582702056531,0.0004,75000,0.021421402706103206,2.421231252158762e-06,4.887580871582031e-06,6.264358435315032e-06,0.002502871999028848,3.458871250097201e-05,4.226350763025799e-06,52.15348649999942,True
screen,Stab_pi0,3212275105,0.5,53.553506765258014,0.03734582702056531,0.0005,60000,0.02677675338262901,3.796253603916e-06,7.62939453125e-06,1.5542489724018616e-05,0.003942404103388688,5.475468052047003e-05,7.454776629889359e-06,41.16649390000384,True
screen,Stab_pi0,3212275105,0.5,53.553506765258014,0.03734582702056531,0.000625,48000,0.03347094172828626,5.908204270488326e-06,1.1861324310302734e-05,3.747581926005772e-05,0.006121778366905102,8.478297130377522e-05,1.2320703336121674e-05,33.72833820000233,False
screen,Stab_pi0,3212275105,0.5,53.553506765258014,0.03734582702056531,0.0008,37500,0.04284280541220641,9.680688439650531e-06,1.9431114196777344e-05,0.00010063246256830638,0.010031699477987634,0.00013901292450262294,2.1034547430742734e-05,26.00400439999794,False
validation,Stab_pi4,3923535749,0.0,44.78330805531397,0.044659496737706514,0.002,15000,0.08956661611062794,1.2352357710132544e-05,1.3768672943115234e-05,3.509556412151227e-08,0.0001873381011966051,6.333936695684199e-05,9.81924997839334e-06,10.921216299997468,True
validation,Stab_pi4,3923535749,0.0,44.78330805531397,0.044659496737706514,0.0025,12000,0.11195827013828492,2.0004690720387686e-05,2.2232532501220703e-05,8.323890821060331e-08,0.00028851154268717545,9.555453316303003e-05,1.4698357210796154e-05,8.82121680000273,False
validation,Stab_pi4,3923535749,0.25,44.78330805531397,0.044659496737706514,0.002,15000,0.08956661611062794,3.619910207697252e-05,7.021427154541016e-05,0.0008162604260046891,0.028573187856645785,4.602879408340626e-05,3.0069546858080276e-05,10.56969360000221,True
validation,Stab_pi4,3923535749,0.25,44.78330805531397,0.044659496737706514,0.0025,12000,0.11195827013828492,5.645210749993801e-05,0.00010955333709716797,0.0019854260877705254,0.04456918830841219,7.185907113720072e-05,4.703884072565501e-05,8.607153899996774,True
validation,Stab_pi4,3923535749,0.5,44.78330805531397,0.044659496737706514,0.002,15000,0.08956661611062794,4.4462302580705604e-05,8.881092071533203e-05,0.0015473354869650624,0.039343798905002676,4.929022720377871e-05,4.182039300870688e-05,10.624390099997981,True
validation,Stab_pi4,3923535749,0.5,44.78330805531397,0.044659496737706514,0.0025,12000,0.11195827013828492,6.944379587936478e-05,0.00013870000839233398,0.0037591359682271897,0.0613406504674169,7.702579449038668e-05,6.540297841733933e-05,9.048265000004903,False
validation,Stab_pi4,3212275105,0.0,53.38126442716508,0.037466328710307285,0.002,15000,0.10676252885433016,2.1432160627332664e-06,2.205371856689453e-06,3.4856405650707245e-08,0.00018669870424367505,2.9404784530214818e-05,7.570953754643117e-06,10.966018700004497,True
validation,Stab_pi4,3212275105,0.0,53.38126442716508,0.037466328710307285,0.0025,12000,0.1334531610679127,2.159011611824191e-06,2.8014183044433594e-06,8.378416249676945e-08,0.0002894549433791544,3.124631995100842e-05,1.2225201326890311e-05,8.529998199999682,True
validation,Stab_pi4,3212275105,0.25,53.38126442716508,0.037466328710307285,0.002,15000,0.10676252885433016,4.580538374143739e-05,9.036064147949219e-05,0.0020314734299428094,0.045083325080392686,4.495729264942491e-05,4.015822234076927e-05,10.505472000004374,True
validation,Stab_pi4,3212275105,0.25,53.38126442716508,0.037466328710307285,0.0025,12000,0.1334531610679127,7.153396752590524e-05,0.000141143798828125,0.004916445148983373,0.07016055093641528,7.03279489803733e-05,6.278399423609304e-05,8.639691900003527,False
validation,Stab_pi4,3212275105,0.5,53.38126442716508,0.037466328710307285,0.002,15000,0.10676252885433016,6.0627534792634385e-05,0.00012028217315673828,0.0038370196881105656,0.061973441461080886,5.930272929162658e-05,5.357108274767208e-05,10.79031109999778,True
validation,Stab_pi4,3212275105,0.5,53.38126442716508,0.037466328710307285,0.0025,12000,0.1334531610679127,9.46640036406654e-05,0.00018793344497680664,0.009264031153712993,0.09636174906945971,9.26053931795869e-05,8.371237381665786e-05,8.700937400004477,False
validation,Stab_pi4,4130349263,0.0,43.13084033029151,0.04637053172820671,0.002,15000,0.08626168066058303,6.96430052482544e-06,8.881092071533203e-06,1.5273406650528898e-08,0.0001235856231100347,2.1928349260100398e-05,1.8599779094963242e-05,10.94060869999521,True
validation,Stab_pi4,4130349263,0.0,43.13084033029151,0.04637053172820671,0.0025,12000,0.10782710082572879,7.785057484333002e-06,8.881092071533203e-06,3.643128809738272e-08,0.00019086981980011216,3.0967618965394106e-05,2.712621137601623e-05,8.553550800002995,True
validation,Stab_pi4,4130349263,0.25,43.13084033029151,0.04637053172820671,0.002,15000,0.08626168066058303,2.9241583920924796e-05,5.793571472167969e-05,0.0005132186821436013,0.022655783972299486,3.5097714068753576e-05,2.3903325126806152e-05,10.743496600000071,True
validation,Stab_pi4,4130349263,0.25,43.13084033029151,0.04637053172820671,0.0025,12000,0.10782710082572879,4.576125204291959e-05,9.047985076904297e-05,0.001249080662672153,0.03534785647092787,5.480602719637868e-05,3.734739950433941e-05,8.579946899997594,True
validation,Stab_pi4,4130349263,0.5,43.13084033029151,0.04637053172820671,0.002,15000,0.08626168066058303,3.8050413340484646e-05,7.575750350952148e-05,0.0009802661630716747,0.031313040595307935,4.64198323482895e-05,3.194503260972592e-05,10.954742299996724,True
validation,Stab_pi4,4130349263,0.5,43.13084033029151,0.04637053172820671,0.0025,12000,0.10782710082572879,5.9457794274520026e-05,0.00011837482452392578,0.0023842346090597877,0.04884319245732735,7.245017691524141e-05,4.987845632431487e-05,8.78707939999731,True
validation,Stab_pi8,3923535749,0.0,44.649134707148896,0.04479370122439964,0.0016,18750,0.07143861553143824,9.90570302350502e-06,1.1086463928222656e-05,2.0017296820107333e-08,0.0001414824950965827,4.425677544088313e-05,8.739117870637525e-06,13.31021889999829,True
validation,Stab_pi8,3923535749,0.0,44.649134707148896,0.04479370122439964,0.002,15000,0.08929826941429779,1.1274547483064445e-05,1.4066696166992188e-05,4.8090859405824915e-08,0.00021929628396547595,6.508691811727029e-05,1.2246909811441942e-05,10.12645170000178,True
validation,Stab_pi8,3923535749,0.25,44.649134707148896,0.04479370122439964,0.0016,18750,0.07143861553143824,2.2784380907192592e-05,4.470348358154297e-05,0.0003307748485221751,0.01818796871688197,4.868505416511251e-05,1.910628392598479e-05,11.930415299997549,True
validation,Stab_pi8,3923535749,0.25,44.649134707148896,0.04479370122439964,0.002,15000,0.08929826941429779,3.5656258263960794e-05,6.99162483215332e-05,0.0008080994960110166,0.028429963387345263,7.60242725978452e-05,2.9931919776182703e-05,9.47812680000061,True
validation,Stab_pi8,3923535749,0.5,44.649134707148896,0.04479370122439964,0.0016,18750,0.07143861553143824,2.8340759387956993e-05,5.6624412536621094e-05,0.0006268989207937059,0.025039912183622996,5.3991086983745367e-05,2.7345989599747433e-05,11.665953299998364,True
validation,Stab_pi8,3923535749,0.5,44.649134707148896,0.04479370122439964,0.002,15000,0.08929826941429779,4.429822356399882e-05,8.845329284667969e-05,0.0015304129077592377,0.039127981000325204,8.450098573154685e-05,4.2878050447281435e-05,9.545415300002787,False
validation,Stab_pi8,3212275105,0.0,53.38126442716508,0.037466328710307285,0.0016,18750,0.08541002308346413,3.4936737058899325e-06,4.0531158447265625e-06,2.444573066195943e-08,0.00015635130788779324,1.3085897260862876e-05,7.496558040331891e-06,11.905681100004585,True
validation,Stab_pi8,3212275105,0.0,53.38126442716508,0.037466328710307285,0.002,15000,0.10676252885433016,2.1678476018749393e-06,1.6093254089355469e-06,5.980103945368853e-08,0.0002445425127920418,1.5554686832989023e-05,1.1699629954717294e-05,9.728016200002457,True
validation,Stab_pi8,3212275105,0.25,53.38126442716508,0.037466328710307285,0.0016,18750,0.08541002308346413,2.9120815929539745e-05,5.78761100769043e-05,0.0008395222430450655,0.02897755194015287,4.7540937971686916e-05,3.4844314902859885e-05,11.851084800000535,True
validation,Stab_pi8,3212275105,0.25,53.38126442716508,0.037466328710307285,0.002,15000,0.10676252885433016,4.5809267461560665e-05,9.047985076904297e-05,0.002045555642284924,0.045239394204904346,7.456557754474685e-05,5.459598049667447e-05,9.410907000004954,True
validation,Stab_pi8,3212275105,0.5,53.38126442716508,0.037466328710307285,0.0016,18750,0.08541002308346413,3.8644987338187775e-05,7.724761962890625e-05,0.0015903617681238824,0.03988727345987534,7.130443832346922e-05,3.8191143596433275e-05,11.731603100000939,True
validation,Stab_pi8,3212275105,0.5,53.38126442716508,0.037466328710307285,0.002,15000,0.10676252885433016,6.0386128919565074e-05,0.00012063980102539062,0.00387042327757825,0.062242875790682,0.00011165449125923797,5.980012319833916e-05,9.541809299997112,False
validation,Stab_pi8,4130349263,0.0,43.30913075768009,0.04617963845061324,0.0016,18750,0.06929460921228814,6.832613612561822e-06,7.927417755126953e-06,1.0964443353245201e-08,0.00010471123741515413,1.0619925976079269e-05,1.2446889442963016e-05,11.923494399998162,True
validation,Stab_pi8,4130349263,0.0,43.30913075768009,0.04617963845061324,0.002,15000,0.08661826151536017,3.76547265235061e-06,5.424022674560547e-06,2.700563972446446e-08,0.0001643339293142117,1.94926055338076e-05,1.7948972896919546e-05,9.590601599993533,True
validation,Stab_pi8,4130349263,0.25,43.30913075768009,0.04617963845061324,0.0016,18750,0.06929460921228814,1.862756718162828e-05,3.713369369506836e-05,0.00021123965488067942,0.014534469773811417,3.173681417644395e-05,1.4421258153984873e-05,11.726783600002818,True
validation,Stab_pi8,4130349263,0.25,43.30913075768009,0.04617963845061324,0.002,15000,0.08661826151536017,2.9273014060415825e-05,5.805492401123047e-05,0.0005163500074848448,0.0227248031681366,4.9619663921273034e-05,2.2552542161546896e-05,9.52818649999972,True
validation,Stab_pi8,4130349263,0.5,43.30913075768009,0.04617963845061324,0.0016,18750,0.06929460921228814,2.44553358830224e-05,4.863739013671875e-05,0.0004034362399112368,0.020086735382302698,5.07700335606672e-05,2.115130829483114e-05,11.904035399995337,True
validation,Stab_pi8,4130349263,0.5,43.30913075768009,0.04617963845061324,0.002,15000,0.08661826151536017,3.8228100799231335e-05,7.593631744384766e-05,0.000985557415627225,0.031397457957844106,7.935348105857465e-05,3.308961141190725e-05,9.678761300005135,True
validation,Stab_pi0,3923535749,0.0,44.472097749525474,0.0449720184387151,0.0005,60000,0.02223604887476274,8.906294681532145e-06,9.47713851928711e-06,2.991173975175343e-10,1.7295021782885825e-05,7.062097382269486e-06,4.45845035118575e-06,43.683264600003895,True
validation,Stab_pi0,3923535749,0.0,44.472097749525474,0.0449720184387151,0.000625,48000,0.02779506109345342,4.615068215141349e-06,4.291534423828125e-06,5.044356043981679e-10,2.2459648793915263e-05,7.655688595614257e-06,4.3581701656414396e-06,34.425840099997004,True
validation,Stab_pi0,3923535749,0.25,44.472097749525474,0.0449720184387151,0.0005,60000,0.02223604887476274,2.1815474690045633e-06,4.410743713378906e-06,3.170645070160738e-06,0.0017806312313038658,1.2212227051143131e-05,4.582944917452814e-06,43.88408580000396,True
validation,Stab_pi0,3923535749,0.25,44.472097749525474,0.0449720184387151,0.000625,48000,0.02779506109345342,3.405263911293588e-06,6.794929504394531e-06,7.586555792804539e-06,0.0027543729198562053,1.8224233791807366e-05,7.148282088365043e-06,34.72026800000458,True
validation,Stab_pi0,3923535749,0.5,44.472097749525474,0.0449720184387151,0.0005,60000,0.02223604887476274,2.7872300409903517e-06,5.602836608886719e-06,5.9930464376689585e-06,0.002448071774707009,1.5795893190987542e-05,6.350104722718797e-06,42.85787249999703,True
validation,Stab_pi0,3923535749,0.5,44.472097749525474,0.0449720184387151,0.000625,48000,0.02779506109345342,4.308635046190723e-06,8.64267349243164e-06,1.4390335606684346e-05,0.003793466406146829,2.4128843994052072e-05,9.98098289695104e-06,34.64249120000022,True
validation,Stab_pi0,3212275105,0.0,53.553506765258014,0.03734582702056531,0.0005,60000,0.02677675338262901,3.8967705922043905e-06,3.814697265625e-06,4.165383593601746e-10,2.040926517396158e-05,9.586621867815461e-06,6.080499269922601e-06,43.635829699996975,True
validation,Stab_pi0,3212275105,0.0,53.553506765258014,0.03734582702056531,0.000625,48000,0.03347094172828626,2.3218101901090193e-06,2.3245811462402344e-06,7.769511700672638e-10,2.787385988203157e-05,7.937076603425967e-06,2.2382860236369595e-06,35.53109310000582,True
validation,Stab_pi0,3212275105,0.25,53.553506765258014,0.03734582702056531,0.0005,60000,0.02677675338262901,2.8426868136088856e-06,5.7220458984375e-06,8.208892390726419e-06,0.0028651194106209276,3.0168100650943878e-05,9.655801517072238e-06,42.852917800002615,True
validation,Stab_pi0,3212275105,0.25,53.553506765258014,0.03734582702056531,0.000625,48000,0.03347094172828626,4.496752111116109e-06,8.940696716308594e-06,1.97538812140019e-05,0.004444544832472159,4.637921791645223e-05,1.5436218348485742e-05,35.22378380000009,True
validation,Stab_pi0,3212275105,0.5,53.553506765258014,0.03734582702056531,0.0005,60000,0.02677675338262901,3.796253603916e-06,7.62939453125e-06,1.5542489724018616e-05,0.003942404103388688,5.475468052047003e-05,7.454776629889359e-06,55.039445200003684,True
validation,Stab_pi0,3212275105,0.5,53.553506765258014,0.03734582702056531,0.000625,48000,0.03347094172828626,5.908204270488326e-06,1.1861324310302734e-05,3.747581926005772e-05,0.006121778366905102,8.478297130377522e-05,1.2320703336121674e-05,34.64891820000048,False
validation,Stab_pi0,4130349263,0.0,43.459623060110715,0.04601972725887938,0.0005,60000,0.02172981153005536,8.475023783982572e-06,8.702278137207031e-06,1.8733548046157011e-10,1.3687058516669747e-05,4.324156132816968e-06,3.7791996062574995e-06,43.130892799999856,True
validation,Stab_pi0,4130349263,0.0,43.459623060110715,0.04601972725887938,0.000625,48000,0.027162264412569196,5.443189595721876e-06,5.0067901611328125e-06,3.4790903491455083e-10,1.8652316301440637e-05,6.337535224184624e-06,2.412410199381654e-06,34.99317380000139,True
validation,Stab_pi0,4130349263,0.25,43.459623060110715,0.04601972725887938,0.0005,60000,0.02172981153005536,1.961885544132791e-06,3.7550926208496094e-06,2.077641001241304e-06,0.0014414028164334292,1.747231552414679e-05,1.182688837297885e-05,44.713140799998655,True
validation,Stab_pi0,4130349263,0.25,43.459623060110715,0.04601972725887938,0.000625,48000,0.027162264412569196,2.830848708335054e-06,5.7220458984375e-06,4.9538135942217565e-06,0.002225717800637513,2.6152505580509288e-05,1.8119776161062973e-05,34.7962736000045,True
validation,Stab_pi0,4130349263,0.5,43.459623060110715,0.04601972725887938,0.0005,60000,0.02172981153005536,2.375548469046862e-06,4.76837158203125e-06,3.954539098072196e-06,0.0019886032800524615,2.7561705714350648e-05,1.2647384524722138e-05,42.64765679999982,True
validation,Stab_pi0,4130349263,0.5,43.459623060110715,0.04601972725887938,0.000625,48000,0.027162264412569196,3.7285126139874336e-06,7.510185241699219e-06,9.462037222962572e-06,0.0030760460990546497,4.1616094240439125e-05,1.9437943470312913e-05,34.374639300003764,True
