dT,steps,spectral_radius_times_dT,max_norm_deviation,max_modified_norm_deviation,max_state_infidelity,final_state_infidelity,max_phase_aligned_state_l2_error,max_rhoS_trace_distance,max_S_vn_abs_error,max_MI_abs_error_vs_reference,max_Holevo_abs_error_vs_reference,max_Discord_abs_error_vs_reference,estimated_max_MI_abs_error,estimated_max_Holevo_abs_error,estimated_max_Discord_abs_error,wall_seconds,estimated_evolution_seconds,run_id
0.0004,75000,0.02135250577086603,2.384185791015625e-06,4.827976226806641e-06,6.19331346018992e-06,6.19331346018992e-06,0.0024886387940209163,2.4375783806418457e-06,3.9267591889213804e-06,0.0,0.0,0.0,0.0,0.0,0.0,166.77123940000456,156.43580370303232,73def58ac660301fbd817dad9db2e96c8b4bd4f2792d2f5582af5d9bd2cae024
0.000625,48000,0.03336329026697817,5.900859832763672e-06,1.1801719665527344e-05,3.706413028503608e-05,3.706413028503608e-05,0.006088059931229871,5.8918310043607694e-06,9.768014376909662e-06,2.5941168560694727e-05,1.8067912256614083e-05,2.229421511965035e-05,4.393829363261302e-05,3.060283241296423e-05,3.776120447095249e-05,115.30696819999866,98.25811198711392,4b80c44e8b19be0965c5b1d83209b4fe32edb869048d73bffd90a2e889a025ff
0.0006666666666666666,45000,0.03558750961811005,6.735324859619141e-06,1.3470649719238281e-05,4.805091098425418e-05,4.805091098425418e-05,0.006931918076372348,6.699657868973825e-06,1.1198525851519037e-05,3.535519627961836e-05,2.485563568560556e-05,2.992996764472622e-05,5.52424941869037e-05,3.883693075875869e-05,4.676557444488472e-05,102.39144450000458,92.15370730496943,bf1d2197d0c6777db8dd0bdb5911e2c19d91140a91cd80473b578522f93904da
0.0008,37500,0.04270501154173206,9.655952453613281e-06,1.9311904907226562e-05,9.953626431868923e-05,9.953626431868923e-05,0.009976910408892672,9.621731567935196e-06,1.6086106723101068e-05,7.311868316983716e-05,5.368960097434927e-05,6.318436076929723e-05,9.749157755978288e-05,7.15861346324657e-05,8.424581435906298e-05,94.47764080000343,72.53836182178934,f3a2c867ec147b470ee28d862b652064e414ee5e2d7d3e05bb059888b1b438e1
0.0008333333333333334,36000,0.044484387022637566,1.049041748046875e-05,2.09808349609375e-05,0.00011761762409134846,0.00011761762409134846,0.01084532538781405,1.0462471674605475e-05,1.7576222842485834e-05,8.713936104487452e-05,6.287434272927994e-05,7.549089418840138e-05,0.0001132268204845043,8.16974307812889e-05,9.809107872713276e-05,83.68571689999953,65.20534851551055,49be219293406a8c9afe6cbf3fb96668628029b2b697ade25a2b3576c67ee36f
0.0009090909090909091,33000,0.04852842220651371,1.2516975402832031e-05,2.4974346160888672e-05,0.00016633393797604867,0.00016633393797604867,0.01289731969419733,1.2438202727148587e-05,2.091408294990771e-05,0.00012041935149353922,8.869729925076175e-05,0.00010607108737434312,0.000149329552943377,0.00010999169053913908,0.00013153656668445326,75.02374289999716,59.800039175190015,96695080984d5e465a552295aabdea87eb8aa0854941dfc3bcd36785e2b512e5
0.0009523809523809524,31500,0.05083929945444293,1.3709068298339844e-05,2.7418136596679688e-05,0.0002001424221609316,0.0002001424221609316,0.01414752407343306,1.3638533488938336e-05,2.282143158272021e-05,0.00014306254246654326,0.00010687138047804634,0.00012584883124072688,0.00017370391265971743,0.00012976126818606889,0.00015280334050598213,73.03145439999935,58.35174400135874,88dc1911d25cfb0d51ce518ece0802cee66f606df159520cb82ba5bb26b8cfb3
0.001,30000,0.05338126442716508,1.5079975128173828e-05,3.0159950256347656e-05,0.0002439479228198982,0.0002439479228198982,0.015619308636413459,1.5058787904913802e-05,2.5205617373735834e-05,0.00017278553808430797,0.00012930133581123826,0.0001524698342358355,0.00020569706914798567,0.00015393016168004556,0.00018151170742361367,83.79121049999958,61.00190888978539,551ccef9a4f41997c075a941591e348ad6e14aa286d6eb61b8b8c963526d2d76
0.00125,24000,0.06672658053395635,2.3543834686279297e-05,4.7147274017333984e-05,0.0005933740639091356,0.0005933740639091356,0.024361077833827578,2.346164014937403e-05,3.945112747505419e-05,0.0003927385105805259,0.0003011899305483401,0.00035081444252221816,0.0004375429039444362,0.00033555027913139497,0.0003908360545033625,69.08130520000122,49.975488056838486,b42017dcb9f5a8b29610bf95c493108791e5184b111f01a09f0bf84fe1cd8ccf
0.0016,18750,0.08541002308346413,3.8623809814453125e-05,7.724761962890625e-05,0.0015903617681238824,0.0015903617681238824,0.03988727345987534,3.842897437531842e-05,6.460428757026904e-05,0.0009522240828064854,0.0007445600575633482,0.0008586599167077491,0.0010157056883269178,0.0007941973947342381,0.0009159039111549323,60.54909570000018,39.096023975405835,cc84b31828dbb7d7b49197045430b8a5cbc88151d9dbd84300e260533ebbd72a
0.002,15000,0.10676252885433016,6.031990051269531e-05,0.00012058019638061523,0.00387042327757825,0.00387042327757825,0.062242875790682,6.006605969132502e-05,0.00010114193481758349,0.002088315784931183,0.001650568844356548,0.0018921364040972999,0.002175328942636649,0.0017193425462047377,0.0019709754209346875,51.468975300005695,30.72436317913234,5201623f5b6d40bb811d5efcdf89eb1b36dde7802f7d1dbef673189af9334463
